run_id	track	job_id	system_id	instance_id	system_ref	input_ref	software	version	runner	threads	field	order	hardware_track	timeout_s	memory_limit_mb	peak_memory_mb	status	exit_code	wall_time_seconds	process_wall_time_seconds	started_at_utc	finished_at_utc	runner_host	runner_os	runner_processor	runner_machine	runner_cpu_count	runner_word_size	runner_python	log_ref	command
apply-akt_pathway-groebner	apply_vs_axf4__snowy_sky_otter	apply-akt_pathway-groebner	akt_pathway	akt_pathway	systems/akt_pathway/akt_pathway.md	systems/akt_pathway/txt/akt_pathway.txt	Groebner.groebner	0.10.3	groebner_jl	1	GF(2147483647)	degrevlex		3600	32768	720	ok	0	2.472620879	9.079463	2026-05-17T16:06:39Z	2026-05-17T16:06:48Z	calcul-ouragan	Linux-6.1.0-1029-oem-x86_64-with-glibc2.35	13th Gen Intel(R) Core(TM) i9-13900	x86_64	32	64	3.10.12	results/apply_vs_axf4__snowy_sky_otter/logs/apply-akt_pathway-groebner.log	/home/ademin/.juliaup/bin/julia --startup-file=no /tmp/gbbench-groebner-jl-jpir987z/groebner_jl_worker.jl --input /home/ademin/GroebnerBenchmark/systems/akt_pathway/txt/akt_pathway.txt --field GF(2147483647) --order degrevlex --threads 1 --method groebner
apply-akt_pathway-groebner-apply	apply_vs_axf4__snowy_sky_otter	apply-akt_pathway-groebner-apply	akt_pathway	akt_pathway	systems/akt_pathway/akt_pathway.md	systems/akt_pathway/txt/akt_pathway.txt	Groebner.groebner_apply!	0.10.3	groebner_jl	1	GF(2147483647)	degrevlex		3600	32768	720	ok	0	0.691062897	15.025545	2026-05-17T16:06:48Z	2026-05-17T16:07:03Z	calcul-ouragan	Linux-6.1.0-1029-oem-x86_64-with-glibc2.35	13th Gen Intel(R) Core(TM) i9-13900	x86_64	32	64	3.10.12	results/apply_vs_axf4__snowy_sky_otter/logs/apply-akt_pathway-groebner-apply.log	/home/ademin/.juliaup/bin/julia --startup-file=no /tmp/gbbench-groebner-jl-jpir987z/groebner_jl_worker.jl --input /home/ademin/GroebnerBenchmark/systems/akt_pathway/txt/akt_pathway.txt --field GF(2147483647) --order degrevlex --threads 1 --method groebner_apply!
apply-akt_pathway-groebner-apply-x4	apply_vs_axf4__snowy_sky_otter	apply-akt_pathway-groebner-apply-x4	akt_pathway	akt_pathway	systems/akt_pathway/akt_pathway.md	systems/akt_pathway/txt/akt_pathway.txt	Groebner.groebner_apply! x4	0.10.3	groebner_jl	1	GF(2147483647)	degrevlex		3600	32768	805	ok	0	0.1944893945	16.274617	2026-05-17T16:07:03Z	2026-05-17T16:07:19Z	calcul-ouragan	Linux-6.1.0-1029-oem-x86_64-with-glibc2.35	13th Gen Intel(R) Core(TM) i9-13900	x86_64	32	64	3.10.12	results/apply_vs_axf4__snowy_sky_otter/logs/apply-akt_pathway-groebner-apply-x4.log	"/home/ademin/.juliaup/bin/julia --startup-file=no /tmp/gbbench-groebner-jl-jpir987z/groebner_jl_worker.jl --input /home/ademin/GroebnerBenchmark/systems/akt_pathway/txt/akt_pathway.txt --field GF(2147483647) --order degrevlex --threads 1 --method ""groebner_apply! x4"""
apply-akt_pathway-axf4-t1	apply_vs_axf4__snowy_sky_otter	apply-akt_pathway-axf4-t1	akt_pathway	akt_pathway	systems/akt_pathway/akt_pathway.md	systems/akt_pathway/txt/akt_pathway.txt	axf4 -t 1	local-copy	axf4	1	GF(2147483647)	degrevlex		3600	32768	287	ok	0	6.494345	6.494345	2026-05-17T16:07:19Z	2026-05-17T16:07:26Z	calcul-ouragan	Linux-6.1.0-1029-oem-x86_64-with-glibc2.35	13th Gen Intel(R) Core(TM) i9-13900	x86_64	32	64	3.10.12	results/apply_vs_axf4__snowy_sky_otter/logs/apply-akt_pathway-axf4-t1.log	/home/ademin/GroebnerBenchmark/../axgrob/axf4 -p 2147483647 -v [Akt_0,Akt_1,Akt_2,Akt_3,Akt_4,Akt_5,EGF_EGFR_0,EGF_EGFR_1,EGF_EGFR_2,EGF_EGFR_3,EGF_EGFR_4,EGF_EGFR_5,S6_0,S6_1,S6_2,S6_3,S6_4,pAkt_0,pAkt_1,pAkt_2,pAkt_3,pAkt_4,pAkt_5,pAkt_S6_0,pAkt_S6_1,pAkt_S6_2,pAkt_S6_3,pAkt_S6_4,pAkt_S6_5,pEGFR_0,pEGFR_1,pEGFR_2,pEGFR_3,pEGFR_4,pEGFR_5,pEGFR_6,pEGFR_Akt_0,pEGFR_Akt_1,pEGFR_Akt_2,pEGFR_Akt_3,pEGFR_Akt_4,pEGFR_Akt_5,pEGFR_Akt_6,pS6_0,pS6_1,pS6_2,pS6_3,pS6_4,pS6_5,reaction_2_k2_0,reaction_3_k1_0,reaction_4_k1_0,reaction_5_k1_0,reaction_6_k1_0,reaction_7_k1_0,reaction_8_k1_0,reaction_9_k1_0] -t 1 /tmp/gbbench-axf4-954j7dhk/akt_pathway.txt
apply-akt_pathway-axf4-t8	apply_vs_axf4__snowy_sky_otter	apply-akt_pathway-axf4-t8	akt_pathway	akt_pathway	systems/akt_pathway/akt_pathway.md	systems/akt_pathway/txt/akt_pathway.txt	axf4 -t 8	local-copy	axf4	8	GF(2147483647)	degrevlex		3600	32768	294	ok	0	3.071030	3.071030	2026-05-17T16:07:26Z	2026-05-17T16:07:29Z	calcul-ouragan	Linux-6.1.0-1029-oem-x86_64-with-glibc2.35	13th Gen Intel(R) Core(TM) i9-13900	x86_64	32	64	3.10.12	results/apply_vs_axf4__snowy_sky_otter/logs/apply-akt_pathway-axf4-t8.log	/home/ademin/GroebnerBenchmark/../axgrob/axf4 -p 2147483647 -v [Akt_0,Akt_1,Akt_2,Akt_3,Akt_4,Akt_5,EGF_EGFR_0,EGF_EGFR_1,EGF_EGFR_2,EGF_EGFR_3,EGF_EGFR_4,EGF_EGFR_5,S6_0,S6_1,S6_2,S6_3,S6_4,pAkt_0,pAkt_1,pAkt_2,pAkt_3,pAkt_4,pAkt_5,pAkt_S6_0,pAkt_S6_1,pAkt_S6_2,pAkt_S6_3,pAkt_S6_4,pAkt_S6_5,pEGFR_0,pEGFR_1,pEGFR_2,pEGFR_3,pEGFR_4,pEGFR_5,pEGFR_6,pEGFR_Akt_0,pEGFR_Akt_1,pEGFR_Akt_2,pEGFR_Akt_3,pEGFR_Akt_4,pEGFR_Akt_5,pEGFR_Akt_6,pS6_0,pS6_1,pS6_2,pS6_3,pS6_4,pS6_5,reaction_2_k2_0,reaction_3_k1_0,reaction_4_k1_0,reaction_5_k1_0,reaction_6_k1_0,reaction_7_k1_0,reaction_8_k1_0,reaction_9_k1_0] -t 8 /tmp/gbbench-axf4-kl9hs0vm/akt_pathway.txt
apply-alea6-groebner	apply_vs_axf4__snowy_sky_otter	apply-alea6-groebner	alea6	alea6	systems/alea6/alea6.md	systems/alea6/txt/alea6.txt	Groebner.groebner	0.10.3	groebner_jl	1	GF(2147483647)	degrevlex		3600	32768	562	ok	0	0.042471463	1.825614	2026-05-17T16:07:29Z	2026-05-17T16:07:31Z	calcul-ouragan	Linux-6.1.0-1029-oem-x86_64-with-glibc2.35	13th Gen Intel(R) Core(TM) i9-13900	x86_64	32	64	3.10.12	results/apply_vs_axf4__snowy_sky_otter/logs/apply-alea6-groebner.log	/home/ademin/.juliaup/bin/julia --startup-file=no /tmp/gbbench-groebner-jl-jpir987z/groebner_jl_worker.jl --input /home/ademin/GroebnerBenchmark/systems/alea6/txt/alea6.txt --field GF(2147483647) --order degrevlex --threads 1 --method groebner
apply-alea6-groebner-apply	apply_vs_axf4__snowy_sky_otter	apply-alea6-groebner-apply	alea6	alea6	systems/alea6/alea6.md	systems/alea6/txt/alea6.txt	Groebner.groebner_apply!	0.10.3	groebner_jl	1	GF(2147483647)	degrevlex		3600	32768	567	ok	0	0.019308865	1.645736	2026-05-17T16:07:31Z	2026-05-17T16:07:32Z	calcul-ouragan	Linux-6.1.0-1029-oem-x86_64-with-glibc2.35	13th Gen Intel(R) Core(TM) i9-13900	x86_64	32	64	3.10.12	results/apply_vs_axf4__snowy_sky_otter/logs/apply-alea6-groebner-apply.log	/home/ademin/.juliaup/bin/julia --startup-file=no /tmp/gbbench-groebner-jl-jpir987z/groebner_jl_worker.jl --input /home/ademin/GroebnerBenchmark/systems/alea6/txt/alea6.txt --field GF(2147483647) --order degrevlex --threads 1 --method groebner_apply!
apply-alea6-groebner-apply-x4	apply_vs_axf4__snowy_sky_otter	apply-alea6-groebner-apply-x4	alea6	alea6	systems/alea6/alea6.md	systems/alea6/txt/alea6.txt	Groebner.groebner_apply! x4	0.10.3	groebner_jl	1	GF(2147483647)	degrevlex		3600	32768	620	ok	0	0.01334324525	3.071295	2026-05-17T16:07:32Z	2026-05-17T16:07:35Z	calcul-ouragan	Linux-6.1.0-1029-oem-x86_64-with-glibc2.35	13th Gen Intel(R) Core(TM) i9-13900	x86_64	32	64	3.10.12	results/apply_vs_axf4__snowy_sky_otter/logs/apply-alea6-groebner-apply-x4.log	"/home/ademin/.juliaup/bin/julia --startup-file=no /tmp/gbbench-groebner-jl-jpir987z/groebner_jl_worker.jl --input /home/ademin/GroebnerBenchmark/systems/alea6/txt/alea6.txt --field GF(2147483647) --order degrevlex --threads 1 --method ""groebner_apply! x4"""
apply-alea6-axf4-t1	apply_vs_axf4__snowy_sky_otter	apply-alea6-axf4-t1	alea6	alea6	systems/alea6/alea6.md	systems/alea6/txt/alea6.txt	axf4 -t 1	local-copy	axf4	1	GF(2147483647)	degrevlex		3600	32768	49	ok	0	0.314953	0.314953	2026-05-17T16:07:35Z	2026-05-17T16:07:36Z	calcul-ouragan	Linux-6.1.0-1029-oem-x86_64-with-glibc2.35	13th Gen Intel(R) Core(TM) i9-13900	x86_64	32	64	3.10.12	results/apply_vs_axf4__snowy_sky_otter/logs/apply-alea6-axf4-t1.log	/home/ademin/GroebnerBenchmark/../axgrob/axf4 -p 2147483647 -v [x0,x1,x2,x3,x4,x5] -t 1 /tmp/gbbench-axf4-h5z3uzgo/alea6.txt
apply-alea6-axf4-t8	apply_vs_axf4__snowy_sky_otter	apply-alea6-axf4-t8	alea6	alea6	systems/alea6/alea6.md	systems/alea6/txt/alea6.txt	axf4 -t 8	local-copy	axf4	8	GF(2147483647)	degrevlex		3600	32768	51	ok	0	0.068787	0.068787	2026-05-17T16:07:36Z	2026-05-17T16:07:36Z	calcul-ouragan	Linux-6.1.0-1029-oem-x86_64-with-glibc2.35	13th Gen Intel(R) Core(TM) i9-13900	x86_64	32	64	3.10.12	results/apply_vs_axf4__snowy_sky_otter/logs/apply-alea6-axf4-t8.log	/home/ademin/GroebnerBenchmark/../axgrob/axf4 -p 2147483647 -v [x0,x1,x2,x3,x4,x5] -t 8 /tmp/gbbench-axf4-g1nfkjy4/alea6.txt
apply-bayes148-groebner	apply_vs_axf4__snowy_sky_otter	apply-bayes148-groebner	bayes148	bayes148	systems/bayes148/bayes148.md	systems/bayes148/txt/bayes148.txt	Groebner.groebner	0.10.3	groebner_jl	1	GF(2147483647)	degrevlex		3600	32768	2588	ok	0	12.150457934	27.181250	2026-05-17T16:07:36Z	2026-05-17T16:08:03Z	calcul-ouragan	Linux-6.1.0-1029-oem-x86_64-with-glibc2.35	13th Gen Intel(R) Core(TM) i9-13900	x86_64	32	64	3.10.12	results/apply_vs_axf4__snowy_sky_otter/logs/apply-bayes148-groebner.log	/home/ademin/.juliaup/bin/julia --startup-file=no /tmp/gbbench-groebner-jl-jpir987z/groebner_jl_worker.jl --input /home/ademin/GroebnerBenchmark/systems/bayes148/txt/bayes148.txt --field GF(2147483647) --order degrevlex --threads 1 --method groebner
apply-bayes148-groebner-apply	apply_vs_axf4__snowy_sky_otter	apply-bayes148-groebner-apply	bayes148	bayes148	systems/bayes148/bayes148.md	systems/bayes148/txt/bayes148.txt	Groebner.groebner_apply!	0.10.3	groebner_jl	1	GF(2147483647)	degrevlex		3600	32768	2063	ok	0	0.244619903	29.694614	2026-05-17T16:08:03Z	2026-05-17T16:08:33Z	calcul-ouragan	Linux-6.1.0-1029-oem-x86_64-with-glibc2.35	13th Gen Intel(R) Core(TM) i9-13900	x86_64	32	64	3.10.12	results/apply_vs_axf4__snowy_sky_otter/logs/apply-bayes148-groebner-apply.log	/home/ademin/.juliaup/bin/julia --startup-file=no /tmp/gbbench-groebner-jl-jpir987z/groebner_jl_worker.jl --input /home/ademin/GroebnerBenchmark/systems/bayes148/txt/bayes148.txt --field GF(2147483647) --order degrevlex --threads 1 --method groebner_apply!
apply-bayes148-groebner-apply-x4	apply_vs_axf4__snowy_sky_otter	apply-bayes148-groebner-apply-x4	bayes148	bayes148	systems/bayes148/bayes148.md	systems/bayes148/txt/bayes148.txt	Groebner.groebner_apply! x4	0.10.3	groebner_jl	1	GF(2147483647)	degrevlex		3600	32768	2307	ok	0	0.22101935925	32.341038	2026-05-17T16:08:33Z	2026-05-17T16:09:05Z	calcul-ouragan	Linux-6.1.0-1029-oem-x86_64-with-glibc2.35	13th Gen Intel(R) Core(TM) i9-13900	x86_64	32	64	3.10.12	results/apply_vs_axf4__snowy_sky_otter/logs/apply-bayes148-groebner-apply-x4.log	"/home/ademin/.juliaup/bin/julia --startup-file=no /tmp/gbbench-groebner-jl-jpir987z/groebner_jl_worker.jl --input /home/ademin/GroebnerBenchmark/systems/bayes148/txt/bayes148.txt --field GF(2147483647) --order degrevlex --threads 1 --method ""groebner_apply! x4"""
apply-bayes148-axf4-t1	apply_vs_axf4__snowy_sky_otter	apply-bayes148-axf4-t1	bayes148	bayes148	systems/bayes148/bayes148.md	systems/bayes148/txt/bayes148.txt	axf4 -t 1	local-copy	axf4	1	GF(2147483647)	degrevlex		3600	32768	511	ok	0	53.761527	53.761527	2026-05-17T16:09:05Z	2026-05-17T16:09:59Z	calcul-ouragan	Linux-6.1.0-1029-oem-x86_64-with-glibc2.35	13th Gen Intel(R) Core(TM) i9-13900	x86_64	32	64	3.10.12	results/apply_vs_axf4__snowy_sky_otter/logs/apply-bayes148-axf4-t1.log	/home/ademin/GroebnerBenchmark/../axgrob/axf4 -p 2147483647 -v [x1,x2,x3,x4,x5,x6,x7,x8,x9,x10,x11,x12,x13,x14,x15,x16,x17,x18,x19,x20,x21,x22,x23,x24,x25,x26,x27,x28,x29,x30,x31,x32] -t 1 /tmp/gbbench-axf4-3791j8ul/bayes148.txt
apply-bayes148-axf4-t8	apply_vs_axf4__snowy_sky_otter	apply-bayes148-axf4-t8	bayes148	bayes148	systems/bayes148/bayes148.md	systems/bayes148/txt/bayes148.txt	axf4 -t 8	local-copy	axf4	8	GF(2147483647)	degrevlex		3600	32768	545	ok	0	16.228511	16.228511	2026-05-17T16:09:59Z	2026-05-17T16:10:15Z	calcul-ouragan	Linux-6.1.0-1029-oem-x86_64-with-glibc2.35	13th Gen Intel(R) Core(TM) i9-13900	x86_64	32	64	3.10.12	results/apply_vs_axf4__snowy_sky_otter/logs/apply-bayes148-axf4-t8.log	/home/ademin/GroebnerBenchmark/../axgrob/axf4 -p 2147483647 -v [x1,x2,x3,x4,x5,x6,x7,x8,x9,x10,x11,x12,x13,x14,x15,x16,x17,x18,x19,x20,x21,x22,x23,x24,x25,x26,x27,x28,x29,x30,x31,x32] -t 8 /tmp/gbbench-axf4-lwyu6sks/bayes148.txt
apply-boon-groebner	apply_vs_axf4__snowy_sky_otter	apply-boon-groebner	boon	boon	systems/boon/boon.md	systems/boon/txt/boon.txt	Groebner.groebner	0.10.3	groebner_jl	1	GF(2147483647)	degrevlex		3600	32768	547	ok	0	0.000245177	1.566038	2026-05-17T16:10:15Z	2026-05-17T16:10:17Z	calcul-ouragan	Linux-6.1.0-1029-oem-x86_64-with-glibc2.35	13th Gen Intel(R) Core(TM) i9-13900	x86_64	32	64	3.10.12	results/apply_vs_axf4__snowy_sky_otter/logs/apply-boon-groebner.log	/home/ademin/.juliaup/bin/julia --startup-file=no /tmp/gbbench-groebner-jl-jpir987z/groebner_jl_worker.jl --input /home/ademin/GroebnerBenchmark/systems/boon/txt/boon.txt --field GF(2147483647) --order degrevlex --threads 1 --method groebner
apply-boon-groebner-apply	apply_vs_axf4__snowy_sky_otter	apply-boon-groebner-apply	boon	boon	systems/boon/boon.md	systems/boon/txt/boon.txt	Groebner.groebner_apply!	0.10.3	groebner_jl	1	GF(2147483647)	degrevlex		3600	32768	548	ok	0	8.1325e-5	1.624850	2026-05-17T16:10:17Z	2026-05-17T16:10:18Z	calcul-ouragan	Linux-6.1.0-1029-oem-x86_64-with-glibc2.35	13th Gen Intel(R) Core(TM) i9-13900	x86_64	32	64	3.10.12	results/apply_vs_axf4__snowy_sky_otter/logs/apply-boon-groebner-apply.log	/home/ademin/.juliaup/bin/julia --startup-file=no /tmp/gbbench-groebner-jl-jpir987z/groebner_jl_worker.jl --input /home/ademin/GroebnerBenchmark/systems/boon/txt/boon.txt --field GF(2147483647) --order degrevlex --threads 1 --method groebner_apply!
apply-boon-groebner-apply-x4	apply_vs_axf4__snowy_sky_otter	apply-boon-groebner-apply-x4	boon	boon	systems/boon/boon.md	systems/boon/txt/boon.txt	Groebner.groebner_apply! x4	0.10.3	groebner_jl	1	GF(2147483647)	degrevlex		3600	32768	588	ok	0	0.00258317375	2.872362	2026-05-17T16:10:18Z	2026-05-17T16:10:21Z	calcul-ouragan	Linux-6.1.0-1029-oem-x86_64-with-glibc2.35	13th Gen Intel(R) Core(TM) i9-13900	x86_64	32	64	3.10.12	results/apply_vs_axf4__snowy_sky_otter/logs/apply-boon-groebner-apply-x4.log	"/home/ademin/.juliaup/bin/julia --startup-file=no /tmp/gbbench-groebner-jl-jpir987z/groebner_jl_worker.jl --input /home/ademin/GroebnerBenchmark/systems/boon/txt/boon.txt --field GF(2147483647) --order degrevlex --threads 1 --method ""groebner_apply! x4"""
apply-boon-axf4-t1	apply_vs_axf4__snowy_sky_otter	apply-boon-axf4-t1	boon	boon	systems/boon/boon.md	systems/boon/txt/boon.txt	axf4 -t 1	local-copy	axf4	1	GF(2147483647)	degrevlex		3600	32768	36	ok	0	0.023565	0.023565	2026-05-17T16:10:21Z	2026-05-17T16:10:21Z	calcul-ouragan	Linux-6.1.0-1029-oem-x86_64-with-glibc2.35	13th Gen Intel(R) Core(TM) i9-13900	x86_64	32	64	3.10.12	results/apply_vs_axf4__snowy_sky_otter/logs/apply-boon-axf4-t1.log	/home/ademin/GroebnerBenchmark/../axgrob/axf4 -p 2147483647 -v [s1,g1,s2,g2,C1,C2] -t 1 /tmp/gbbench-axf4-qynghe7u/boon.txt
apply-boon-axf4-t8	apply_vs_axf4__snowy_sky_otter	apply-boon-axf4-t8	boon	boon	systems/boon/boon.md	systems/boon/txt/boon.txt	axf4 -t 8	local-copy	axf4	8	GF(2147483647)	degrevlex		3600	32768	36	ok	0	0.030880	0.030880	2026-05-17T16:10:21Z	2026-05-17T16:10:21Z	calcul-ouragan	Linux-6.1.0-1029-oem-x86_64-with-glibc2.35	13th Gen Intel(R) Core(TM) i9-13900	x86_64	32	64	3.10.12	results/apply_vs_axf4__snowy_sky_otter/logs/apply-boon-axf4-t8.log	/home/ademin/GroebnerBenchmark/../axgrob/axf4 -p 2147483647 -v [s1,g1,s2,g2,C1,C2] -t 8 /tmp/gbbench-axf4-wk2ggbq4/boon.txt
apply-caprasse-groebner	apply_vs_axf4__snowy_sky_otter	apply-caprasse-groebner	caprasse	caprasse	systems/caprasse/caprasse.md	systems/caprasse/txt/caprasse.txt	Groebner.groebner	0.10.3	groebner_jl	1	GF(2147483647)	degrevlex		3600	32768	549	ok	0	0.000227609	1.589905	2026-05-17T16:10:21Z	2026-05-17T16:10:23Z	calcul-ouragan	Linux-6.1.0-1029-oem-x86_64-with-glibc2.35	13th Gen Intel(R) Core(TM) i9-13900	x86_64	32	64	3.10.12	results/apply_vs_axf4__snowy_sky_otter/logs/apply-caprasse-groebner.log	/home/ademin/.juliaup/bin/julia --startup-file=no /tmp/gbbench-groebner-jl-jpir987z/groebner_jl_worker.jl --input /home/ademin/GroebnerBenchmark/systems/caprasse/txt/caprasse.txt --field GF(2147483647) --order degrevlex --threads 1 --method groebner
apply-caprasse-groebner-apply	apply_vs_axf4__snowy_sky_otter	apply-caprasse-groebner-apply	caprasse	caprasse	systems/caprasse/caprasse.md	systems/caprasse/txt/caprasse.txt	Groebner.groebner_apply!	0.10.3	groebner_jl	1	GF(2147483647)	degrevlex		3600	32768	550	ok	0	8.8122e-5	1.585778	2026-05-17T16:10:23Z	2026-05-17T16:10:24Z	calcul-ouragan	Linux-6.1.0-1029-oem-x86_64-with-glibc2.35	13th Gen Intel(R) Core(TM) i9-13900	x86_64	32	64	3.10.12	results/apply_vs_axf4__snowy_sky_otter/logs/apply-caprasse-groebner-apply.log	/home/ademin/.juliaup/bin/julia --startup-file=no /tmp/gbbench-groebner-jl-jpir987z/groebner_jl_worker.jl --input /home/ademin/GroebnerBenchmark/systems/caprasse/txt/caprasse.txt --field GF(2147483647) --order degrevlex --threads 1 --method groebner_apply!
apply-caprasse-groebner-apply-x4	apply_vs_axf4__snowy_sky_otter	apply-caprasse-groebner-apply-x4	caprasse	caprasse	systems/caprasse/caprasse.md	systems/caprasse/txt/caprasse.txt	Groebner.groebner_apply! x4	0.10.3	groebner_jl	1	GF(2147483647)	degrevlex		3600	32768	588	ok	0	0.00259050875	2.884585	2026-05-17T16:10:24Z	2026-05-17T16:10:27Z	calcul-ouragan	Linux-6.1.0-1029-oem-x86_64-with-glibc2.35	13th Gen Intel(R) Core(TM) i9-13900	x86_64	32	64	3.10.12	results/apply_vs_axf4__snowy_sky_otter/logs/apply-caprasse-groebner-apply-x4.log	"/home/ademin/.juliaup/bin/julia --startup-file=no /tmp/gbbench-groebner-jl-jpir987z/groebner_jl_worker.jl --input /home/ademin/GroebnerBenchmark/systems/caprasse/txt/caprasse.txt --field GF(2147483647) --order degrevlex --threads 1 --method ""groebner_apply! x4"""
apply-caprasse-axf4-t1	apply_vs_axf4__snowy_sky_otter	apply-caprasse-axf4-t1	caprasse	caprasse	systems/caprasse/caprasse.md	systems/caprasse/txt/caprasse.txt	axf4 -t 1	local-copy	axf4	1	GF(2147483647)	degrevlex		3600	32768	28	ok	0	0.012219	0.012219	2026-05-17T16:10:27Z	2026-05-17T16:10:27Z	calcul-ouragan	Linux-6.1.0-1029-oem-x86_64-with-glibc2.35	13th Gen Intel(R) Core(TM) i9-13900	x86_64	32	64	3.10.12	results/apply_vs_axf4__snowy_sky_otter/logs/apply-caprasse-axf4-t1.log	/home/ademin/GroebnerBenchmark/../axgrob/axf4 -p 2147483647 -v [x,y,z,t] -t 1 /tmp/gbbench-axf4-hx9_ykcc/caprasse.txt
apply-caprasse-axf4-t8	apply_vs_axf4__snowy_sky_otter	apply-caprasse-axf4-t8	caprasse	caprasse	systems/caprasse/caprasse.md	systems/caprasse/txt/caprasse.txt	axf4 -t 8	local-copy	axf4	8	GF(2147483647)	degrevlex		3600	32768	28	ok	0	0.016885	0.016885	2026-05-17T16:10:27Z	2026-05-17T16:10:27Z	calcul-ouragan	Linux-6.1.0-1029-oem-x86_64-with-glibc2.35	13th Gen Intel(R) Core(TM) i9-13900	x86_64	32	64	3.10.12	results/apply_vs_axf4__snowy_sky_otter/logs/apply-caprasse-axf4-t8.log	/home/ademin/GroebnerBenchmark/../axgrob/axf4 -p 2147483647 -v [x,y,z,t] -t 8 /tmp/gbbench-axf4-72emi4_w/caprasse.txt
apply-ch10_sq_1-groebner	apply_vs_axf4__snowy_sky_otter	apply-ch10_sq_1-groebner	ch10_sq_1	ch10_sq_1	systems/ch10_sq_1/ch10_sq_1.md	systems/ch10_sq_1/txt/ch10_sq_1.txt	Groebner.groebner	0.10.3	groebner_jl	1	GF(2147483647)	degrevlex		3600	32768	606	ok	0	0.309168034	3.156873	2026-05-17T16:10:27Z	2026-05-17T16:10:30Z	calcul-ouragan	Linux-6.1.0-1029-oem-x86_64-with-glibc2.35	13th Gen Intel(R) Core(TM) i9-13900	x86_64	32	64	3.10.12	results/apply_vs_axf4__snowy_sky_otter/logs/apply-ch10_sq_1-groebner.log	/home/ademin/.juliaup/bin/julia --startup-file=no /tmp/gbbench-groebner-jl-jpir987z/groebner_jl_worker.jl --input /home/ademin/GroebnerBenchmark/systems/ch10_sq_1/txt/ch10_sq_1.txt --field GF(2147483647) --order degrevlex --threads 1 --method groebner
apply-ch10_sq_1-groebner-apply	apply_vs_axf4__snowy_sky_otter	apply-ch10_sq_1-groebner-apply	ch10_sq_1	ch10_sq_1	systems/ch10_sq_1/ch10_sq_1.md	systems/ch10_sq_1/txt/ch10_sq_1.txt	Groebner.groebner_apply!	0.10.3	groebner_jl	1	GF(2147483647)	degrevlex		3600	32768	645	ok	0	0.046140933	4.272250	2026-05-17T16:10:30Z	2026-05-17T16:10:35Z	calcul-ouragan	Linux-6.1.0-1029-oem-x86_64-with-glibc2.35	13th Gen Intel(R) Core(TM) i9-13900	x86_64	32	64	3.10.12	results/apply_vs_axf4__snowy_sky_otter/logs/apply-ch10_sq_1-groebner-apply.log	/home/ademin/.juliaup/bin/julia --startup-file=no /tmp/gbbench-groebner-jl-jpir987z/groebner_jl_worker.jl --input /home/ademin/GroebnerBenchmark/systems/ch10_sq_1/txt/ch10_sq_1.txt --field GF(2147483647) --order degrevlex --threads 1 --method groebner_apply!
apply-ch10_sq_1-groebner-apply-x4	apply_vs_axf4__snowy_sky_otter	apply-ch10_sq_1-groebner-apply-x4	ch10_sq_1	ch10_sq_1	systems/ch10_sq_1/ch10_sq_1.md	systems/ch10_sq_1/txt/ch10_sq_1.txt	Groebner.groebner_apply! x4	0.10.3	groebner_jl	1	GF(2147483647)	degrevlex		3600	32768	827	ok	0	0.05395955025	5.560194	2026-05-17T16:10:35Z	2026-05-17T16:10:40Z	calcul-ouragan	Linux-6.1.0-1029-oem-x86_64-with-glibc2.35	13th Gen Intel(R) Core(TM) i9-13900	x86_64	32	64	3.10.12	results/apply_vs_axf4__snowy_sky_otter/logs/apply-ch10_sq_1-groebner-apply-x4.log	"/home/ademin/.juliaup/bin/julia --startup-file=no /tmp/gbbench-groebner-jl-jpir987z/groebner_jl_worker.jl --input /home/ademin/GroebnerBenchmark/systems/ch10_sq_1/txt/ch10_sq_1.txt --field GF(2147483647) --order degrevlex --threads 1 --method ""groebner_apply! x4"""
apply-ch10_sq_1-axf4-t1	apply_vs_axf4__snowy_sky_otter	apply-ch10_sq_1-axf4-t1	ch10_sq_1	ch10_sq_1	systems/ch10_sq_1/ch10_sq_1.md	systems/ch10_sq_1/txt/ch10_sq_1.txt	axf4 -t 1	local-copy	axf4	1	GF(2147483647)	degrevlex		3600	32768	335	ok	0	17.392832	17.392832	2026-05-17T16:10:40Z	2026-05-17T16:10:58Z	calcul-ouragan	Linux-6.1.0-1029-oem-x86_64-with-glibc2.35	13th Gen Intel(R) Core(TM) i9-13900	x86_64	32	64	3.10.12	results/apply_vs_axf4__snowy_sky_otter/logs/apply-ch10_sq_1-axf4-t1.log	/home/ademin/GroebnerBenchmark/../axgrob/axf4 -p 2147483647 -v [H1,H2,H3,H4,H5,H6,H7,H8,H9,H10] -t 1 /tmp/gbbench-axf4-tzxmksge/ch10_sq_1.txt
apply-ch10_sq_1-axf4-t8	apply_vs_axf4__snowy_sky_otter	apply-ch10_sq_1-axf4-t8	ch10_sq_1	ch10_sq_1	systems/ch10_sq_1/ch10_sq_1.md	systems/ch10_sq_1/txt/ch10_sq_1.txt	axf4 -t 8	local-copy	axf4	8	GF(2147483647)	degrevlex		3600	32768	387	ok	0	3.316538	3.316538	2026-05-17T16:10:58Z	2026-05-17T16:11:01Z	calcul-ouragan	Linux-6.1.0-1029-oem-x86_64-with-glibc2.35	13th Gen Intel(R) Core(TM) i9-13900	x86_64	32	64	3.10.12	results/apply_vs_axf4__snowy_sky_otter/logs/apply-ch10_sq_1-axf4-t8.log	/home/ademin/GroebnerBenchmark/../axgrob/axf4 -p 2147483647 -v [H1,H2,H3,H4,H5,H6,H7,H8,H9,H10] -t 8 /tmp/gbbench-axf4-x7djz2_u/ch10_sq_1.txt
apply-ch6_sq_a-groebner	apply_vs_axf4__snowy_sky_otter	apply-ch6_sq_a-groebner	ch6_sq_a	ch6_sq_a	systems/ch6_sq_a/ch6_sq_a.md	systems/ch6_sq_a/txt/ch6_sq_a.txt	Groebner.groebner	0.10.3	groebner_jl	1	GF(2147483647)	degrevlex		3600	32768	704	ok	0	0.836238211	3.224769	2026-05-17T16:11:01Z	2026-05-17T16:11:04Z	calcul-ouragan	Linux-6.1.0-1029-oem-x86_64-with-glibc2.35	13th Gen Intel(R) Core(TM) i9-13900	x86_64	32	64	3.10.12	results/apply_vs_axf4__snowy_sky_otter/logs/apply-ch6_sq_a-groebner.log	/home/ademin/.juliaup/bin/julia --startup-file=no /tmp/gbbench-groebner-jl-jpir987z/groebner_jl_worker.jl --input /home/ademin/GroebnerBenchmark/systems/ch6_sq_a/txt/ch6_sq_a.txt --field GF(2147483647) --order degrevlex --threads 1 --method groebner
apply-ch6_sq_a-groebner-apply	apply_vs_axf4__snowy_sky_otter	apply-ch6_sq_a-groebner-apply	ch6_sq_a	ch6_sq_a	systems/ch6_sq_a/ch6_sq_a.md	systems/ch6_sq_a/txt/ch6_sq_a.txt	Groebner.groebner_apply!	0.10.3	groebner_jl	1	GF(2147483647)	degrevlex		3600	32768	828	ok	0	0.463572954	5.349826	2026-05-17T16:11:04Z	2026-05-17T16:11:10Z	calcul-ouragan	Linux-6.1.0-1029-oem-x86_64-with-glibc2.35	13th Gen Intel(R) Core(TM) i9-13900	x86_64	32	64	3.10.12	results/apply_vs_axf4__snowy_sky_otter/logs/apply-ch6_sq_a-groebner-apply.log	/home/ademin/.juliaup/bin/julia --startup-file=no /tmp/gbbench-groebner-jl-jpir987z/groebner_jl_worker.jl --input /home/ademin/GroebnerBenchmark/systems/ch6_sq_a/txt/ch6_sq_a.txt --field GF(2147483647) --order degrevlex --threads 1 --method groebner_apply!
apply-ch6_sq_a-groebner-apply-x4	apply_vs_axf4__snowy_sky_otter	apply-ch6_sq_a-groebner-apply-x4	ch6_sq_a	ch6_sq_a	systems/ch6_sq_a/ch6_sq_a.md	systems/ch6_sq_a/txt/ch6_sq_a.txt	Groebner.groebner_apply! x4	0.10.3	groebner_jl	1	GF(2147483647)	degrevlex		3600	32768	1090	ok	0	0.14781143525	7.033158	2026-05-17T16:11:10Z	2026-05-17T16:11:17Z	calcul-ouragan	Linux-6.1.0-1029-oem-x86_64-with-glibc2.35	13th Gen Intel(R) Core(TM) i9-13900	x86_64	32	64	3.10.12	results/apply_vs_axf4__snowy_sky_otter/logs/apply-ch6_sq_a-groebner-apply-x4.log	"/home/ademin/.juliaup/bin/julia --startup-file=no /tmp/gbbench-groebner-jl-jpir987z/groebner_jl_worker.jl --input /home/ademin/GroebnerBenchmark/systems/ch6_sq_a/txt/ch6_sq_a.txt --field GF(2147483647) --order degrevlex --threads 1 --method ""groebner_apply! x4"""
apply-ch6_sq_a-axf4-t1	apply_vs_axf4__snowy_sky_otter	apply-ch6_sq_a-axf4-t1	ch6_sq_a	ch6_sq_a	systems/ch6_sq_a/ch6_sq_a.md	systems/ch6_sq_a/txt/ch6_sq_a.txt	axf4 -t 1	local-copy	axf4	1	GF(2147483647)	degrevlex		3600	32768	156	ok	0	4.707806	4.707806	2026-05-17T16:11:17Z	2026-05-17T16:11:21Z	calcul-ouragan	Linux-6.1.0-1029-oem-x86_64-with-glibc2.35	13th Gen Intel(R) Core(TM) i9-13900	x86_64	32	64	3.10.12	results/apply_vs_axf4__snowy_sky_otter/logs/apply-ch6_sq_a-axf4-t1.log	/home/ademin/GroebnerBenchmark/../axgrob/axf4 -p 2147483647 -v [H1,H2,H3,H4,H5,H6] -t 1 /tmp/gbbench-axf4-edl27lmd/ch6_sq_a.txt
apply-ch6_sq_a-axf4-t8	apply_vs_axf4__snowy_sky_otter	apply-ch6_sq_a-axf4-t8	ch6_sq_a	ch6_sq_a	systems/ch6_sq_a/ch6_sq_a.md	systems/ch6_sq_a/txt/ch6_sq_a.txt	axf4 -t 8	local-copy	axf4	8	GF(2147483647)	degrevlex		3600	32768	182	ok	0	1.035627	1.035627	2026-05-17T16:11:21Z	2026-05-17T16:11:22Z	calcul-ouragan	Linux-6.1.0-1029-oem-x86_64-with-glibc2.35	13th Gen Intel(R) Core(TM) i9-13900	x86_64	32	64	3.10.12	results/apply_vs_axf4__snowy_sky_otter/logs/apply-ch6_sq_a-axf4-t8.log	/home/ademin/GroebnerBenchmark/../axgrob/axf4 -p 2147483647 -v [H1,H2,H3,H4,H5,H6] -t 8 /tmp/gbbench-axf4-go8e6d27/ch6_sq_a.txt
apply-chandra-10-groebner	apply_vs_axf4__snowy_sky_otter	apply-chandra-10-groebner	chandra	chandra-10	systems/chandra/chandra.md	systems/chandra/txt/chandra_10.txt	Groebner.groebner	0.10.3	groebner_jl	1	GF(2147483647)	degrevlex		3600	32768	584	ok	0	0.048264828	2.665586	2026-05-17T16:11:22Z	2026-05-17T16:11:25Z	calcul-ouragan	Linux-6.1.0-1029-oem-x86_64-with-glibc2.35	13th Gen Intel(R) Core(TM) i9-13900	x86_64	32	64	3.10.12	results/apply_vs_axf4__snowy_sky_otter/logs/apply-chandra-10-groebner.log	/home/ademin/.juliaup/bin/julia --startup-file=no /tmp/gbbench-groebner-jl-jpir987z/groebner_jl_worker.jl --input /home/ademin/GroebnerBenchmark/systems/chandra/txt/chandra_10.txt --field GF(2147483647) --order degrevlex --threads 1 --method groebner
apply-chandra-10-groebner-apply	apply_vs_axf4__snowy_sky_otter	apply-chandra-10-groebner-apply	chandra	chandra-10	systems/chandra/chandra.md	systems/chandra/txt/chandra_10.txt	Groebner.groebner_apply!	0.10.3	groebner_jl	1	GF(2147483647)	degrevlex		3600	32768	599	ok	0	0.00495359	3.212337	2026-05-17T16:11:25Z	2026-05-17T16:11:28Z	calcul-ouragan	Linux-6.1.0-1029-oem-x86_64-with-glibc2.35	13th Gen Intel(R) Core(TM) i9-13900	x86_64	32	64	3.10.12	results/apply_vs_axf4__snowy_sky_otter/logs/apply-chandra-10-groebner-apply.log	/home/ademin/.juliaup/bin/julia --startup-file=no /tmp/gbbench-groebner-jl-jpir987z/groebner_jl_worker.jl --input /home/ademin/GroebnerBenchmark/systems/chandra/txt/chandra_10.txt --field GF(2147483647) --order degrevlex --threads 1 --method groebner_apply!
apply-chandra-10-groebner-apply-x4	apply_vs_axf4__snowy_sky_otter	apply-chandra-10-groebner-apply-x4	chandra	chandra-10	systems/chandra/chandra.md	systems/chandra/txt/chandra_10.txt	Groebner.groebner_apply! x4	0.10.3	groebner_jl	1	GF(2147483647)	degrevlex		3600	32768	656	ok	0	0.00771100475	4.432484	2026-05-17T16:11:28Z	2026-05-17T16:11:33Z	calcul-ouragan	Linux-6.1.0-1029-oem-x86_64-with-glibc2.35	13th Gen Intel(R) Core(TM) i9-13900	x86_64	32	64	3.10.12	results/apply_vs_axf4__snowy_sky_otter/logs/apply-chandra-10-groebner-apply-x4.log	"/home/ademin/.juliaup/bin/julia --startup-file=no /tmp/gbbench-groebner-jl-jpir987z/groebner_jl_worker.jl --input /home/ademin/GroebnerBenchmark/systems/chandra/txt/chandra_10.txt --field GF(2147483647) --order degrevlex --threads 1 --method ""groebner_apply! x4"""
apply-chandra-10-axf4-t1	apply_vs_axf4__snowy_sky_otter	apply-chandra-10-axf4-t1	chandra	chandra-10	systems/chandra/chandra.md	systems/chandra/txt/chandra_10.txt	axf4 -t 1	local-copy	axf4	1	GF(2147483647)	degrevlex		3600	32768	77	ok	0	0.742936	0.742936	2026-05-17T16:11:33Z	2026-05-17T16:11:33Z	calcul-ouragan	Linux-6.1.0-1029-oem-x86_64-with-glibc2.35	13th Gen Intel(R) Core(TM) i9-13900	x86_64	32	64	3.10.12	results/apply_vs_axf4__snowy_sky_otter/logs/apply-chandra-10-axf4-t1.log	/home/ademin/GroebnerBenchmark/../axgrob/axf4 -p 2147483647 -v [H1,H2,H3,H4,H5,H6,H7,H8,H9,H10] -t 1 /tmp/gbbench-axf4-21lnpdms/chandra_10.txt
apply-chandra-10-axf4-t8	apply_vs_axf4__snowy_sky_otter	apply-chandra-10-axf4-t8	chandra	chandra-10	systems/chandra/chandra.md	systems/chandra/txt/chandra_10.txt	axf4 -t 8	local-copy	axf4	8	GF(2147483647)	degrevlex		3600	32768	81	ok	0	0.209510	0.209510	2026-05-17T16:11:33Z	2026-05-17T16:11:34Z	calcul-ouragan	Linux-6.1.0-1029-oem-x86_64-with-glibc2.35	13th Gen Intel(R) Core(TM) i9-13900	x86_64	32	64	3.10.12	results/apply_vs_axf4__snowy_sky_otter/logs/apply-chandra-10-axf4-t8.log	/home/ademin/GroebnerBenchmark/../axgrob/axf4 -p 2147483647 -v [H1,H2,H3,H4,H5,H6,H7,H8,H9,H10] -t 8 /tmp/gbbench-axf4-s1vd1cl5/chandra_10.txt
apply-chandra-11-groebner	apply_vs_axf4__snowy_sky_otter	apply-chandra-11-groebner	chandra	chandra-11	systems/chandra/chandra.md	systems/chandra/txt/chandra_11.txt	Groebner.groebner	0.10.3	groebner_jl	1	GF(2147483647)	degrevlex		3600	32768	630	ok	0	0.30502679	3.055889	2026-05-17T16:11:34Z	2026-05-17T16:11:37Z	calcul-ouragan	Linux-6.1.0-1029-oem-x86_64-with-glibc2.35	13th Gen Intel(R) Core(TM) i9-13900	x86_64	32	64	3.10.12	results/apply_vs_axf4__snowy_sky_otter/logs/apply-chandra-11-groebner.log	/home/ademin/.juliaup/bin/julia --startup-file=no /tmp/gbbench-groebner-jl-jpir987z/groebner_jl_worker.jl --input /home/ademin/GroebnerBenchmark/systems/chandra/txt/chandra_11.txt --field GF(2147483647) --order degrevlex --threads 1 --method groebner
apply-chandra-11-groebner-apply	apply_vs_axf4__snowy_sky_otter	apply-chandra-11-groebner-apply	chandra	chandra-11	systems/chandra/chandra.md	systems/chandra/txt/chandra_11.txt	Groebner.groebner_apply!	0.10.3	groebner_jl	1	GF(2147483647)	degrevlex		3600	32768	655	ok	0	0.017236265	3.787364	2026-05-17T16:11:37Z	2026-05-17T16:11:40Z	calcul-ouragan	Linux-6.1.0-1029-oem-x86_64-with-glibc2.35	13th Gen Intel(R) Core(TM) i9-13900	x86_64	32	64	3.10.12	results/apply_vs_axf4__snowy_sky_otter/logs/apply-chandra-11-groebner-apply.log	/home/ademin/.juliaup/bin/julia --startup-file=no /tmp/gbbench-groebner-jl-jpir987z/groebner_jl_worker.jl --input /home/ademin/GroebnerBenchmark/systems/chandra/txt/chandra_11.txt --field GF(2147483647) --order degrevlex --threads 1 --method groebner_apply!
apply-chandra-11-groebner-apply-x4	apply_vs_axf4__snowy_sky_otter	apply-chandra-11-groebner-apply-x4	chandra	chandra-11	systems/chandra/chandra.md	systems/chandra/txt/chandra_11.txt	Groebner.groebner_apply! x4	0.10.3	groebner_jl	1	GF(2147483647)	degrevlex		3600	32768	826	ok	0	0.04709289425	5.080054	2026-05-17T16:11:40Z	2026-05-17T16:11:45Z	calcul-ouragan	Linux-6.1.0-1029-oem-x86_64-with-glibc2.35	13th Gen Intel(R) Core(TM) i9-13900	x86_64	32	64	3.10.12	results/apply_vs_axf4__snowy_sky_otter/logs/apply-chandra-11-groebner-apply-x4.log	"/home/ademin/.juliaup/bin/julia --startup-file=no /tmp/gbbench-groebner-jl-jpir987z/groebner_jl_worker.jl --input /home/ademin/GroebnerBenchmark/systems/chandra/txt/chandra_11.txt --field GF(2147483647) --order degrevlex --threads 1 --method ""groebner_apply! x4"""
apply-chandra-11-axf4-t1	apply_vs_axf4__snowy_sky_otter	apply-chandra-11-axf4-t1	chandra	chandra-11	systems/chandra/chandra.md	systems/chandra/txt/chandra_11.txt	axf4 -t 1	local-copy	axf4	1	GF(2147483647)	degrevlex		3600	32768	117	ok	0	1.995572	1.995572	2026-05-17T16:11:45Z	2026-05-17T16:11:47Z	calcul-ouragan	Linux-6.1.0-1029-oem-x86_64-with-glibc2.35	13th Gen Intel(R) Core(TM) i9-13900	x86_64	32	64	3.10.12	results/apply_vs_axf4__snowy_sky_otter/logs/apply-chandra-11-axf4-t1.log	/home/ademin/GroebnerBenchmark/../axgrob/axf4 -p 2147483647 -v [H1,H2,H3,H4,H5,H6,H7,H8,H9,H10,H11] -t 1 /tmp/gbbench-axf4-x90su0i8/chandra_11.txt
apply-chandra-11-axf4-t8	apply_vs_axf4__snowy_sky_otter	apply-chandra-11-axf4-t8	chandra	chandra-11	systems/chandra/chandra.md	systems/chandra/txt/chandra_11.txt	axf4 -t 8	local-copy	axf4	8	GF(2147483647)	degrevlex		3600	32768	126	ok	0	0.651714	0.651714	2026-05-17T16:11:47Z	2026-05-17T16:11:48Z	calcul-ouragan	Linux-6.1.0-1029-oem-x86_64-with-glibc2.35	13th Gen Intel(R) Core(TM) i9-13900	x86_64	32	64	3.10.12	results/apply_vs_axf4__snowy_sky_otter/logs/apply-chandra-11-axf4-t8.log	/home/ademin/GroebnerBenchmark/../axgrob/axf4 -p 2147483647 -v [H1,H2,H3,H4,H5,H6,H7,H8,H9,H10,H11] -t 8 /tmp/gbbench-axf4-z9eanc2_/chandra_11.txt
apply-chandra-12-groebner	apply_vs_axf4__snowy_sky_otter	apply-chandra-12-groebner	chandra	chandra-12	systems/chandra/chandra.md	systems/chandra/txt/chandra_12.txt	Groebner.groebner	0.10.3	groebner_jl	1	GF(2147483647)	degrevlex		3600	32768	931	ok	0	1.169961804	4.935343	2026-05-17T16:11:48Z	2026-05-17T16:11:53Z	calcul-ouragan	Linux-6.1.0-1029-oem-x86_64-with-glibc2.35	13th Gen Intel(R) Core(TM) i9-13900	x86_64	32	64	3.10.12	results/apply_vs_axf4__snowy_sky_otter/logs/apply-chandra-12-groebner.log	/home/ademin/.juliaup/bin/julia --startup-file=no /tmp/gbbench-groebner-jl-jpir987z/groebner_jl_worker.jl --input /home/ademin/GroebnerBenchmark/systems/chandra/txt/chandra_12.txt --field GF(2147483647) --order degrevlex --threads 1 --method groebner
apply-chandra-12-groebner-apply	apply_vs_axf4__snowy_sky_otter	apply-chandra-12-groebner-apply	chandra	chandra-12	systems/chandra/chandra.md	systems/chandra/txt/chandra_12.txt	Groebner.groebner_apply!	0.10.3	groebner_jl	1	GF(2147483647)	degrevlex		3600	32768	856	ok	0	0.215485484	6.500401	2026-05-17T16:11:53Z	2026-05-17T16:12:00Z	calcul-ouragan	Linux-6.1.0-1029-oem-x86_64-with-glibc2.35	13th Gen Intel(R) Core(TM) i9-13900	x86_64	32	64	3.10.12	results/apply_vs_axf4__snowy_sky_otter/logs/apply-chandra-12-groebner-apply.log	/home/ademin/.juliaup/bin/julia --startup-file=no /tmp/gbbench-groebner-jl-jpir987z/groebner_jl_worker.jl --input /home/ademin/GroebnerBenchmark/systems/chandra/txt/chandra_12.txt --field GF(2147483647) --order degrevlex --threads 1 --method groebner_apply!
apply-chandra-12-groebner-apply-x4	apply_vs_axf4__snowy_sky_otter	apply-chandra-12-groebner-apply-x4	chandra	chandra-12	systems/chandra/chandra.md	systems/chandra/txt/chandra_12.txt	Groebner.groebner_apply! x4	0.10.3	groebner_jl	1	GF(2147483647)	degrevlex		3600	32768	1627	ok	0	0.06192527825	7.969610	2026-05-17T16:12:00Z	2026-05-17T16:12:08Z	calcul-ouragan	Linux-6.1.0-1029-oem-x86_64-with-glibc2.35	13th Gen Intel(R) Core(TM) i9-13900	x86_64	32	64	3.10.12	results/apply_vs_axf4__snowy_sky_otter/logs/apply-chandra-12-groebner-apply-x4.log	"/home/ademin/.juliaup/bin/julia --startup-file=no /tmp/gbbench-groebner-jl-jpir987z/groebner_jl_worker.jl --input /home/ademin/GroebnerBenchmark/systems/chandra/txt/chandra_12.txt --field GF(2147483647) --order degrevlex --threads 1 --method ""groebner_apply! x4"""
apply-chandra-12-axf4-t1	apply_vs_axf4__snowy_sky_otter	apply-chandra-12-axf4-t1	chandra	chandra-12	systems/chandra/chandra.md	systems/chandra/txt/chandra_12.txt	axf4 -t 1	local-copy	axf4	1	GF(2147483647)	degrevlex		3600	32768	268	ok	0	9.823705	9.823705	2026-05-17T16:12:08Z	2026-05-17T16:12:17Z	calcul-ouragan	Linux-6.1.0-1029-oem-x86_64-with-glibc2.35	13th Gen Intel(R) Core(TM) i9-13900	x86_64	32	64	3.10.12	results/apply_vs_axf4__snowy_sky_otter/logs/apply-chandra-12-axf4-t1.log	/home/ademin/GroebnerBenchmark/../axgrob/axf4 -p 2147483647 -v [H1,H2,H3,H4,H5,H6,H7,H8,H9,H10,H11,H12] -t 1 /tmp/gbbench-axf4-o0ry_tab/chandra_12.txt
apply-chandra-12-axf4-t8	apply_vs_axf4__snowy_sky_otter	apply-chandra-12-axf4-t8	chandra	chandra-12	systems/chandra/chandra.md	systems/chandra/txt/chandra_12.txt	axf4 -t 8	local-copy	axf4	8	GF(2147483647)	degrevlex		3600	32768	311	ok	0	2.659560	2.659560	2026-05-17T16:12:17Z	2026-05-17T16:12:20Z	calcul-ouragan	Linux-6.1.0-1029-oem-x86_64-with-glibc2.35	13th Gen Intel(R) Core(TM) i9-13900	x86_64	32	64	3.10.12	results/apply_vs_axf4__snowy_sky_otter/logs/apply-chandra-12-axf4-t8.log	/home/ademin/GroebnerBenchmark/../axgrob/axf4 -p 2147483647 -v [H1,H2,H3,H4,H5,H6,H7,H8,H9,H10,H11,H12] -t 8 /tmp/gbbench-axf4-_op6_cyd/chandra_12.txt
apply-chandra-13-groebner	apply_vs_axf4__snowy_sky_otter	apply-chandra-13-groebner	chandra	chandra-13	systems/chandra/chandra.md	systems/chandra/txt/chandra_13.txt	Groebner.groebner	0.10.3	groebner_jl	1	GF(2147483647)	degrevlex		3600	32768	1533	ok	0	5.492926689	13.850178	2026-05-17T16:12:20Z	2026-05-17T16:12:34Z	calcul-ouragan	Linux-6.1.0-1029-oem-x86_64-with-glibc2.35	13th Gen Intel(R) Core(TM) i9-13900	x86_64	32	64	3.10.12	results/apply_vs_axf4__snowy_sky_otter/logs/apply-chandra-13-groebner.log	/home/ademin/.juliaup/bin/julia --startup-file=no /tmp/gbbench-groebner-jl-jpir987z/groebner_jl_worker.jl --input /home/ademin/GroebnerBenchmark/systems/chandra/txt/chandra_13.txt --field GF(2147483647) --order degrevlex --threads 1 --method groebner
apply-chandra-13-groebner-apply	apply_vs_axf4__snowy_sky_otter	apply-chandra-13-groebner-apply	chandra	chandra-13	systems/chandra/chandra.md	systems/chandra/txt/chandra_13.txt	Groebner.groebner_apply!	0.10.3	groebner_jl	1	GF(2147483647)	degrevlex		3600	32768	1581	ok	0	0.545628676	22.654767	2026-05-17T16:12:34Z	2026-05-17T16:12:57Z	calcul-ouragan	Linux-6.1.0-1029-oem-x86_64-with-glibc2.35	13th Gen Intel(R) Core(TM) i9-13900	x86_64	32	64	3.10.12	results/apply_vs_axf4__snowy_sky_otter/logs/apply-chandra-13-groebner-apply.log	/home/ademin/.juliaup/bin/julia --startup-file=no /tmp/gbbench-groebner-jl-jpir987z/groebner_jl_worker.jl --input /home/ademin/GroebnerBenchmark/systems/chandra/txt/chandra_13.txt --field GF(2147483647) --order degrevlex --threads 1 --method groebner_apply!
apply-chandra-13-groebner-apply-x4	apply_vs_axf4__snowy_sky_otter	apply-chandra-13-groebner-apply-x4	chandra	chandra-13	systems/chandra/chandra.md	systems/chandra/txt/chandra_13.txt	Groebner.groebner_apply! x4	0.10.3	groebner_jl	1	GF(2147483647)	degrevlex		3600	32768	3720	ok	0	0.297012155	25.395326	2026-05-17T16:12:57Z	2026-05-17T16:13:22Z	calcul-ouragan	Linux-6.1.0-1029-oem-x86_64-with-glibc2.35	13th Gen Intel(R) Core(TM) i9-13900	x86_64	32	64	3.10.12	results/apply_vs_axf4__snowy_sky_otter/logs/apply-chandra-13-groebner-apply-x4.log	"/home/ademin/.juliaup/bin/julia --startup-file=no /tmp/gbbench-groebner-jl-jpir987z/groebner_jl_worker.jl --input /home/ademin/GroebnerBenchmark/systems/chandra/txt/chandra_13.txt --field GF(2147483647) --order degrevlex --threads 1 --method ""groebner_apply! x4"""
apply-chandra-13-axf4-t1	apply_vs_axf4__snowy_sky_otter	apply-chandra-13-axf4-t1	chandra	chandra-13	systems/chandra/chandra.md	systems/chandra/txt/chandra_13.txt	axf4 -t 1	local-copy	axf4	1	GF(2147483647)	degrevlex		3600	32768	723	ok	0	48.364715	48.364715	2026-05-17T16:13:22Z	2026-05-17T16:14:10Z	calcul-ouragan	Linux-6.1.0-1029-oem-x86_64-with-glibc2.35	13th Gen Intel(R) Core(TM) i9-13900	x86_64	32	64	3.10.12	results/apply_vs_axf4__snowy_sky_otter/logs/apply-chandra-13-axf4-t1.log	/home/ademin/GroebnerBenchmark/../axgrob/axf4 -p 2147483647 -v [H1,H2,H3,H4,H5,H6,H7,H8,H9,H10,H11,H12,H13] -t 1 /tmp/gbbench-axf4-6oqm3ksl/chandra_13.txt
apply-chandra-13-axf4-t8	apply_vs_axf4__snowy_sky_otter	apply-chandra-13-axf4-t8	chandra	chandra-13	systems/chandra/chandra.md	systems/chandra/txt/chandra_13.txt	axf4 -t 8	local-copy	axf4	8	GF(2147483647)	degrevlex		3600	32768	959	ok	0	11.302998	11.302998	2026-05-17T16:14:10Z	2026-05-17T16:14:22Z	calcul-ouragan	Linux-6.1.0-1029-oem-x86_64-with-glibc2.35	13th Gen Intel(R) Core(TM) i9-13900	x86_64	32	64	3.10.12	results/apply_vs_axf4__snowy_sky_otter/logs/apply-chandra-13-axf4-t8.log	/home/ademin/GroebnerBenchmark/../axgrob/axf4 -p 2147483647 -v [H1,H2,H3,H4,H5,H6,H7,H8,H9,H10,H11,H12,H13] -t 8 /tmp/gbbench-axf4-xy8i47ll/chandra_13.txt
apply-chandra-14-groebner	apply_vs_axf4__snowy_sky_otter	apply-chandra-14-groebner	chandra	chandra-14	systems/chandra/chandra.md	systems/chandra/txt/chandra_14.txt	Groebner.groebner	0.10.3	groebner_jl	1	GF(2147483647)	degrevlex		3600	32768	3898	ok	0	31.552436449	64.647875	2026-05-17T16:14:22Z	2026-05-17T16:15:26Z	calcul-ouragan	Linux-6.1.0-1029-oem-x86_64-with-glibc2.35	13th Gen Intel(R) Core(TM) i9-13900	x86_64	32	64	3.10.12	results/apply_vs_axf4__snowy_sky_otter/logs/apply-chandra-14-groebner.log	/home/ademin/.juliaup/bin/julia --startup-file=no /tmp/gbbench-groebner-jl-jpir987z/groebner_jl_worker.jl --input /home/ademin/GroebnerBenchmark/systems/chandra/txt/chandra_14.txt --field GF(2147483647) --order degrevlex --threads 1 --method groebner
apply-chandra-14-groebner-apply	apply_vs_axf4__snowy_sky_otter	apply-chandra-14-groebner-apply	chandra	chandra-14	systems/chandra/chandra.md	systems/chandra/txt/chandra_14.txt	Groebner.groebner_apply!	0.10.3	groebner_jl	1	GF(2147483647)	degrevlex		3600	32768	4549	ok	0	1.716678488	123.004528	2026-05-17T16:15:26Z	2026-05-17T16:17:29Z	calcul-ouragan	Linux-6.1.0-1029-oem-x86_64-with-glibc2.35	13th Gen Intel(R) Core(TM) i9-13900	x86_64	32	64	3.10.12	results/apply_vs_axf4__snowy_sky_otter/logs/apply-chandra-14-groebner-apply.log	/home/ademin/.juliaup/bin/julia --startup-file=no /tmp/gbbench-groebner-jl-jpir987z/groebner_jl_worker.jl --input /home/ademin/GroebnerBenchmark/systems/chandra/txt/chandra_14.txt --field GF(2147483647) --order degrevlex --threads 1 --method groebner_apply!
apply-chandra-14-groebner-apply-x4	apply_vs_axf4__snowy_sky_otter	apply-chandra-14-groebner-apply-x4	chandra	chandra-14	systems/chandra/chandra.md	systems/chandra/txt/chandra_14.txt	Groebner.groebner_apply! x4	0.10.3	groebner_jl	1	GF(2147483647)	degrevlex		3600	32768	11433	ok	0	0.9351608055	129.177256	2026-05-17T16:17:29Z	2026-05-17T16:19:38Z	calcul-ouragan	Linux-6.1.0-1029-oem-x86_64-with-glibc2.35	13th Gen Intel(R) Core(TM) i9-13900	x86_64	32	64	3.10.12	results/apply_vs_axf4__snowy_sky_otter/logs/apply-chandra-14-groebner-apply-x4.log	"/home/ademin/.juliaup/bin/julia --startup-file=no /tmp/gbbench-groebner-jl-jpir987z/groebner_jl_worker.jl --input /home/ademin/GroebnerBenchmark/systems/chandra/txt/chandra_14.txt --field GF(2147483647) --order degrevlex --threads 1 --method ""groebner_apply! x4"""
apply-chandra-14-axf4-t1	apply_vs_axf4__snowy_sky_otter	apply-chandra-14-axf4-t1	chandra	chandra-14	systems/chandra/chandra.md	systems/chandra/txt/chandra_14.txt	axf4 -t 1	local-copy	axf4	1	GF(2147483647)	degrevlex		3600	32768	2541	ok	0	280.645535	280.645535	2026-05-17T16:19:38Z	2026-05-17T16:24:19Z	calcul-ouragan	Linux-6.1.0-1029-oem-x86_64-with-glibc2.35	13th Gen Intel(R) Core(TM) i9-13900	x86_64	32	64	3.10.12	results/apply_vs_axf4__snowy_sky_otter/logs/apply-chandra-14-axf4-t1.log	/home/ademin/GroebnerBenchmark/../axgrob/axf4 -p 2147483647 -v [H1,H2,H3,H4,H5,H6,H7,H8,H9,H10,H11,H12,H13,H14] -t 1 /tmp/gbbench-axf4-w_82i7qe/chandra_14.txt
apply-chandra-14-axf4-t8	apply_vs_axf4__snowy_sky_otter	apply-chandra-14-axf4-t8	chandra	chandra-14	systems/chandra/chandra.md	systems/chandra/txt/chandra_14.txt	axf4 -t 8	local-copy	axf4	8	GF(2147483647)	degrevlex		3600	32768	3499	ok	0	68.547708	68.547708	2026-05-17T16:24:19Z	2026-05-17T16:25:28Z	calcul-ouragan	Linux-6.1.0-1029-oem-x86_64-with-glibc2.35	13th Gen Intel(R) Core(TM) i9-13900	x86_64	32	64	3.10.12	results/apply_vs_axf4__snowy_sky_otter/logs/apply-chandra-14-axf4-t8.log	/home/ademin/GroebnerBenchmark/../axgrob/axf4 -p 2147483647 -v [H1,H2,H3,H4,H5,H6,H7,H8,H9,H10,H11,H12,H13,H14] -t 8 /tmp/gbbench-axf4-m7h9zr3i/chandra_14.txt
apply-chandra-15-groebner	apply_vs_axf4__snowy_sky_otter	apply-chandra-15-groebner	chandra	chandra-15	systems/chandra/chandra.md	systems/chandra/txt/chandra_15.txt	Groebner.groebner	0.10.3	groebner_jl	1	GF(2147483647)	degrevlex		3600	32768	12180	ok	0	172.400495076	349.300676	2026-05-17T16:25:28Z	2026-05-17T16:31:17Z	calcul-ouragan	Linux-6.1.0-1029-oem-x86_64-with-glibc2.35	13th Gen Intel(R) Core(TM) i9-13900	x86_64	32	64	3.10.12	results/apply_vs_axf4__snowy_sky_otter/logs/apply-chandra-15-groebner.log	/home/ademin/.juliaup/bin/julia --startup-file=no /tmp/gbbench-groebner-jl-jpir987z/groebner_jl_worker.jl --input /home/ademin/GroebnerBenchmark/systems/chandra/txt/chandra_15.txt --field GF(2147483647) --order degrevlex --threads 1 --method groebner
apply-chandra-15-groebner-apply	apply_vs_axf4__snowy_sky_otter	apply-chandra-15-groebner-apply	chandra	chandra-15	systems/chandra/chandra.md	systems/chandra/txt/chandra_15.txt	Groebner.groebner_apply!	0.10.3	groebner_jl	1	GF(2147483647)	degrevlex		3600	32768	13027	ok	0	8.172931226	766.026357	2026-05-17T16:31:17Z	2026-05-17T16:44:03Z	calcul-ouragan	Linux-6.1.0-1029-oem-x86_64-with-glibc2.35	13th Gen Intel(R) Core(TM) i9-13900	x86_64	32	64	3.10.12	results/apply_vs_axf4__snowy_sky_otter/logs/apply-chandra-15-groebner-apply.log	/home/ademin/.juliaup/bin/julia --startup-file=no /tmp/gbbench-groebner-jl-jpir987z/groebner_jl_worker.jl --input /home/ademin/GroebnerBenchmark/systems/chandra/txt/chandra_15.txt --field GF(2147483647) --order degrevlex --threads 1 --method groebner_apply!
apply-chandra-15-groebner-apply-x4	apply_vs_axf4__snowy_sky_otter	apply-chandra-15-groebner-apply-x4	chandra	chandra-15	systems/chandra/chandra.md	systems/chandra/txt/chandra_15.txt	Groebner.groebner_apply! x4	0.10.3	groebner_jl	1	GF(2147483647)	degrevlex		3600	32768	28744	error	134	769.123353	769.123353	2026-05-17T16:44:03Z	2026-05-17T16:56:52Z	calcul-ouragan	Linux-6.1.0-1029-oem-x86_64-with-glibc2.35	13th Gen Intel(R) Core(TM) i9-13900	x86_64	32	64	3.10.12	results/apply_vs_axf4__snowy_sky_otter/logs/apply-chandra-15-groebner-apply-x4.log	"/home/ademin/.juliaup/bin/julia --startup-file=no /tmp/gbbench-groebner-jl-jpir987z/groebner_jl_worker.jl --input /home/ademin/GroebnerBenchmark/systems/chandra/txt/chandra_15.txt --field GF(2147483647) --order degrevlex --threads 1 --method ""groebner_apply! x4"""
apply-chandra-15-axf4-t1	apply_vs_axf4__snowy_sky_otter	apply-chandra-15-axf4-t1	chandra	chandra-15	systems/chandra/chandra.md	systems/chandra/txt/chandra_15.txt	axf4 -t 1	local-copy	axf4	1	GF(2147483647)	degrevlex		3600	32768	9256	ok	0	1596.048680	1596.048680	2026-05-17T16:56:52Z	2026-05-17T17:23:28Z	calcul-ouragan	Linux-6.1.0-1029-oem-x86_64-with-glibc2.35	13th Gen Intel(R) Core(TM) i9-13900	x86_64	32	64	3.10.12	results/apply_vs_axf4__snowy_sky_otter/logs/apply-chandra-15-axf4-t1.log	/home/ademin/GroebnerBenchmark/../axgrob/axf4 -p 2147483647 -v [H1,H2,H3,H4,H5,H6,H7,H8,H9,H10,H11,H12,H13,H14,H15] -t 1 /tmp/gbbench-axf4-7_nnjqd_/chandra_15.txt
apply-chandra-15-axf4-t8	apply_vs_axf4__snowy_sky_otter	apply-chandra-15-axf4-t8	chandra	chandra-15	systems/chandra/chandra.md	systems/chandra/txt/chandra_15.txt	axf4 -t 8	local-copy	axf4	8	GF(2147483647)	degrevlex		3600	32768	11531	ok	0	392.541986	392.541986	2026-05-17T17:23:28Z	2026-05-17T17:30:01Z	calcul-ouragan	Linux-6.1.0-1029-oem-x86_64-with-glibc2.35	13th Gen Intel(R) Core(TM) i9-13900	x86_64	32	64	3.10.12	results/apply_vs_axf4__snowy_sky_otter/logs/apply-chandra-15-axf4-t8.log	/home/ademin/GroebnerBenchmark/../axgrob/axf4 -p 2147483647 -v [H1,H2,H3,H4,H5,H6,H7,H8,H9,H10,H11,H12,H13,H14,H15] -t 8 /tmp/gbbench-axf4-zdxzsvg5/chandra_15.txt
apply-chandra-9-groebner	apply_vs_axf4__snowy_sky_otter	apply-chandra-9-groebner	chandra	chandra-9	systems/chandra/chandra.md	systems/chandra/txt/chandra_9.txt	Groebner.groebner	0.10.3	groebner_jl	1	GF(2147483647)	degrevlex		3600	32768	586	ok	0	0.009640402	2.595766	2026-05-17T17:30:01Z	2026-05-17T17:30:03Z	calcul-ouragan	Linux-6.1.0-1029-oem-x86_64-with-glibc2.35	13th Gen Intel(R) Core(TM) i9-13900	x86_64	32	64	3.10.12	results/apply_vs_axf4__snowy_sky_otter/logs/apply-chandra-9-groebner.log	/home/ademin/.juliaup/bin/julia --startup-file=no /tmp/gbbench-groebner-jl-jpir987z/groebner_jl_worker.jl --input /home/ademin/GroebnerBenchmark/systems/chandra/txt/chandra_9.txt --field GF(2147483647) --order degrevlex --threads 1 --method groebner
apply-chandra-9-groebner-apply	apply_vs_axf4__snowy_sky_otter	apply-chandra-9-groebner-apply	chandra	chandra-9	systems/chandra/chandra.md	systems/chandra/txt/chandra_9.txt	Groebner.groebner_apply!	0.10.3	groebner_jl	1	GF(2147483647)	degrevlex		3600	32768	591	ok	0	0.00153748	3.115957	2026-05-17T17:30:03Z	2026-05-17T17:30:06Z	calcul-ouragan	Linux-6.1.0-1029-oem-x86_64-with-glibc2.35	13th Gen Intel(R) Core(TM) i9-13900	x86_64	32	64	3.10.12	results/apply_vs_axf4__snowy_sky_otter/logs/apply-chandra-9-groebner-apply.log	/home/ademin/.juliaup/bin/julia --startup-file=no /tmp/gbbench-groebner-jl-jpir987z/groebner_jl_worker.jl --input /home/ademin/GroebnerBenchmark/systems/chandra/txt/chandra_9.txt --field GF(2147483647) --order degrevlex --threads 1 --method groebner_apply!
apply-chandra-9-groebner-apply-x4	apply_vs_axf4__snowy_sky_otter	apply-chandra-9-groebner-apply-x4	chandra	chandra-9	systems/chandra/chandra.md	systems/chandra/txt/chandra_9.txt	Groebner.groebner_apply! x4	0.10.3	groebner_jl	1	GF(2147483647)	degrevlex		3600	32768	615	ok	0	0.0037163635	4.285643	2026-05-17T17:30:06Z	2026-05-17T17:30:11Z	calcul-ouragan	Linux-6.1.0-1029-oem-x86_64-with-glibc2.35	13th Gen Intel(R) Core(TM) i9-13900	x86_64	32	64	3.10.12	results/apply_vs_axf4__snowy_sky_otter/logs/apply-chandra-9-groebner-apply-x4.log	"/home/ademin/.juliaup/bin/julia --startup-file=no /tmp/gbbench-groebner-jl-jpir987z/groebner_jl_worker.jl --input /home/ademin/GroebnerBenchmark/systems/chandra/txt/chandra_9.txt --field GF(2147483647) --order degrevlex --threads 1 --method ""groebner_apply! x4"""
apply-chandra-9-axf4-t1	apply_vs_axf4__snowy_sky_otter	apply-chandra-9-axf4-t1	chandra	chandra-9	systems/chandra/chandra.md	systems/chandra/txt/chandra_9.txt	axf4 -t 1	local-copy	axf4	1	GF(2147483647)	degrevlex		3600	32768	59	ok	0	0.247255	0.247255	2026-05-17T17:30:11Z	2026-05-17T17:30:11Z	calcul-ouragan	Linux-6.1.0-1029-oem-x86_64-with-glibc2.35	13th Gen Intel(R) Core(TM) i9-13900	x86_64	32	64	3.10.12	results/apply_vs_axf4__snowy_sky_otter/logs/apply-chandra-9-axf4-t1.log	/home/ademin/GroebnerBenchmark/../axgrob/axf4 -p 2147483647 -v [H1,H2,H3,H4,H5,H6,H7,H8,H9] -t 1 /tmp/gbbench-axf4-foure4bk/chandra_9.txt
apply-chandra-9-axf4-t8	apply_vs_axf4__snowy_sky_otter	apply-chandra-9-axf4-t8	chandra	chandra-9	systems/chandra/chandra.md	systems/chandra/txt/chandra_9.txt	axf4 -t 8	local-copy	axf4	8	GF(2147483647)	degrevlex		3600	32768	59	ok	0	0.077161	0.077161	2026-05-17T17:30:11Z	2026-05-17T17:30:11Z	calcul-ouragan	Linux-6.1.0-1029-oem-x86_64-with-glibc2.35	13th Gen Intel(R) Core(TM) i9-13900	x86_64	32	64	3.10.12	results/apply_vs_axf4__snowy_sky_otter/logs/apply-chandra-9-axf4-t8.log	/home/ademin/GroebnerBenchmark/../axgrob/axf4 -p 2147483647 -v [H1,H2,H3,H4,H5,H6,H7,H8,H9] -t 8 /tmp/gbbench-axf4-516p906f/chandra_9.txt
apply-Cholera-groebner	apply_vs_axf4__snowy_sky_otter	apply-Cholera-groebner	Cholera	Cholera	systems/Cholera/Cholera.md	systems/Cholera/txt/Cholera.txt	Groebner.groebner	0.10.3	groebner_jl	1	GF(2147483647)	degrevlex		3600	32768	933	ok	0	13.388350296	29.749934	2026-05-17T17:30:11Z	2026-05-17T17:30:41Z	calcul-ouragan	Linux-6.1.0-1029-oem-x86_64-with-glibc2.35	13th Gen Intel(R) Core(TM) i9-13900	x86_64	32	64	3.10.12	results/apply_vs_axf4__snowy_sky_otter/logs/apply-Cholera-groebner.log	/home/ademin/.juliaup/bin/julia --startup-file=no /tmp/gbbench-groebner-jl-jpir987z/groebner_jl_worker.jl --input /home/ademin/GroebnerBenchmark/systems/Cholera/txt/Cholera.txt --field GF(2147483647) --order degrevlex --threads 1 --method groebner
apply-Cholera-groebner-apply	apply_vs_axf4__snowy_sky_otter	apply-Cholera-groebner-apply	Cholera	Cholera	systems/Cholera/Cholera.md	systems/Cholera/txt/Cholera.txt	Groebner.groebner_apply!	0.10.3	groebner_jl	1	GF(2147483647)	degrevlex		3600	32768	889	ok	0	7.198646082	56.889116	2026-05-17T17:30:41Z	2026-05-17T17:31:38Z	calcul-ouragan	Linux-6.1.0-1029-oem-x86_64-with-glibc2.35	13th Gen Intel(R) Core(TM) i9-13900	x86_64	32	64	3.10.12	results/apply_vs_axf4__snowy_sky_otter/logs/apply-Cholera-groebner-apply.log	/home/ademin/.juliaup/bin/julia --startup-file=no /tmp/gbbench-groebner-jl-jpir987z/groebner_jl_worker.jl --input /home/ademin/GroebnerBenchmark/systems/Cholera/txt/Cholera.txt --field GF(2147483647) --order degrevlex --threads 1 --method groebner_apply!
apply-Cholera-groebner-apply-x4	apply_vs_axf4__snowy_sky_otter	apply-Cholera-groebner-apply-x4	Cholera	Cholera	systems/Cholera/Cholera.md	systems/Cholera/txt/Cholera.txt	Groebner.groebner_apply! x4	0.10.3	groebner_jl	1	GF(2147483647)	degrevlex		3600	32768	1035	ok	0	2.59453008375	64.084314	2026-05-17T17:31:38Z	2026-05-17T17:32:42Z	calcul-ouragan	Linux-6.1.0-1029-oem-x86_64-with-glibc2.35	13th Gen Intel(R) Core(TM) i9-13900	x86_64	32	64	3.10.12	results/apply_vs_axf4__snowy_sky_otter/logs/apply-Cholera-groebner-apply-x4.log	"/home/ademin/.juliaup/bin/julia --startup-file=no /tmp/gbbench-groebner-jl-jpir987z/groebner_jl_worker.jl --input /home/ademin/GroebnerBenchmark/systems/Cholera/txt/Cholera.txt --field GF(2147483647) --order degrevlex --threads 1 --method ""groebner_apply! x4"""
apply-Cholera-axf4-t1	apply_vs_axf4__snowy_sky_otter	apply-Cholera-axf4-t1	Cholera	Cholera	systems/Cholera/Cholera.md	systems/Cholera/txt/Cholera.txt	axf4 -t 1	local-copy	axf4	1	GF(2147483647)	degrevlex		3600	32768	194	ok	0	0.058474	0.058474	2026-05-17T17:32:42Z	2026-05-17T17:32:42Z	calcul-ouragan	Linux-6.1.0-1029-oem-x86_64-with-glibc2.35	13th Gen Intel(R) Core(TM) i9-13900	x86_64	32	64	3.10.12	results/apply_vs_axf4__snowy_sky_otter/logs/apply-Cholera-axf4-t1.log	/home/ademin/GroebnerBenchmark/../axgrob/axf4 -p 2147483647 -v [i_9,i_8,w_8,s_8,i_7,w_7,r_7,s_7,i_6,w_6,r_6,s_6,i_5,w_5,r_5,s_5,i_4,w_4,r_4,s_4,i_3,w_3,r_3,s_3,i_2,w_2,r_2,s_2,i_1,w_1,r_1,s_1,i_0,w_0,r_0,s_0,z_aux,mu_0,bi_0,bw_0,al_0,g_0,dz_0,k_0] -t 1 /tmp/gbbench-axf4-i_s7gll9/Cholera.txt
apply-Cholera-axf4-t8	apply_vs_axf4__snowy_sky_otter	apply-Cholera-axf4-t8	Cholera	Cholera	systems/Cholera/Cholera.md	systems/Cholera/txt/Cholera.txt	axf4 -t 8	local-copy	axf4	8	GF(2147483647)	degrevlex		3600	32768	195	ok	0	0.055658	0.055658	2026-05-17T17:32:42Z	2026-05-17T17:32:42Z	calcul-ouragan	Linux-6.1.0-1029-oem-x86_64-with-glibc2.35	13th Gen Intel(R) Core(TM) i9-13900	x86_64	32	64	3.10.12	results/apply_vs_axf4__snowy_sky_otter/logs/apply-Cholera-axf4-t8.log	/home/ademin/GroebnerBenchmark/../axgrob/axf4 -p 2147483647 -v [i_9,i_8,w_8,s_8,i_7,w_7,r_7,s_7,i_6,w_6,r_6,s_6,i_5,w_5,r_5,s_5,i_4,w_4,r_4,s_4,i_3,w_3,r_3,s_3,i_2,w_2,r_2,s_2,i_1,w_1,r_1,s_1,i_0,w_0,r_0,s_0,z_aux,mu_0,bi_0,bw_0,al_0,g_0,dz_0,k_0] -t 8 /tmp/gbbench-axf4-4cvm8imt/Cholera.txt
apply-cp_d_3_n_6_p_2-groebner	apply_vs_axf4__snowy_sky_otter	apply-cp_d_3_n_6_p_2-groebner	cp_d_3_n_6_p_2	cp_d_3_n_6_p_2	systems/cp_d_3_n_6_p_2/cp_d_3_n_6_p_2.md	systems/cp_d_3_n_6_p_2/txt/cp_d_3_n_6_p_2.txt	Groebner.groebner	0.10.3	groebner_jl	1	GF(2147483647)	degrevlex		3600	32768	570	ok	0	0.055323197	1.828634	2026-05-17T17:32:42Z	2026-05-17T17:32:44Z	calcul-ouragan	Linux-6.1.0-1029-oem-x86_64-with-glibc2.35	13th Gen Intel(R) Core(TM) i9-13900	x86_64	32	64	3.10.12	results/apply_vs_axf4__snowy_sky_otter/logs/apply-cp_d_3_n_6_p_2-groebner.log	/home/ademin/.juliaup/bin/julia --startup-file=no /tmp/gbbench-groebner-jl-jpir987z/groebner_jl_worker.jl --input /home/ademin/GroebnerBenchmark/systems/cp_d_3_n_6_p_2/txt/cp_d_3_n_6_p_2.txt --field GF(2147483647) --order degrevlex --threads 1 --method groebner
apply-cp_d_3_n_6_p_2-groebner-apply	apply_vs_axf4__snowy_sky_otter	apply-cp_d_3_n_6_p_2-groebner-apply	cp_d_3_n_6_p_2	cp_d_3_n_6_p_2	systems/cp_d_3_n_6_p_2/cp_d_3_n_6_p_2.md	systems/cp_d_3_n_6_p_2/txt/cp_d_3_n_6_p_2.txt	Groebner.groebner_apply!	0.10.3	groebner_jl	1	GF(2147483647)	degrevlex		3600	32768	591	ok	0	0.035672268	2.097930	2026-05-17T17:32:44Z	2026-05-17T17:32:46Z	calcul-ouragan	Linux-6.1.0-1029-oem-x86_64-with-glibc2.35	13th Gen Intel(R) Core(TM) i9-13900	x86_64	32	64	3.10.12	results/apply_vs_axf4__snowy_sky_otter/logs/apply-cp_d_3_n_6_p_2-groebner-apply.log	/home/ademin/.juliaup/bin/julia --startup-file=no /tmp/gbbench-groebner-jl-jpir987z/groebner_jl_worker.jl --input /home/ademin/GroebnerBenchmark/systems/cp_d_3_n_6_p_2/txt/cp_d_3_n_6_p_2.txt --field GF(2147483647) --order degrevlex --threads 1 --method groebner_apply!
apply-cp_d_3_n_6_p_2-groebner-apply-x4	apply_vs_axf4__snowy_sky_otter	apply-cp_d_3_n_6_p_2-groebner-apply-x4	cp_d_3_n_6_p_2	cp_d_3_n_6_p_2	systems/cp_d_3_n_6_p_2/cp_d_3_n_6_p_2.md	systems/cp_d_3_n_6_p_2/txt/cp_d_3_n_6_p_2.txt	Groebner.groebner_apply! x4	0.10.3	groebner_jl	1	GF(2147483647)	degrevlex		3600	32768	675	ok	0	0.01367902875	3.416327	2026-05-17T17:32:46Z	2026-05-17T17:32:49Z	calcul-ouragan	Linux-6.1.0-1029-oem-x86_64-with-glibc2.35	13th Gen Intel(R) Core(TM) i9-13900	x86_64	32	64	3.10.12	results/apply_vs_axf4__snowy_sky_otter/logs/apply-cp_d_3_n_6_p_2-groebner-apply-x4.log	"/home/ademin/.juliaup/bin/julia --startup-file=no /tmp/gbbench-groebner-jl-jpir987z/groebner_jl_worker.jl --input /home/ademin/GroebnerBenchmark/systems/cp_d_3_n_6_p_2/txt/cp_d_3_n_6_p_2.txt --field GF(2147483647) --order degrevlex --threads 1 --method ""groebner_apply! x4"""
apply-cp_d_3_n_6_p_2-axf4-t1	apply_vs_axf4__snowy_sky_otter	apply-cp_d_3_n_6_p_2-axf4-t1	cp_d_3_n_6_p_2	cp_d_3_n_6_p_2	systems/cp_d_3_n_6_p_2/cp_d_3_n_6_p_2.md	systems/cp_d_3_n_6_p_2/txt/cp_d_3_n_6_p_2.txt	axf4 -t 1	local-copy	axf4	1	GF(2147483647)	degrevlex		3600	32768	51	ok	0	0.325235	0.325235	2026-05-17T17:32:49Z	2026-05-17T17:32:50Z	calcul-ouragan	Linux-6.1.0-1029-oem-x86_64-with-glibc2.35	13th Gen Intel(R) Core(TM) i9-13900	x86_64	32	64	3.10.12	results/apply_vs_axf4__snowy_sky_otter/logs/apply-cp_d_3_n_6_p_2-axf4-t1.log	/home/ademin/GroebnerBenchmark/../axgrob/axf4 -p 2147483647 -v [x1,x2,x3,x4,x5,x6] -t 1 /tmp/gbbench-axf4-tisoqx2y/cp_d_3_n_6_p_2.txt
apply-cp_d_3_n_6_p_2-axf4-t8	apply_vs_axf4__snowy_sky_otter	apply-cp_d_3_n_6_p_2-axf4-t8	cp_d_3_n_6_p_2	cp_d_3_n_6_p_2	systems/cp_d_3_n_6_p_2/cp_d_3_n_6_p_2.md	systems/cp_d_3_n_6_p_2/txt/cp_d_3_n_6_p_2.txt	axf4 -t 8	local-copy	axf4	8	GF(2147483647)	degrevlex		3600	32768	53	ok	0	0.075769	0.075769	2026-05-17T17:32:50Z	2026-05-17T17:32:50Z	calcul-ouragan	Linux-6.1.0-1029-oem-x86_64-with-glibc2.35	13th Gen Intel(R) Core(TM) i9-13900	x86_64	32	64	3.10.12	results/apply_vs_axf4__snowy_sky_otter/logs/apply-cp_d_3_n_6_p_2-axf4-t8.log	/home/ademin/GroebnerBenchmark/../axgrob/axf4 -p 2147483647 -v [x1,x2,x3,x4,x5,x6] -t 8 /tmp/gbbench-axf4-2ih9n0l8/cp_d_3_n_6_p_2.txt
apply-cp_d_3_n_6_p_6-groebner	apply_vs_axf4__snowy_sky_otter	apply-cp_d_3_n_6_p_6-groebner	cp_d_3_n_6_p_6	cp_d_3_n_6_p_6	systems/cp_d_3_n_6_p_6/cp_d_3_n_6_p_6.md	systems/cp_d_3_n_6_p_6/txt/cp_d_3_n_6_p_6.txt	Groebner.groebner	0.10.3	groebner_jl	1	GF(2147483647)	degrevlex		3600	32768	569	ok	0	0.052348918	1.704707	2026-05-17T17:32:50Z	2026-05-17T17:32:51Z	calcul-ouragan	Linux-6.1.0-1029-oem-x86_64-with-glibc2.35	13th Gen Intel(R) Core(TM) i9-13900	x86_64	32	64	3.10.12	results/apply_vs_axf4__snowy_sky_otter/logs/apply-cp_d_3_n_6_p_6-groebner.log	/home/ademin/.juliaup/bin/julia --startup-file=no /tmp/gbbench-groebner-jl-jpir987z/groebner_jl_worker.jl --input /home/ademin/GroebnerBenchmark/systems/cp_d_3_n_6_p_6/txt/cp_d_3_n_6_p_6.txt --field GF(2147483647) --order degrevlex --threads 1 --method groebner
apply-cp_d_3_n_6_p_6-groebner-apply	apply_vs_axf4__snowy_sky_otter	apply-cp_d_3_n_6_p_6-groebner-apply	cp_d_3_n_6_p_6	cp_d_3_n_6_p_6	systems/cp_d_3_n_6_p_6/cp_d_3_n_6_p_6.md	systems/cp_d_3_n_6_p_6/txt/cp_d_3_n_6_p_6.txt	Groebner.groebner_apply!	0.10.3	groebner_jl	1	GF(2147483647)	degrevlex		3600	32768	587	ok	0	0.029724243	1.833596	2026-05-17T17:32:51Z	2026-05-17T17:32:53Z	calcul-ouragan	Linux-6.1.0-1029-oem-x86_64-with-glibc2.35	13th Gen Intel(R) Core(TM) i9-13900	x86_64	32	64	3.10.12	results/apply_vs_axf4__snowy_sky_otter/logs/apply-cp_d_3_n_6_p_6-groebner-apply.log	/home/ademin/.juliaup/bin/julia --startup-file=no /tmp/gbbench-groebner-jl-jpir987z/groebner_jl_worker.jl --input /home/ademin/GroebnerBenchmark/systems/cp_d_3_n_6_p_6/txt/cp_d_3_n_6_p_6.txt --field GF(2147483647) --order degrevlex --threads 1 --method groebner_apply!
apply-cp_d_3_n_6_p_6-groebner-apply-x4	apply_vs_axf4__snowy_sky_otter	apply-cp_d_3_n_6_p_6-groebner-apply-x4	cp_d_3_n_6_p_6	cp_d_3_n_6_p_6	systems/cp_d_3_n_6_p_6/cp_d_3_n_6_p_6.md	systems/cp_d_3_n_6_p_6/txt/cp_d_3_n_6_p_6.txt	Groebner.groebner_apply! x4	0.10.3	groebner_jl	1	GF(2147483647)	degrevlex		3600	32768	664	ok	0	0.0122894445	3.245225	2026-05-17T17:32:53Z	2026-05-17T17:32:56Z	calcul-ouragan	Linux-6.1.0-1029-oem-x86_64-with-glibc2.35	13th Gen Intel(R) Core(TM) i9-13900	x86_64	32	64	3.10.12	results/apply_vs_axf4__snowy_sky_otter/logs/apply-cp_d_3_n_6_p_6-groebner-apply-x4.log	"/home/ademin/.juliaup/bin/julia --startup-file=no /tmp/gbbench-groebner-jl-jpir987z/groebner_jl_worker.jl --input /home/ademin/GroebnerBenchmark/systems/cp_d_3_n_6_p_6/txt/cp_d_3_n_6_p_6.txt --field GF(2147483647) --order degrevlex --threads 1 --method ""groebner_apply! x4"""
apply-cp_d_3_n_6_p_6-axf4-t1	apply_vs_axf4__snowy_sky_otter	apply-cp_d_3_n_6_p_6-axf4-t1	cp_d_3_n_6_p_6	cp_d_3_n_6_p_6	systems/cp_d_3_n_6_p_6/cp_d_3_n_6_p_6.md	systems/cp_d_3_n_6_p_6/txt/cp_d_3_n_6_p_6.txt	axf4 -t 1	local-copy	axf4	1	GF(2147483647)	degrevlex		3600	32768	50	ok	0	0.261434	0.261434	2026-05-17T17:32:56Z	2026-05-17T17:32:57Z	calcul-ouragan	Linux-6.1.0-1029-oem-x86_64-with-glibc2.35	13th Gen Intel(R) Core(TM) i9-13900	x86_64	32	64	3.10.12	results/apply_vs_axf4__snowy_sky_otter/logs/apply-cp_d_3_n_6_p_6-axf4-t1.log	/home/ademin/GroebnerBenchmark/../axgrob/axf4 -p 2147483647 -v [x1,x2,x3,x4,x5,x6] -t 1 /tmp/gbbench-axf4-ah69oo_8/cp_d_3_n_6_p_6.txt
apply-cp_d_3_n_6_p_6-axf4-t8	apply_vs_axf4__snowy_sky_otter	apply-cp_d_3_n_6_p_6-axf4-t8	cp_d_3_n_6_p_6	cp_d_3_n_6_p_6	systems/cp_d_3_n_6_p_6/cp_d_3_n_6_p_6.md	systems/cp_d_3_n_6_p_6/txt/cp_d_3_n_6_p_6.txt	axf4 -t 8	local-copy	axf4	8	GF(2147483647)	degrevlex		3600	32768	52	ok	0	0.066882	0.066882	2026-05-17T17:32:57Z	2026-05-17T17:32:57Z	calcul-ouragan	Linux-6.1.0-1029-oem-x86_64-with-glibc2.35	13th Gen Intel(R) Core(TM) i9-13900	x86_64	32	64	3.10.12	results/apply_vs_axf4__snowy_sky_otter/logs/apply-cp_d_3_n_6_p_6-axf4-t8.log	/home/ademin/GroebnerBenchmark/../axgrob/axf4 -p 2147483647 -v [x1,x2,x3,x4,x5,x6] -t 8 /tmp/gbbench-axf4-o1qn10hg/cp_d_3_n_6_p_6.txt
apply-crauste-1-groebner	apply_vs_axf4__snowy_sky_otter	apply-crauste-1-groebner	crauste-1	crauste-1	systems/crauste-1/crauste-1.md	systems/crauste-1/txt/crauste-1.txt	Groebner.groebner	0.10.3	groebner_jl	1	GF(2147483647)	degrevlex		3600	32768	620	ok	0	0.010797785	3.075242	2026-05-17T17:32:57Z	2026-05-17T17:33:00Z	calcul-ouragan	Linux-6.1.0-1029-oem-x86_64-with-glibc2.35	13th Gen Intel(R) Core(TM) i9-13900	x86_64	32	64	3.10.12	results/apply_vs_axf4__snowy_sky_otter/logs/apply-crauste-1-groebner.log	/home/ademin/.juliaup/bin/julia --startup-file=no /tmp/gbbench-groebner-jl-jpir987z/groebner_jl_worker.jl --input /home/ademin/GroebnerBenchmark/systems/crauste-1/txt/crauste-1.txt --field GF(2147483647) --order degrevlex --threads 1 --method groebner
apply-crauste-1-groebner-apply	apply_vs_axf4__snowy_sky_otter	apply-crauste-1-groebner-apply	crauste-1	crauste-1	systems/crauste-1/crauste-1.md	systems/crauste-1/txt/crauste-1.txt	Groebner.groebner_apply!	0.10.3	groebner_jl	1	GF(2147483647)	degrevlex		3600	32768	619	ok	0	0.00123666	3.641023	2026-05-17T17:33:00Z	2026-05-17T17:33:03Z	calcul-ouragan	Linux-6.1.0-1029-oem-x86_64-with-glibc2.35	13th Gen Intel(R) Core(TM) i9-13900	x86_64	32	64	3.10.12	results/apply_vs_axf4__snowy_sky_otter/logs/apply-crauste-1-groebner-apply.log	/home/ademin/.juliaup/bin/julia --startup-file=no /tmp/gbbench-groebner-jl-jpir987z/groebner_jl_worker.jl --input /home/ademin/GroebnerBenchmark/systems/crauste-1/txt/crauste-1.txt --field GF(2147483647) --order degrevlex --threads 1 --method groebner_apply!
apply-crauste-1-groebner-apply-x4	apply_vs_axf4__snowy_sky_otter	apply-crauste-1-groebner-apply-x4	crauste-1	crauste-1	systems/crauste-1/crauste-1.md	systems/crauste-1/txt/crauste-1.txt	Groebner.groebner_apply! x4	0.10.3	groebner_jl	1	GF(2147483647)	degrevlex		3600	32768	634	ok	0	0.00305297	4.770311	2026-05-17T17:33:03Z	2026-05-17T17:33:08Z	calcul-ouragan	Linux-6.1.0-1029-oem-x86_64-with-glibc2.35	13th Gen Intel(R) Core(TM) i9-13900	x86_64	32	64	3.10.12	results/apply_vs_axf4__snowy_sky_otter/logs/apply-crauste-1-groebner-apply-x4.log	"/home/ademin/.juliaup/bin/julia --startup-file=no /tmp/gbbench-groebner-jl-jpir987z/groebner_jl_worker.jl --input /home/ademin/GroebnerBenchmark/systems/crauste-1/txt/crauste-1.txt --field GF(2147483647) --order degrevlex --threads 1 --method ""groebner_apply! x4"""
apply-crauste-1-axf4-t1	apply_vs_axf4__snowy_sky_otter	apply-crauste-1-axf4-t1	crauste-1	crauste-1	systems/crauste-1/crauste-1.md	systems/crauste-1/txt/crauste-1.txt	axf4 -t 1	local-copy	axf4	1	GF(2147483647)	degrevlex		3600	32768	192	ok	0	0.105181	0.105181	2026-05-17T17:33:08Z	2026-05-17T17:33:08Z	calcul-ouragan	Linux-6.1.0-1029-oem-x86_64-with-glibc2.35	13th Gen Intel(R) Core(TM) i9-13900	x86_64	32	64	3.10.12	results/apply_vs_axf4__snowy_sky_otter/logs/apply-crauste-1-axf4-t1.log	/home/ademin/GroebnerBenchmark/../axgrob/axf4 -p 2147483647 -v [E_0,E_1,E_2,E_3,E_4,E_5,M_0,M_1,M_2,M_3,M_4,M_5,N_0,N_1,N_2,N_3,N_4,P_0,P_1,P_2,P_3,P_4,P_5,P_6,S_0,S_1,S_2,S_3,S_4,S_5,delta_EL_0,delta_LM_0,delta_NE_0,mu_EE_0,mu_LE_0,mu_LL_0,mu_M_0,mu_N_0,mu_PE_0,mu_PL_0,mu_P_0,rho_E_0,rho_P_0] -t 1 /tmp/gbbench-axf4-lda3cq6t/crauste-1.txt
apply-crauste-1-axf4-t8	apply_vs_axf4__snowy_sky_otter	apply-crauste-1-axf4-t8	crauste-1	crauste-1	systems/crauste-1/crauste-1.md	systems/crauste-1/txt/crauste-1.txt	axf4 -t 8	local-copy	axf4	8	GF(2147483647)	degrevlex		3600	32768	192	ok	0	0.083758	0.083758	2026-05-17T17:33:08Z	2026-05-17T17:33:08Z	calcul-ouragan	Linux-6.1.0-1029-oem-x86_64-with-glibc2.35	13th Gen Intel(R) Core(TM) i9-13900	x86_64	32	64	3.10.12	results/apply_vs_axf4__snowy_sky_otter/logs/apply-crauste-1-axf4-t8.log	/home/ademin/GroebnerBenchmark/../axgrob/axf4 -p 2147483647 -v [E_0,E_1,E_2,E_3,E_4,E_5,M_0,M_1,M_2,M_3,M_4,M_5,N_0,N_1,N_2,N_3,N_4,P_0,P_1,P_2,P_3,P_4,P_5,P_6,S_0,S_1,S_2,S_3,S_4,S_5,delta_EL_0,delta_LM_0,delta_NE_0,mu_EE_0,mu_LE_0,mu_LL_0,mu_M_0,mu_N_0,mu_PE_0,mu_PL_0,mu_P_0,rho_E_0,rho_P_0] -t 8 /tmp/gbbench-axf4-__28s1ur/crauste-1.txt
apply-crauste-2-groebner	apply_vs_axf4__snowy_sky_otter	apply-crauste-2-groebner	crauste-2	crauste-2	systems/crauste-2/crauste-2.md	systems/crauste-2/txt/crauste-2.txt	Groebner.groebner	0.10.3	groebner_jl	1	GF(2147483647)	degrevlex		3600	32768	617	ok	0	0.082765081	3.201555	2026-05-17T17:33:08Z	2026-05-17T17:33:12Z	calcul-ouragan	Linux-6.1.0-1029-oem-x86_64-with-glibc2.35	13th Gen Intel(R) Core(TM) i9-13900	x86_64	32	64	3.10.12	results/apply_vs_axf4__snowy_sky_otter/logs/apply-crauste-2-groebner.log	/home/ademin/.juliaup/bin/julia --startup-file=no /tmp/gbbench-groebner-jl-jpir987z/groebner_jl_worker.jl --input /home/ademin/GroebnerBenchmark/systems/crauste-2/txt/crauste-2.txt --field GF(2147483647) --order degrevlex --threads 1 --method groebner
apply-crauste-2-groebner-apply	apply_vs_axf4__snowy_sky_otter	apply-crauste-2-groebner-apply	crauste-2	crauste-2	systems/crauste-2/crauste-2.md	systems/crauste-2/txt/crauste-2.txt	Groebner.groebner_apply!	0.10.3	groebner_jl	1	GF(2147483647)	degrevlex		3600	32768	622	ok	0	0.006275725	3.789805	2026-05-17T17:33:12Z	2026-05-17T17:33:15Z	calcul-ouragan	Linux-6.1.0-1029-oem-x86_64-with-glibc2.35	13th Gen Intel(R) Core(TM) i9-13900	x86_64	32	64	3.10.12	results/apply_vs_axf4__snowy_sky_otter/logs/apply-crauste-2-groebner-apply.log	/home/ademin/.juliaup/bin/julia --startup-file=no /tmp/gbbench-groebner-jl-jpir987z/groebner_jl_worker.jl --input /home/ademin/GroebnerBenchmark/systems/crauste-2/txt/crauste-2.txt --field GF(2147483647) --order degrevlex --threads 1 --method groebner_apply!
apply-crauste-2-groebner-apply-x4	apply_vs_axf4__snowy_sky_otter	apply-crauste-2-groebner-apply-x4	crauste-2	crauste-2	systems/crauste-2/crauste-2.md	systems/crauste-2/txt/crauste-2.txt	Groebner.groebner_apply! x4	0.10.3	groebner_jl	1	GF(2147483647)	degrevlex		3600	32768	649	ok	0	0.00534498575	5.011122	2026-05-17T17:33:15Z	2026-05-17T17:33:20Z	calcul-ouragan	Linux-6.1.0-1029-oem-x86_64-with-glibc2.35	13th Gen Intel(R) Core(TM) i9-13900	x86_64	32	64	3.10.12	results/apply_vs_axf4__snowy_sky_otter/logs/apply-crauste-2-groebner-apply-x4.log	"/home/ademin/.juliaup/bin/julia --startup-file=no /tmp/gbbench-groebner-jl-jpir987z/groebner_jl_worker.jl --input /home/ademin/GroebnerBenchmark/systems/crauste-2/txt/crauste-2.txt --field GF(2147483647) --order degrevlex --threads 1 --method ""groebner_apply! x4"""
apply-crauste-2-axf4-t1	apply_vs_axf4__snowy_sky_otter	apply-crauste-2-axf4-t1	crauste-2	crauste-2	systems/crauste-2/crauste-2.md	systems/crauste-2/txt/crauste-2.txt	axf4 -t 1	local-copy	axf4	1	GF(2147483647)	degrevlex		3600	32768	194	ok	0	0.296519	0.296519	2026-05-17T17:33:20Z	2026-05-17T17:33:21Z	calcul-ouragan	Linux-6.1.0-1029-oem-x86_64-with-glibc2.35	13th Gen Intel(R) Core(TM) i9-13900	x86_64	32	64	3.10.12	results/apply_vs_axf4__snowy_sky_otter/logs/apply-crauste-2-axf4-t1.log	/home/ademin/GroebnerBenchmark/../axgrob/axf4 -p 2147483647 -v [E_0,E_1,E_2,E_3,E_4,E_5,M_0,M_1,M_2,M_3,M_4,M_5,N_0,N_1,N_2,N_3,N_4,P_0,P_1,P_2,P_3,P_4,P_5,P_6,S_0,S_1,S_2,S_3,S_4,S_5,delta_EL_0,delta_LM_0,delta_NE_0,mu_EE_0,mu_LE_0,mu_LL_0,mu_M_0,mu_N_0,mu_PE_0,mu_PL_0,mu_P_0,rho_E_0,rho_P_0] -t 1 /tmp/gbbench-axf4-2xloxcjl/crauste-2.txt
apply-crauste-2-axf4-t8	apply_vs_axf4__snowy_sky_otter	apply-crauste-2-axf4-t8	crauste-2	crauste-2	systems/crauste-2/crauste-2.md	systems/crauste-2/txt/crauste-2.txt	axf4 -t 8	local-copy	axf4	8	GF(2147483647)	degrevlex		3600	32768	195	ok	0	0.163040	0.163040	2026-05-17T17:33:21Z	2026-05-17T17:33:21Z	calcul-ouragan	Linux-6.1.0-1029-oem-x86_64-with-glibc2.35	13th Gen Intel(R) Core(TM) i9-13900	x86_64	32	64	3.10.12	results/apply_vs_axf4__snowy_sky_otter/logs/apply-crauste-2-axf4-t8.log	/home/ademin/GroebnerBenchmark/../axgrob/axf4 -p 2147483647 -v [E_0,E_1,E_2,E_3,E_4,E_5,M_0,M_1,M_2,M_3,M_4,M_5,N_0,N_1,N_2,N_3,N_4,P_0,P_1,P_2,P_3,P_4,P_5,P_6,S_0,S_1,S_2,S_3,S_4,S_5,delta_EL_0,delta_LM_0,delta_NE_0,mu_EE_0,mu_LE_0,mu_LL_0,mu_M_0,mu_N_0,mu_PE_0,mu_PL_0,mu_P_0,rho_E_0,rho_P_0] -t 8 /tmp/gbbench-axf4-cksmv___/crauste-2.txt
apply-crauste-3-groebner	apply_vs_axf4__snowy_sky_otter	apply-crauste-3-groebner	crauste-3	crauste-3	systems/crauste-3/crauste-3.md	systems/crauste-3/txt/crauste-3.txt	Groebner.groebner	0.10.3	groebner_jl	1	GF(2147483647)	degrevlex		3600	32768	618	ok	0	0.060796006	3.800797	2026-05-17T17:33:21Z	2026-05-17T17:33:25Z	calcul-ouragan	Linux-6.1.0-1029-oem-x86_64-with-glibc2.35	13th Gen Intel(R) Core(TM) i9-13900	x86_64	32	64	3.10.12	results/apply_vs_axf4__snowy_sky_otter/logs/apply-crauste-3-groebner.log	/home/ademin/.juliaup/bin/julia --startup-file=no /tmp/gbbench-groebner-jl-jpir987z/groebner_jl_worker.jl --input /home/ademin/GroebnerBenchmark/systems/crauste-3/txt/crauste-3.txt --field GF(2147483647) --order degrevlex --threads 1 --method groebner
apply-crauste-3-groebner-apply	apply_vs_axf4__snowy_sky_otter	apply-crauste-3-groebner-apply	crauste-3	crauste-3	systems/crauste-3/crauste-3.md	systems/crauste-3/txt/crauste-3.txt	Groebner.groebner_apply!	0.10.3	groebner_jl	1	GF(2147483647)	degrevlex		3600	32768	621	ok	0	0.005956851	3.754914	2026-05-17T17:33:25Z	2026-05-17T17:33:28Z	calcul-ouragan	Linux-6.1.0-1029-oem-x86_64-with-glibc2.35	13th Gen Intel(R) Core(TM) i9-13900	x86_64	32	64	3.10.12	results/apply_vs_axf4__snowy_sky_otter/logs/apply-crauste-3-groebner-apply.log	/home/ademin/.juliaup/bin/julia --startup-file=no /tmp/gbbench-groebner-jl-jpir987z/groebner_jl_worker.jl --input /home/ademin/GroebnerBenchmark/systems/crauste-3/txt/crauste-3.txt --field GF(2147483647) --order degrevlex --threads 1 --method groebner_apply!
apply-crauste-3-groebner-apply-x4	apply_vs_axf4__snowy_sky_otter	apply-crauste-3-groebner-apply-x4	crauste-3	crauste-3	systems/crauste-3/crauste-3.md	systems/crauste-3/txt/crauste-3.txt	Groebner.groebner_apply! x4	0.10.3	groebner_jl	1	GF(2147483647)	degrevlex		3600	32768	652	ok	0	0.00524759475	5.036223	2026-05-17T17:33:28Z	2026-05-17T17:33:33Z	calcul-ouragan	Linux-6.1.0-1029-oem-x86_64-with-glibc2.35	13th Gen Intel(R) Core(TM) i9-13900	x86_64	32	64	3.10.12	results/apply_vs_axf4__snowy_sky_otter/logs/apply-crauste-3-groebner-apply-x4.log	"/home/ademin/.juliaup/bin/julia --startup-file=no /tmp/gbbench-groebner-jl-jpir987z/groebner_jl_worker.jl --input /home/ademin/GroebnerBenchmark/systems/crauste-3/txt/crauste-3.txt --field GF(2147483647) --order degrevlex --threads 1 --method ""groebner_apply! x4"""
apply-crauste-3-axf4-t1	apply_vs_axf4__snowy_sky_otter	apply-crauste-3-axf4-t1	crauste-3	crauste-3	systems/crauste-3/crauste-3.md	systems/crauste-3/txt/crauste-3.txt	axf4 -t 1	local-copy	axf4	1	GF(2147483647)	degrevlex		3600	32768	194	ok	0	0.258742	0.258742	2026-05-17T17:33:33Z	2026-05-17T17:33:34Z	calcul-ouragan	Linux-6.1.0-1029-oem-x86_64-with-glibc2.35	13th Gen Intel(R) Core(TM) i9-13900	x86_64	32	64	3.10.12	results/apply_vs_axf4__snowy_sky_otter/logs/apply-crauste-3-axf4-t1.log	/home/ademin/GroebnerBenchmark/../axgrob/axf4 -p 2147483647 -v [E_0,E_1,E_2,E_3,E_4,E_5,M_0,M_1,M_2,M_3,M_4,M_5,N_0,N_1,N_2,N_3,N_4,P_0,P_1,P_2,P_3,P_4,P_5,P_6,S_0,S_1,S_2,S_3,S_4,S_5,delta_EL_0,delta_LM_0,delta_NE_0,mu_EE_0,mu_LE_0,mu_LL_0,mu_M_0,mu_N_0,mu_PE_0,mu_PL_0,mu_P_0,rho_E_0,rho_P_0] -t 1 /tmp/gbbench-axf4-rg3desd9/crauste-3.txt
apply-crauste-3-axf4-t8	apply_vs_axf4__snowy_sky_otter	apply-crauste-3-axf4-t8	crauste-3	crauste-3	systems/crauste-3/crauste-3.md	systems/crauste-3/txt/crauste-3.txt	axf4 -t 8	local-copy	axf4	8	GF(2147483647)	degrevlex		3600	32768	195	ok	0	0.168938	0.168938	2026-05-17T17:33:34Z	2026-05-17T17:33:34Z	calcul-ouragan	Linux-6.1.0-1029-oem-x86_64-with-glibc2.35	13th Gen Intel(R) Core(TM) i9-13900	x86_64	32	64	3.10.12	results/apply_vs_axf4__snowy_sky_otter/logs/apply-crauste-3-axf4-t8.log	/home/ademin/GroebnerBenchmark/../axgrob/axf4 -p 2147483647 -v [E_0,E_1,E_2,E_3,E_4,E_5,M_0,M_1,M_2,M_3,M_4,M_5,N_0,N_1,N_2,N_3,N_4,P_0,P_1,P_2,P_3,P_4,P_5,P_6,S_0,S_1,S_2,S_3,S_4,S_5,delta_EL_0,delta_LM_0,delta_NE_0,mu_EE_0,mu_LE_0,mu_LL_0,mu_M_0,mu_N_0,mu_PE_0,mu_PL_0,mu_P_0,rho_E_0,rho_P_0] -t 8 /tmp/gbbench-axf4-nl9brbrd/crauste-3.txt
apply-crn-groebner	apply_vs_axf4__snowy_sky_otter	apply-crn-groebner	crn	crn	systems/crn/crn.md	systems/crn/txt/crn.txt	Groebner.groebner	0.10.3	groebner_jl	1	GF(2147483647)	degrevlex		3600	32768	622	ok	0	0.002863088	3.073298	2026-05-17T17:33:34Z	2026-05-17T17:33:37Z	calcul-ouragan	Linux-6.1.0-1029-oem-x86_64-with-glibc2.35	13th Gen Intel(R) Core(TM) i9-13900	x86_64	32	64	3.10.12	results/apply_vs_axf4__snowy_sky_otter/logs/apply-crn-groebner.log	/home/ademin/.juliaup/bin/julia --startup-file=no /tmp/gbbench-groebner-jl-jpir987z/groebner_jl_worker.jl --input /home/ademin/GroebnerBenchmark/systems/crn/txt/crn.txt --field GF(2147483647) --order degrevlex --threads 1 --method groebner
apply-crn-groebner-apply	apply_vs_axf4__snowy_sky_otter	apply-crn-groebner-apply	crn	crn	systems/crn/crn.md	systems/crn/txt/crn.txt	Groebner.groebner_apply!	0.10.3	groebner_jl	1	GF(2147483647)	degrevlex		3600	32768	617	ok	0	0.000534111	3.657000	2026-05-17T17:33:37Z	2026-05-17T17:33:41Z	calcul-ouragan	Linux-6.1.0-1029-oem-x86_64-with-glibc2.35	13th Gen Intel(R) Core(TM) i9-13900	x86_64	32	64	3.10.12	results/apply_vs_axf4__snowy_sky_otter/logs/apply-crn-groebner-apply.log	/home/ademin/.juliaup/bin/julia --startup-file=no /tmp/gbbench-groebner-jl-jpir987z/groebner_jl_worker.jl --input /home/ademin/GroebnerBenchmark/systems/crn/txt/crn.txt --field GF(2147483647) --order degrevlex --threads 1 --method groebner_apply!
apply-crn-groebner-apply-x4	apply_vs_axf4__snowy_sky_otter	apply-crn-groebner-apply-x4	crn	crn	systems/crn/crn.md	systems/crn/txt/crn.txt	Groebner.groebner_apply! x4	0.10.3	groebner_jl	1	GF(2147483647)	degrevlex		3600	32768	630	ok	0	0.002763124	4.768332	2026-05-17T17:33:41Z	2026-05-17T17:33:45Z	calcul-ouragan	Linux-6.1.0-1029-oem-x86_64-with-glibc2.35	13th Gen Intel(R) Core(TM) i9-13900	x86_64	32	64	3.10.12	results/apply_vs_axf4__snowy_sky_otter/logs/apply-crn-groebner-apply-x4.log	"/home/ademin/.juliaup/bin/julia --startup-file=no /tmp/gbbench-groebner-jl-jpir987z/groebner_jl_worker.jl --input /home/ademin/GroebnerBenchmark/systems/crn/txt/crn.txt --field GF(2147483647) --order degrevlex --threads 1 --method ""groebner_apply! x4"""
apply-crn-axf4-t1	apply_vs_axf4__snowy_sky_otter	apply-crn-axf4-t1	crn	crn	systems/crn/crn.md	systems/crn/txt/crn.txt	axf4 -t 1	local-copy	axf4	1	GF(2147483647)	degrevlex		3600	32768	195	ok	0	0.073924	0.073924	2026-05-17T17:33:45Z	2026-05-17T17:33:45Z	calcul-ouragan	Linux-6.1.0-1029-oem-x86_64-with-glibc2.35	13th Gen Intel(R) Core(TM) i9-13900	x86_64	32	64	3.10.12	results/apply_vs_axf4__snowy_sky_otter/logs/apply-crn-axf4-t1.log	/home/ademin/GroebnerBenchmark/../axgrob/axf4 -p 2147483647 -v [k1_0,k2_0,k3_0,k4_0,k5_0,k6_0,x1_0,x1_1,x1_2,x1_3,x1_4,x1_5,x2_0,x2_1,x2_2,x2_3,x2_4,x2_5,x2_6,x3_0,x3_1,x3_2,x3_3,x3_4,x3_5,x3_6,x4_0,x4_1,x4_2,x4_3,x4_4,x4_5,x5_0,x5_1,x5_2,x5_3,x5_4,x5_5,x6_0,x6_1,x6_2,x6_3,x6_4,x6_5] -t 1 /tmp/gbbench-axf4-23fytcb7/crn.txt
apply-crn-axf4-t8	apply_vs_axf4__snowy_sky_otter	apply-crn-axf4-t8	crn	crn	systems/crn/crn.md	systems/crn/txt/crn.txt	axf4 -t 8	local-copy	axf4	8	GF(2147483647)	degrevlex		3600	32768	195	ok	0	0.067357	0.067357	2026-05-17T17:33:45Z	2026-05-17T17:33:46Z	calcul-ouragan	Linux-6.1.0-1029-oem-x86_64-with-glibc2.35	13th Gen Intel(R) Core(TM) i9-13900	x86_64	32	64	3.10.12	results/apply_vs_axf4__snowy_sky_otter/logs/apply-crn-axf4-t8.log	/home/ademin/GroebnerBenchmark/../axgrob/axf4 -p 2147483647 -v [k1_0,k2_0,k3_0,k4_0,k5_0,k6_0,x1_0,x1_1,x1_2,x1_3,x1_4,x1_5,x2_0,x2_1,x2_2,x2_3,x2_4,x2_5,x2_6,x3_0,x3_1,x3_2,x3_3,x3_4,x3_5,x3_6,x4_0,x4_1,x4_2,x4_3,x4_4,x4_5,x5_0,x5_1,x5_2,x5_3,x5_4,x5_5,x6_0,x6_1,x6_2,x6_3,x6_4,x6_5] -t 8 /tmp/gbbench-axf4-5mcfyobi/crn.txt
apply-cyclic-7-groebner	apply_vs_axf4__snowy_sky_otter	apply-cyclic-7-groebner	cyclic	cyclic-7	systems/cyclic/cyclic.md	systems/cyclic/txt/cyclic_7.txt	Groebner.groebner	0.10.3	groebner_jl	1	GF(2147483647)	degrevlex		3600	32768	555	ok	0	0.123191505	1.606026	2026-05-17T17:33:46Z	2026-05-17T17:33:47Z	calcul-ouragan	Linux-6.1.0-1029-oem-x86_64-with-glibc2.35	13th Gen Intel(R) Core(TM) i9-13900	x86_64	32	64	3.10.12	results/apply_vs_axf4__snowy_sky_otter/logs/apply-cyclic-7-groebner.log	/home/ademin/.juliaup/bin/julia --startup-file=no /tmp/gbbench-groebner-jl-jpir987z/groebner_jl_worker.jl --input /home/ademin/GroebnerBenchmark/systems/cyclic/txt/cyclic_7.txt --field GF(2147483647) --order degrevlex --threads 1 --method groebner
apply-cyclic-7-groebner-apply	apply_vs_axf4__snowy_sky_otter	apply-cyclic-7-groebner-apply	cyclic	cyclic-7	systems/cyclic/cyclic.md	systems/cyclic/txt/cyclic_7.txt	Groebner.groebner_apply!	0.10.3	groebner_jl	1	GF(2147483647)	degrevlex		3600	32768	553	ok	0	0.010044316	1.650182	2026-05-17T17:33:47Z	2026-05-17T17:33:49Z	calcul-ouragan	Linux-6.1.0-1029-oem-x86_64-with-glibc2.35	13th Gen Intel(R) Core(TM) i9-13900	x86_64	32	64	3.10.12	results/apply_vs_axf4__snowy_sky_otter/logs/apply-cyclic-7-groebner-apply.log	/home/ademin/.juliaup/bin/julia --startup-file=no /tmp/gbbench-groebner-jl-jpir987z/groebner_jl_worker.jl --input /home/ademin/GroebnerBenchmark/systems/cyclic/txt/cyclic_7.txt --field GF(2147483647) --order degrevlex --threads 1 --method groebner_apply!
apply-cyclic-7-groebner-apply-x4	apply_vs_axf4__snowy_sky_otter	apply-cyclic-7-groebner-apply-x4	cyclic	cyclic-7	systems/cyclic/cyclic.md	systems/cyclic/txt/cyclic_7.txt	Groebner.groebner_apply! x4	0.10.3	groebner_jl	1	GF(2147483647)	degrevlex		3600	32768	612	ok	0	0.00799361175	2.978198	2026-05-17T17:33:49Z	2026-05-17T17:33:52Z	calcul-ouragan	Linux-6.1.0-1029-oem-x86_64-with-glibc2.35	13th Gen Intel(R) Core(TM) i9-13900	x86_64	32	64	3.10.12	results/apply_vs_axf4__snowy_sky_otter/logs/apply-cyclic-7-groebner-apply-x4.log	"/home/ademin/.juliaup/bin/julia --startup-file=no /tmp/gbbench-groebner-jl-jpir987z/groebner_jl_worker.jl --input /home/ademin/GroebnerBenchmark/systems/cyclic/txt/cyclic_7.txt --field GF(2147483647) --order degrevlex --threads 1 --method ""groebner_apply! x4"""
apply-cyclic-7-axf4-t1	apply_vs_axf4__snowy_sky_otter	apply-cyclic-7-axf4-t1	cyclic	cyclic-7	systems/cyclic/cyclic.md	systems/cyclic/txt/cyclic_7.txt	axf4 -t 1	local-copy	axf4	1	GF(2147483647)	degrevlex		3600	32768	52	ok	0	0.286312	0.286312	2026-05-17T17:33:52Z	2026-05-17T17:33:52Z	calcul-ouragan	Linux-6.1.0-1029-oem-x86_64-with-glibc2.35	13th Gen Intel(R) Core(TM) i9-13900	x86_64	32	64	3.10.12	results/apply_vs_axf4__snowy_sky_otter/logs/apply-cyclic-7-axf4-t1.log	/home/ademin/GroebnerBenchmark/../axgrob/axf4 -p 2147483647 -v [z1,z2,z3,z4,z5,z6,z7] -t 1 /tmp/gbbench-axf4-xtbzo2md/cyclic_7.txt
apply-cyclic-7-axf4-t8	apply_vs_axf4__snowy_sky_otter	apply-cyclic-7-axf4-t8	cyclic	cyclic-7	systems/cyclic/cyclic.md	systems/cyclic/txt/cyclic_7.txt	axf4 -t 8	local-copy	axf4	8	GF(2147483647)	degrevlex		3600	32768	54	ok	0	0.084471	0.084471	2026-05-17T17:33:52Z	2026-05-17T17:33:52Z	calcul-ouragan	Linux-6.1.0-1029-oem-x86_64-with-glibc2.35	13th Gen Intel(R) Core(TM) i9-13900	x86_64	32	64	3.10.12	results/apply_vs_axf4__snowy_sky_otter/logs/apply-cyclic-7-axf4-t8.log	/home/ademin/GroebnerBenchmark/../axgrob/axf4 -p 2147483647 -v [z1,z2,z3,z4,z5,z6,z7] -t 8 /tmp/gbbench-axf4-u1pdtdyt/cyclic_7.txt
apply-cyclic-8-groebner	apply_vs_axf4__snowy_sky_otter	apply-cyclic-8-groebner	cyclic	cyclic-8	systems/cyclic/cyclic.md	systems/cyclic/txt/cyclic_8.txt	Groebner.groebner	0.10.3	groebner_jl	1	GF(2147483647)	degrevlex		3600	32768	607	ok	0	0.507208714	3.408817	2026-05-17T17:33:52Z	2026-05-17T17:33:56Z	calcul-ouragan	Linux-6.1.0-1029-oem-x86_64-with-glibc2.35	13th Gen Intel(R) Core(TM) i9-13900	x86_64	32	64	3.10.12	results/apply_vs_axf4__snowy_sky_otter/logs/apply-cyclic-8-groebner.log	/home/ademin/.juliaup/bin/julia --startup-file=no /tmp/gbbench-groebner-jl-jpir987z/groebner_jl_worker.jl --input /home/ademin/GroebnerBenchmark/systems/cyclic/txt/cyclic_8.txt --field GF(2147483647) --order degrevlex --threads 1 --method groebner
apply-cyclic-8-groebner-apply	apply_vs_axf4__snowy_sky_otter	apply-cyclic-8-groebner-apply	cyclic	cyclic-8	systems/cyclic/cyclic.md	systems/cyclic/txt/cyclic_8.txt	Groebner.groebner_apply!	0.10.3	groebner_jl	1	GF(2147483647)	degrevlex		3600	32768	627	ok	0	0.225183625	5.133063	2026-05-17T17:33:56Z	2026-05-17T17:34:01Z	calcul-ouragan	Linux-6.1.0-1029-oem-x86_64-with-glibc2.35	13th Gen Intel(R) Core(TM) i9-13900	x86_64	32	64	3.10.12	results/apply_vs_axf4__snowy_sky_otter/logs/apply-cyclic-8-groebner-apply.log	/home/ademin/.juliaup/bin/julia --startup-file=no /tmp/gbbench-groebner-jl-jpir987z/groebner_jl_worker.jl --input /home/ademin/GroebnerBenchmark/systems/cyclic/txt/cyclic_8.txt --field GF(2147483647) --order degrevlex --threads 1 --method groebner_apply!
apply-cyclic-8-groebner-apply-x4	apply_vs_axf4__snowy_sky_otter	apply-cyclic-8-groebner-apply-x4	cyclic	cyclic-8	systems/cyclic/cyclic.md	systems/cyclic/txt/cyclic_8.txt	Groebner.groebner_apply! x4	0.10.3	groebner_jl	1	GF(2147483647)	degrevlex		3600	32768	715	ok	0	0.060709156	6.320169	2026-05-17T17:34:01Z	2026-05-17T17:34:07Z	calcul-ouragan	Linux-6.1.0-1029-oem-x86_64-with-glibc2.35	13th Gen Intel(R) Core(TM) i9-13900	x86_64	32	64	3.10.12	results/apply_vs_axf4__snowy_sky_otter/logs/apply-cyclic-8-groebner-apply-x4.log	"/home/ademin/.juliaup/bin/julia --startup-file=no /tmp/gbbench-groebner-jl-jpir987z/groebner_jl_worker.jl --input /home/ademin/GroebnerBenchmark/systems/cyclic/txt/cyclic_8.txt --field GF(2147483647) --order degrevlex --threads 1 --method ""groebner_apply! x4"""
apply-cyclic-8-axf4-t1	apply_vs_axf4__snowy_sky_otter	apply-cyclic-8-axf4-t1	cyclic	cyclic-8	systems/cyclic/cyclic.md	systems/cyclic/txt/cyclic_8.txt	axf4 -t 1	local-copy	axf4	1	GF(2147483647)	degrevlex		3600	32768	86	ok	0	1.465400	1.465400	2026-05-17T17:34:07Z	2026-05-17T17:34:09Z	calcul-ouragan	Linux-6.1.0-1029-oem-x86_64-with-glibc2.35	13th Gen Intel(R) Core(TM) i9-13900	x86_64	32	64	3.10.12	results/apply_vs_axf4__snowy_sky_otter/logs/apply-cyclic-8-axf4-t1.log	/home/ademin/GroebnerBenchmark/../axgrob/axf4 -p 2147483647 -v [z1,z2,z3,z4,z5,z6,z7,z8] -t 1 /tmp/gbbench-axf4-bbwoq43a/cyclic_8.txt
apply-cyclic-8-axf4-t8	apply_vs_axf4__snowy_sky_otter	apply-cyclic-8-axf4-t8	cyclic	cyclic-8	systems/cyclic/cyclic.md	systems/cyclic/txt/cyclic_8.txt	axf4 -t 8	local-copy	axf4	8	GF(2147483647)	degrevlex		3600	32768	96	ok	0	0.280030	0.280030	2026-05-17T17:34:09Z	2026-05-17T17:34:09Z	calcul-ouragan	Linux-6.1.0-1029-oem-x86_64-with-glibc2.35	13th Gen Intel(R) Core(TM) i9-13900	x86_64	32	64	3.10.12	results/apply_vs_axf4__snowy_sky_otter/logs/apply-cyclic-8-axf4-t8.log	/home/ademin/GroebnerBenchmark/../axgrob/axf4 -p 2147483647 -v [z1,z2,z3,z4,z5,z6,z7,z8] -t 8 /tmp/gbbench-axf4-d2a_ou_h/cyclic_8.txt
apply-cyclic-9-groebner	apply_vs_axf4__snowy_sky_otter	apply-cyclic-9-groebner	cyclic	cyclic-9	systems/cyclic/cyclic.md	systems/cyclic/txt/cyclic_9.txt	Groebner.groebner	0.10.3	groebner_jl	1	GF(2147483647)	degrevlex		3600	32768	1600	ok	0	37.812188577	76.791091	2026-05-17T17:34:09Z	2026-05-17T17:35:26Z	calcul-ouragan	Linux-6.1.0-1029-oem-x86_64-with-glibc2.35	13th Gen Intel(R) Core(TM) i9-13900	x86_64	32	64	3.10.12	results/apply_vs_axf4__snowy_sky_otter/logs/apply-cyclic-9-groebner.log	/home/ademin/.juliaup/bin/julia --startup-file=no /tmp/gbbench-groebner-jl-jpir987z/groebner_jl_worker.jl --input /home/ademin/GroebnerBenchmark/systems/cyclic/txt/cyclic_9.txt --field GF(2147483647) --order degrevlex --threads 1 --method groebner
apply-cyclic-9-groebner-apply	apply_vs_axf4__snowy_sky_otter	apply-cyclic-9-groebner-apply	cyclic	cyclic-9	systems/cyclic/cyclic.md	systems/cyclic/txt/cyclic_9.txt	Groebner.groebner_apply!	0.10.3	groebner_jl	1	GF(2147483647)	degrevlex		3600	32768	1537	ok	0	26.632220095	274.374556	2026-05-17T17:35:26Z	2026-05-17T17:40:00Z	calcul-ouragan	Linux-6.1.0-1029-oem-x86_64-with-glibc2.35	13th Gen Intel(R) Core(TM) i9-13900	x86_64	32	64	3.10.12	results/apply_vs_axf4__snowy_sky_otter/logs/apply-cyclic-9-groebner-apply.log	/home/ademin/.juliaup/bin/julia --startup-file=no /tmp/gbbench-groebner-jl-jpir987z/groebner_jl_worker.jl --input /home/ademin/GroebnerBenchmark/systems/cyclic/txt/cyclic_9.txt --field GF(2147483647) --order degrevlex --threads 1 --method groebner_apply!
apply-cyclic-9-groebner-apply-x4	apply_vs_axf4__snowy_sky_otter	apply-cyclic-9-groebner-apply-x4	cyclic	cyclic-9	systems/cyclic/cyclic.md	systems/cyclic/txt/cyclic_9.txt	Groebner.groebner_apply! x4	0.10.3	groebner_jl	1	GF(2147483647)	degrevlex		3600	32768	2179	ok	0	8.1776626	288.206292	2026-05-17T17:40:00Z	2026-05-17T17:44:48Z	calcul-ouragan	Linux-6.1.0-1029-oem-x86_64-with-glibc2.35	13th Gen Intel(R) Core(TM) i9-13900	x86_64	32	64	3.10.12	results/apply_vs_axf4__snowy_sky_otter/logs/apply-cyclic-9-groebner-apply-x4.log	"/home/ademin/.juliaup/bin/julia --startup-file=no /tmp/gbbench-groebner-jl-jpir987z/groebner_jl_worker.jl --input /home/ademin/GroebnerBenchmark/systems/cyclic/txt/cyclic_9.txt --field GF(2147483647) --order degrevlex --threads 1 --method ""groebner_apply! x4"""
apply-cyclic-9-axf4-t1	apply_vs_axf4__snowy_sky_otter	apply-cyclic-9-axf4-t1	cyclic	cyclic-9	systems/cyclic/cyclic.md	systems/cyclic/txt/cyclic_9.txt	axf4 -t 1	local-copy	axf4	1	GF(2147483647)	degrevlex		3600	32768	745	ok	0	46.583798	46.583798	2026-05-17T17:44:48Z	2026-05-17T17:45:35Z	calcul-ouragan	Linux-6.1.0-1029-oem-x86_64-with-glibc2.35	13th Gen Intel(R) Core(TM) i9-13900	x86_64	32	64	3.10.12	results/apply_vs_axf4__snowy_sky_otter/logs/apply-cyclic-9-axf4-t1.log	/home/ademin/GroebnerBenchmark/../axgrob/axf4 -p 2147483647 -v [z1,z2,z3,z4,z5,z6,z7,z8,z9] -t 1 /tmp/gbbench-axf4-wtlppvs9/cyclic_9.txt
apply-cyclic-9-axf4-t8	apply_vs_axf4__snowy_sky_otter	apply-cyclic-9-axf4-t8	cyclic	cyclic-9	systems/cyclic/cyclic.md	systems/cyclic/txt/cyclic_9.txt	axf4 -t 8	local-copy	axf4	8	GF(2147483647)	degrevlex		3600	32768	993	ok	0	8.682890	8.682890	2026-05-17T17:45:35Z	2026-05-17T17:45:43Z	calcul-ouragan	Linux-6.1.0-1029-oem-x86_64-with-glibc2.35	13th Gen Intel(R) Core(TM) i9-13900	x86_64	32	64	3.10.12	results/apply_vs_axf4__snowy_sky_otter/logs/apply-cyclic-9-axf4-t8.log	/home/ademin/GroebnerBenchmark/../axgrob/axf4 -p 2147483647 -v [z1,z2,z3,z4,z5,z6,z7,z8,z9] -t 8 /tmp/gbbench-axf4-0lc0200p/cyclic_9.txt
apply-ec12_sq_1-groebner	apply_vs_axf4__snowy_sky_otter	apply-ec12_sq_1-groebner	ec12_sq_1	ec12_sq_1	systems/ec12_sq_1/ec12_sq_1.md	systems/ec12_sq_1/txt/ec12_sq_1.txt	Groebner.groebner	0.10.3	groebner_jl	1	GF(2147483647)	degrevlex		3600	32768	1289	ok	0	6.571443758	15.856816	2026-05-17T17:45:43Z	2026-05-17T17:45:59Z	calcul-ouragan	Linux-6.1.0-1029-oem-x86_64-with-glibc2.35	13th Gen Intel(R) Core(TM) i9-13900	x86_64	32	64	3.10.12	results/apply_vs_axf4__snowy_sky_otter/logs/apply-ec12_sq_1-groebner.log	/home/ademin/.juliaup/bin/julia --startup-file=no /tmp/gbbench-groebner-jl-jpir987z/groebner_jl_worker.jl --input /home/ademin/GroebnerBenchmark/systems/ec12_sq_1/txt/ec12_sq_1.txt --field GF(2147483647) --order degrevlex --threads 1 --method groebner
apply-ec12_sq_1-groebner-apply	apply_vs_axf4__snowy_sky_otter	apply-ec12_sq_1-groebner-apply	ec12_sq_1	ec12_sq_1	systems/ec12_sq_1/ec12_sq_1.md	systems/ec12_sq_1/txt/ec12_sq_1.txt	Groebner.groebner_apply!	0.10.3	groebner_jl	1	GF(2147483647)	degrevlex		3600	32768	1599	ok	0	4.78908774	36.327728	2026-05-17T17:45:59Z	2026-05-17T17:46:36Z	calcul-ouragan	Linux-6.1.0-1029-oem-x86_64-with-glibc2.35	13th Gen Intel(R) Core(TM) i9-13900	x86_64	32	64	3.10.12	results/apply_vs_axf4__snowy_sky_otter/logs/apply-ec12_sq_1-groebner-apply.log	/home/ademin/.juliaup/bin/julia --startup-file=no /tmp/gbbench-groebner-jl-jpir987z/groebner_jl_worker.jl --input /home/ademin/GroebnerBenchmark/systems/ec12_sq_1/txt/ec12_sq_1.txt --field GF(2147483647) --order degrevlex --threads 1 --method groebner_apply!
apply-ec12_sq_1-groebner-apply-x4	apply_vs_axf4__snowy_sky_otter	apply-ec12_sq_1-groebner-apply-x4	ec12_sq_1	ec12_sq_1	systems/ec12_sq_1/ec12_sq_1.md	systems/ec12_sq_1/txt/ec12_sq_1.txt	Groebner.groebner_apply! x4	0.10.3	groebner_jl	1	GF(2147483647)	degrevlex		3600	32768	3091	ok	0	1.8603367655	42.900289	2026-05-17T17:46:36Z	2026-05-17T17:47:19Z	calcul-ouragan	Linux-6.1.0-1029-oem-x86_64-with-glibc2.35	13th Gen Intel(R) Core(TM) i9-13900	x86_64	32	64	3.10.12	results/apply_vs_axf4__snowy_sky_otter/logs/apply-ec12_sq_1-groebner-apply-x4.log	"/home/ademin/.juliaup/bin/julia --startup-file=no /tmp/gbbench-groebner-jl-jpir987z/groebner_jl_worker.jl --input /home/ademin/GroebnerBenchmark/systems/ec12_sq_1/txt/ec12_sq_1.txt --field GF(2147483647) --order degrevlex --threads 1 --method ""groebner_apply! x4"""
apply-ec12_sq_1-axf4-t1	apply_vs_axf4__snowy_sky_otter	apply-ec12_sq_1-axf4-t1	ec12_sq_1	ec12_sq_1	systems/ec12_sq_1/ec12_sq_1.md	systems/ec12_sq_1/txt/ec12_sq_1.txt	axf4 -t 1	local-copy	axf4	1	GF(2147483647)	degrevlex		3600	32768	744	ok	0	34.459096	34.459096	2026-05-17T17:47:19Z	2026-05-17T17:47:53Z	calcul-ouragan	Linux-6.1.0-1029-oem-x86_64-with-glibc2.35	13th Gen Intel(R) Core(TM) i9-13900	x86_64	32	64	3.10.12	results/apply_vs_axf4__snowy_sky_otter/logs/apply-ec12_sq_1-axf4-t1.log	/home/ademin/GroebnerBenchmark/../axgrob/axf4 -p 2147483647 -v [x0,x1,x2,x3,x4,x5,x6,x7,x8,x9,x10,x11] -t 1 /tmp/gbbench-axf4-6vpns3i1/ec12_sq_1.txt
apply-ec12_sq_1-axf4-t8	apply_vs_axf4__snowy_sky_otter	apply-ec12_sq_1-axf4-t8	ec12_sq_1	ec12_sq_1	systems/ec12_sq_1/ec12_sq_1.md	systems/ec12_sq_1/txt/ec12_sq_1.txt	axf4 -t 8	local-copy	axf4	8	GF(2147483647)	degrevlex		3600	32768	752	ok	0	6.764249	6.764249	2026-05-17T17:47:53Z	2026-05-17T17:48:00Z	calcul-ouragan	Linux-6.1.0-1029-oem-x86_64-with-glibc2.35	13th Gen Intel(R) Core(TM) i9-13900	x86_64	32	64	3.10.12	results/apply_vs_axf4__snowy_sky_otter/logs/apply-ec12_sq_1-axf4-t8.log	/home/ademin/GroebnerBenchmark/../axgrob/axf4 -p 2147483647 -v [x0,x1,x2,x3,x4,x5,x6,x7,x8,x9,x10,x11] -t 8 /tmp/gbbench-axf4-7euyj7n2/ec12_sq_1.txt
apply-eco-10-groebner	apply_vs_axf4__snowy_sky_otter	apply-eco-10-groebner	eco	eco-10	systems/eco/eco.md	systems/eco/txt/eco_10.txt	Groebner.groebner	0.10.3	groebner_jl	1	GF(2147483647)	degrevlex		3600	32768	585	ok	0	0.020953294	2.664724	2026-05-17T17:48:00Z	2026-05-17T17:48:02Z	calcul-ouragan	Linux-6.1.0-1029-oem-x86_64-with-glibc2.35	13th Gen Intel(R) Core(TM) i9-13900	x86_64	32	64	3.10.12	results/apply_vs_axf4__snowy_sky_otter/logs/apply-eco-10-groebner.log	/home/ademin/.juliaup/bin/julia --startup-file=no /tmp/gbbench-groebner-jl-jpir987z/groebner_jl_worker.jl --input /home/ademin/GroebnerBenchmark/systems/eco/txt/eco_10.txt --field GF(2147483647) --order degrevlex --threads 1 --method groebner
apply-eco-10-groebner-apply	apply_vs_axf4__snowy_sky_otter	apply-eco-10-groebner-apply	eco	eco-10	systems/eco/eco.md	systems/eco/txt/eco_10.txt	Groebner.groebner_apply!	0.10.3	groebner_jl	1	GF(2147483647)	degrevlex		3600	32768	593	ok	0	0.00742476	3.149936	2026-05-17T17:48:02Z	2026-05-17T17:48:06Z	calcul-ouragan	Linux-6.1.0-1029-oem-x86_64-with-glibc2.35	13th Gen Intel(R) Core(TM) i9-13900	x86_64	32	64	3.10.12	results/apply_vs_axf4__snowy_sky_otter/logs/apply-eco-10-groebner-apply.log	/home/ademin/.juliaup/bin/julia --startup-file=no /tmp/gbbench-groebner-jl-jpir987z/groebner_jl_worker.jl --input /home/ademin/GroebnerBenchmark/systems/eco/txt/eco_10.txt --field GF(2147483647) --order degrevlex --threads 1 --method groebner_apply!
apply-eco-10-groebner-apply-x4	apply_vs_axf4__snowy_sky_otter	apply-eco-10-groebner-apply-x4	eco	eco-10	systems/eco/eco.md	systems/eco/txt/eco_10.txt	Groebner.groebner_apply! x4	0.10.3	groebner_jl	1	GF(2147483647)	degrevlex		3600	32768	623	ok	0	0.00547980075	4.253897	2026-05-17T17:48:06Z	2026-05-17T17:48:10Z	calcul-ouragan	Linux-6.1.0-1029-oem-x86_64-with-glibc2.35	13th Gen Intel(R) Core(TM) i9-13900	x86_64	32	64	3.10.12	results/apply_vs_axf4__snowy_sky_otter/logs/apply-eco-10-groebner-apply-x4.log	"/home/ademin/.juliaup/bin/julia --startup-file=no /tmp/gbbench-groebner-jl-jpir987z/groebner_jl_worker.jl --input /home/ademin/GroebnerBenchmark/systems/eco/txt/eco_10.txt --field GF(2147483647) --order degrevlex --threads 1 --method ""groebner_apply! x4"""
apply-eco-10-axf4-t1	apply_vs_axf4__snowy_sky_otter	apply-eco-10-axf4-t1	eco	eco-10	systems/eco/eco.md	systems/eco/txt/eco_10.txt	axf4 -t 1	local-copy	axf4	1	GF(2147483647)	degrevlex		3600	32768	63	ok	0	0.300309	0.300309	2026-05-17T17:48:10Z	2026-05-17T17:48:10Z	calcul-ouragan	Linux-6.1.0-1029-oem-x86_64-with-glibc2.35	13th Gen Intel(R) Core(TM) i9-13900	x86_64	32	64	3.10.12	results/apply_vs_axf4__snowy_sky_otter/logs/apply-eco-10-axf4-t1.log	/home/ademin/GroebnerBenchmark/../axgrob/axf4 -p 2147483647 -v [x1,x2,x3,x4,x5,x6,x7,x8,x9,x10] -t 1 /tmp/gbbench-axf4-ksrbzizl/eco_10.txt
apply-eco-10-axf4-t8	apply_vs_axf4__snowy_sky_otter	apply-eco-10-axf4-t8	eco	eco-10	systems/eco/eco.md	systems/eco/txt/eco_10.txt	axf4 -t 8	local-copy	axf4	8	GF(2147483647)	degrevlex		3600	32768	63	ok	0	0.076245	0.076245	2026-05-17T17:48:10Z	2026-05-17T17:48:10Z	calcul-ouragan	Linux-6.1.0-1029-oem-x86_64-with-glibc2.35	13th Gen Intel(R) Core(TM) i9-13900	x86_64	32	64	3.10.12	results/apply_vs_axf4__snowy_sky_otter/logs/apply-eco-10-axf4-t8.log	/home/ademin/GroebnerBenchmark/../axgrob/axf4 -p 2147483647 -v [x1,x2,x3,x4,x5,x6,x7,x8,x9,x10] -t 8 /tmp/gbbench-axf4-_cct71hc/eco_10.txt
apply-eco-11-groebner	apply_vs_axf4__snowy_sky_otter	apply-eco-11-groebner	eco	eco-11	systems/eco/eco.md	systems/eco/txt/eco_11.txt	Groebner.groebner	0.10.3	groebner_jl	1	GF(2147483647)	degrevlex		3600	32768	601	ok	0	0.124281907	2.753298	2026-05-17T17:48:10Z	2026-05-17T17:48:13Z	calcul-ouragan	Linux-6.1.0-1029-oem-x86_64-with-glibc2.35	13th Gen Intel(R) Core(TM) i9-13900	x86_64	32	64	3.10.12	results/apply_vs_axf4__snowy_sky_otter/logs/apply-eco-11-groebner.log	/home/ademin/.juliaup/bin/julia --startup-file=no /tmp/gbbench-groebner-jl-jpir987z/groebner_jl_worker.jl --input /home/ademin/GroebnerBenchmark/systems/eco/txt/eco_11.txt --field GF(2147483647) --order degrevlex --threads 1 --method groebner
apply-eco-11-groebner-apply	apply_vs_axf4__snowy_sky_otter	apply-eco-11-groebner-apply	eco	eco-11	systems/eco/eco.md	systems/eco/txt/eco_11.txt	Groebner.groebner_apply!	0.10.3	groebner_jl	1	GF(2147483647)	degrevlex		3600	32768	611	ok	0	0.069881917	3.778561	2026-05-17T17:48:13Z	2026-05-17T17:48:17Z	calcul-ouragan	Linux-6.1.0-1029-oem-x86_64-with-glibc2.35	13th Gen Intel(R) Core(TM) i9-13900	x86_64	32	64	3.10.12	results/apply_vs_axf4__snowy_sky_otter/logs/apply-eco-11-groebner-apply.log	/home/ademin/.juliaup/bin/julia --startup-file=no /tmp/gbbench-groebner-jl-jpir987z/groebner_jl_worker.jl --input /home/ademin/GroebnerBenchmark/systems/eco/txt/eco_11.txt --field GF(2147483647) --order degrevlex --threads 1 --method groebner_apply!
apply-eco-11-groebner-apply-x4	apply_vs_axf4__snowy_sky_otter	apply-eco-11-groebner-apply-x4	eco	eco-11	systems/eco/eco.md	systems/eco/txt/eco_11.txt	Groebner.groebner_apply! x4	0.10.3	groebner_jl	1	GF(2147483647)	degrevlex		3600	32768	722	ok	0	0.0214665355	4.912909	2026-05-17T17:48:17Z	2026-05-17T17:48:22Z	calcul-ouragan	Linux-6.1.0-1029-oem-x86_64-with-glibc2.35	13th Gen Intel(R) Core(TM) i9-13900	x86_64	32	64	3.10.12	results/apply_vs_axf4__snowy_sky_otter/logs/apply-eco-11-groebner-apply-x4.log	"/home/ademin/.juliaup/bin/julia --startup-file=no /tmp/gbbench-groebner-jl-jpir987z/groebner_jl_worker.jl --input /home/ademin/GroebnerBenchmark/systems/eco/txt/eco_11.txt --field GF(2147483647) --order degrevlex --threads 1 --method ""groebner_apply! x4"""
apply-eco-11-axf4-t1	apply_vs_axf4__snowy_sky_otter	apply-eco-11-axf4-t1	eco	eco-11	systems/eco/eco.md	systems/eco/txt/eco_11.txt	axf4 -t 1	local-copy	axf4	1	GF(2147483647)	degrevlex		3600	32768	82	ok	0	0.763527	0.763527	2026-05-17T17:48:22Z	2026-05-17T17:48:22Z	calcul-ouragan	Linux-6.1.0-1029-oem-x86_64-with-glibc2.35	13th Gen Intel(R) Core(TM) i9-13900	x86_64	32	64	3.10.12	results/apply_vs_axf4__snowy_sky_otter/logs/apply-eco-11-axf4-t1.log	/home/ademin/GroebnerBenchmark/../axgrob/axf4 -p 2147483647 -v [x1,x2,x3,x4,x5,x6,x7,x8,x9,x10,x11] -t 1 /tmp/gbbench-axf4-zidxm5gk/eco_11.txt
apply-eco-11-axf4-t8	apply_vs_axf4__snowy_sky_otter	apply-eco-11-axf4-t8	eco	eco-11	systems/eco/eco.md	systems/eco/txt/eco_11.txt	axf4 -t 8	local-copy	axf4	8	GF(2147483647)	degrevlex		3600	32768	83	ok	0	0.149368	0.149368	2026-05-17T17:48:22Z	2026-05-17T17:48:23Z	calcul-ouragan	Linux-6.1.0-1029-oem-x86_64-with-glibc2.35	13th Gen Intel(R) Core(TM) i9-13900	x86_64	32	64	3.10.12	results/apply_vs_axf4__snowy_sky_otter/logs/apply-eco-11-axf4-t8.log	/home/ademin/GroebnerBenchmark/../axgrob/axf4 -p 2147483647 -v [x1,x2,x3,x4,x5,x6,x7,x8,x9,x10,x11] -t 8 /tmp/gbbench-axf4-noda4jbf/eco_11.txt
apply-eco-12-groebner	apply_vs_axf4__snowy_sky_otter	apply-eco-12-groebner	eco	eco-12	systems/eco/eco.md	systems/eco/txt/eco_12.txt	Groebner.groebner	0.10.3	groebner_jl	1	GF(2147483647)	degrevlex		3600	32768	717	ok	0	0.761003622	4.055372	2026-05-17T17:48:23Z	2026-05-17T17:48:27Z	calcul-ouragan	Linux-6.1.0-1029-oem-x86_64-with-glibc2.35	13th Gen Intel(R) Core(TM) i9-13900	x86_64	32	64	3.10.12	results/apply_vs_axf4__snowy_sky_otter/logs/apply-eco-12-groebner.log	/home/ademin/.juliaup/bin/julia --startup-file=no /tmp/gbbench-groebner-jl-jpir987z/groebner_jl_worker.jl --input /home/ademin/GroebnerBenchmark/systems/eco/txt/eco_12.txt --field GF(2147483647) --order degrevlex --threads 1 --method groebner
apply-eco-12-groebner-apply	apply_vs_axf4__snowy_sky_otter	apply-eco-12-groebner-apply	eco	eco-12	systems/eco/eco.md	systems/eco/txt/eco_12.txt	Groebner.groebner_apply!	0.10.3	groebner_jl	1	GF(2147483647)	degrevlex		3600	32768	746	ok	0	0.339684235	7.237187	2026-05-17T17:48:27Z	2026-05-17T17:48:34Z	calcul-ouragan	Linux-6.1.0-1029-oem-x86_64-with-glibc2.35	13th Gen Intel(R) Core(TM) i9-13900	x86_64	32	64	3.10.12	results/apply_vs_axf4__snowy_sky_otter/logs/apply-eco-12-groebner-apply.log	/home/ademin/.juliaup/bin/julia --startup-file=no /tmp/gbbench-groebner-jl-jpir987z/groebner_jl_worker.jl --input /home/ademin/GroebnerBenchmark/systems/eco/txt/eco_12.txt --field GF(2147483647) --order degrevlex --threads 1 --method groebner_apply!
apply-eco-12-groebner-apply-x4	apply_vs_axf4__snowy_sky_otter	apply-eco-12-groebner-apply-x4	eco	eco-12	systems/eco/eco.md	systems/eco/txt/eco_12.txt	Groebner.groebner_apply! x4	0.10.3	groebner_jl	1	GF(2147483647)	degrevlex		3600	32768	1196	ok	0	0.1140260645	8.594081	2026-05-17T17:48:34Z	2026-05-17T17:48:42Z	calcul-ouragan	Linux-6.1.0-1029-oem-x86_64-with-glibc2.35	13th Gen Intel(R) Core(TM) i9-13900	x86_64	32	64	3.10.12	results/apply_vs_axf4__snowy_sky_otter/logs/apply-eco-12-groebner-apply-x4.log	"/home/ademin/.juliaup/bin/julia --startup-file=no /tmp/gbbench-groebner-jl-jpir987z/groebner_jl_worker.jl --input /home/ademin/GroebnerBenchmark/systems/eco/txt/eco_12.txt --field GF(2147483647) --order degrevlex --threads 1 --method ""groebner_apply! x4"""
apply-eco-12-axf4-t1	apply_vs_axf4__snowy_sky_otter	apply-eco-12-axf4-t1	eco	eco-12	systems/eco/eco.md	systems/eco/txt/eco_12.txt	axf4 -t 1	local-copy	axf4	1	GF(2147483647)	degrevlex		3600	32768	138	ok	0	2.572071	2.572071	2026-05-17T17:48:42Z	2026-05-17T17:48:45Z	calcul-ouragan	Linux-6.1.0-1029-oem-x86_64-with-glibc2.35	13th Gen Intel(R) Core(TM) i9-13900	x86_64	32	64	3.10.12	results/apply_vs_axf4__snowy_sky_otter/logs/apply-eco-12-axf4-t1.log	/home/ademin/GroebnerBenchmark/../axgrob/axf4 -p 2147483647 -v [x1,x2,x3,x4,x5,x6,x7,x8,x9,x10,x11,x12] -t 1 /tmp/gbbench-axf4-pfaanhrm/eco_12.txt
apply-eco-12-axf4-t8	apply_vs_axf4__snowy_sky_otter	apply-eco-12-axf4-t8	eco	eco-12	systems/eco/eco.md	systems/eco/txt/eco_12.txt	axf4 -t 8	local-copy	axf4	8	GF(2147483647)	degrevlex		3600	32768	142	ok	0	0.593058	0.593058	2026-05-17T17:48:45Z	2026-05-17T17:48:46Z	calcul-ouragan	Linux-6.1.0-1029-oem-x86_64-with-glibc2.35	13th Gen Intel(R) Core(TM) i9-13900	x86_64	32	64	3.10.12	results/apply_vs_axf4__snowy_sky_otter/logs/apply-eco-12-axf4-t8.log	/home/ademin/GroebnerBenchmark/../axgrob/axf4 -p 2147483647 -v [x1,x2,x3,x4,x5,x6,x7,x8,x9,x10,x11,x12] -t 8 /tmp/gbbench-axf4-5g2878dw/eco_12.txt
apply-eco-13-groebner	apply_vs_axf4__snowy_sky_otter	apply-eco-13-groebner	eco	eco-13	systems/eco/eco.md	systems/eco/txt/eco_13.txt	Groebner.groebner	0.10.3	groebner_jl	1	GF(2147483647)	degrevlex		3600	32768	1035	ok	0	3.516707845	9.407145	2026-05-17T17:48:46Z	2026-05-17T17:48:55Z	calcul-ouragan	Linux-6.1.0-1029-oem-x86_64-with-glibc2.35	13th Gen Intel(R) Core(TM) i9-13900	x86_64	32	64	3.10.12	results/apply_vs_axf4__snowy_sky_otter/logs/apply-eco-13-groebner.log	/home/ademin/.juliaup/bin/julia --startup-file=no /tmp/gbbench-groebner-jl-jpir987z/groebner_jl_worker.jl --input /home/ademin/GroebnerBenchmark/systems/eco/txt/eco_13.txt --field GF(2147483647) --order degrevlex --threads 1 --method groebner
apply-eco-13-groebner-apply	apply_vs_axf4__snowy_sky_otter	apply-eco-13-groebner-apply	eco	eco-13	systems/eco/eco.md	systems/eco/txt/eco_13.txt	Groebner.groebner_apply!	0.10.3	groebner_jl	1	GF(2147483647)	degrevlex		3600	32768	1115	ok	0	1.584440319	32.785824	2026-05-17T17:48:55Z	2026-05-17T17:49:28Z	calcul-ouragan	Linux-6.1.0-1029-oem-x86_64-with-glibc2.35	13th Gen Intel(R) Core(TM) i9-13900	x86_64	32	64	3.10.12	results/apply_vs_axf4__snowy_sky_otter/logs/apply-eco-13-groebner-apply.log	/home/ademin/.juliaup/bin/julia --startup-file=no /tmp/gbbench-groebner-jl-jpir987z/groebner_jl_worker.jl --input /home/ademin/GroebnerBenchmark/systems/eco/txt/eco_13.txt --field GF(2147483647) --order degrevlex --threads 1 --method groebner_apply!
apply-eco-13-groebner-apply-x4	apply_vs_axf4__snowy_sky_otter	apply-eco-13-groebner-apply-x4	eco	eco-13	systems/eco/eco.md	systems/eco/txt/eco_13.txt	Groebner.groebner_apply! x4	0.10.3	groebner_jl	1	GF(2147483647)	degrevlex		3600	32768	2036	ok	0	0.46934370075	34.621520	2026-05-17T17:49:28Z	2026-05-17T17:50:02Z	calcul-ouragan	Linux-6.1.0-1029-oem-x86_64-with-glibc2.35	13th Gen Intel(R) Core(TM) i9-13900	x86_64	32	64	3.10.12	results/apply_vs_axf4__snowy_sky_otter/logs/apply-eco-13-groebner-apply-x4.log	"/home/ademin/.juliaup/bin/julia --startup-file=no /tmp/gbbench-groebner-jl-jpir987z/groebner_jl_worker.jl --input /home/ademin/GroebnerBenchmark/systems/eco/txt/eco_13.txt --field GF(2147483647) --order degrevlex --threads 1 --method ""groebner_apply! x4"""
apply-eco-13-axf4-t1	apply_vs_axf4__snowy_sky_otter	apply-eco-13-axf4-t1	eco	eco-13	systems/eco/eco.md	systems/eco/txt/eco_13.txt	axf4 -t 1	local-copy	axf4	1	GF(2147483647)	degrevlex		3600	32768	211	ok	0	9.210090	9.210090	2026-05-17T17:50:02Z	2026-05-17T17:50:12Z	calcul-ouragan	Linux-6.1.0-1029-oem-x86_64-with-glibc2.35	13th Gen Intel(R) Core(TM) i9-13900	x86_64	32	64	3.10.12	results/apply_vs_axf4__snowy_sky_otter/logs/apply-eco-13-axf4-t1.log	/home/ademin/GroebnerBenchmark/../axgrob/axf4 -p 2147483647 -v [x1,x2,x3,x4,x5,x6,x7,x8,x9,x10,x11,x12,x13] -t 1 /tmp/gbbench-axf4-zthzf0ms/eco_13.txt
apply-eco-13-axf4-t8	apply_vs_axf4__snowy_sky_otter	apply-eco-13-axf4-t8	eco	eco-13	systems/eco/eco.md	systems/eco/txt/eco_13.txt	axf4 -t 8	local-copy	axf4	8	GF(2147483647)	degrevlex		3600	32768	217	ok	0	2.266244	2.266244	2026-05-17T17:50:12Z	2026-05-17T17:50:14Z	calcul-ouragan	Linux-6.1.0-1029-oem-x86_64-with-glibc2.35	13th Gen Intel(R) Core(TM) i9-13900	x86_64	32	64	3.10.12	results/apply_vs_axf4__snowy_sky_otter/logs/apply-eco-13-axf4-t8.log	/home/ademin/GroebnerBenchmark/../axgrob/axf4 -p 2147483647 -v [x1,x2,x3,x4,x5,x6,x7,x8,x9,x10,x11,x12,x13] -t 8 /tmp/gbbench-axf4-qr1yhnbz/eco_13.txt
apply-eco-14-groebner	apply_vs_axf4__snowy_sky_otter	apply-eco-14-groebner	eco	eco-14	systems/eco/eco.md	systems/eco/txt/eco_14.txt	Groebner.groebner	0.10.3	groebner_jl	1	GF(2147483647)	degrevlex		3600	32768	3827	ok	0	31.860811288	65.595453	2026-05-17T17:50:14Z	2026-05-17T17:51:20Z	calcul-ouragan	Linux-6.1.0-1029-oem-x86_64-with-glibc2.35	13th Gen Intel(R) Core(TM) i9-13900	x86_64	32	64	3.10.12	results/apply_vs_axf4__snowy_sky_otter/logs/apply-eco-14-groebner.log	/home/ademin/.juliaup/bin/julia --startup-file=no /tmp/gbbench-groebner-jl-jpir987z/groebner_jl_worker.jl --input /home/ademin/GroebnerBenchmark/systems/eco/txt/eco_14.txt --field GF(2147483647) --order degrevlex --threads 1 --method groebner
apply-eco-14-groebner-apply	apply_vs_axf4__snowy_sky_otter	apply-eco-14-groebner-apply	eco	eco-14	systems/eco/eco.md	systems/eco/txt/eco_14.txt	Groebner.groebner_apply!	0.10.3	groebner_jl	1	GF(2147483647)	degrevlex		3600	32768	5005	ok	0	18.968126023	289.449654	2026-05-17T17:51:20Z	2026-05-17T17:56:09Z	calcul-ouragan	Linux-6.1.0-1029-oem-x86_64-with-glibc2.35	13th Gen Intel(R) Core(TM) i9-13900	x86_64	32	64	3.10.12	results/apply_vs_axf4__snowy_sky_otter/logs/apply-eco-14-groebner-apply.log	/home/ademin/.juliaup/bin/julia --startup-file=no /tmp/gbbench-groebner-jl-jpir987z/groebner_jl_worker.jl --input /home/ademin/GroebnerBenchmark/systems/eco/txt/eco_14.txt --field GF(2147483647) --order degrevlex --threads 1 --method groebner_apply!
apply-eco-14-groebner-apply-x4	apply_vs_axf4__snowy_sky_otter	apply-eco-14-groebner-apply-x4	eco	eco-14	systems/eco/eco.md	systems/eco/txt/eco_14.txt	Groebner.groebner_apply! x4	0.10.3	groebner_jl	1	GF(2147483647)	degrevlex		3600	32768	9099	ok	0	6.61672302725	306.628940	2026-05-17T17:56:09Z	2026-05-17T18:01:16Z	calcul-ouragan	Linux-6.1.0-1029-oem-x86_64-with-glibc2.35	13th Gen Intel(R) Core(TM) i9-13900	x86_64	32	64	3.10.12	results/apply_vs_axf4__snowy_sky_otter/logs/apply-eco-14-groebner-apply-x4.log	"/home/ademin/.juliaup/bin/julia --startup-file=no /tmp/gbbench-groebner-jl-jpir987z/groebner_jl_worker.jl --input /home/ademin/GroebnerBenchmark/systems/eco/txt/eco_14.txt --field GF(2147483647) --order degrevlex --threads 1 --method ""groebner_apply! x4"""
apply-eco-14-axf4-t1	apply_vs_axf4__snowy_sky_otter	apply-eco-14-axf4-t1	eco	eco-14	systems/eco/eco.md	systems/eco/txt/eco_14.txt	axf4 -t 1	local-copy	axf4	1	GF(2147483647)	degrevlex		3600	32768	1769	ok	0	126.334484	126.334484	2026-05-17T18:01:16Z	2026-05-17T18:03:22Z	calcul-ouragan	Linux-6.1.0-1029-oem-x86_64-with-glibc2.35	13th Gen Intel(R) Core(TM) i9-13900	x86_64	32	64	3.10.12	results/apply_vs_axf4__snowy_sky_otter/logs/apply-eco-14-axf4-t1.log	/home/ademin/GroebnerBenchmark/../axgrob/axf4 -p 2147483647 -v [x1,x2,x3,x4,x5,x6,x7,x8,x9,x10,x11,x12,x13,x14] -t 1 /tmp/gbbench-axf4-7_3quaq1/eco_14.txt
apply-eco-14-axf4-t8	apply_vs_axf4__snowy_sky_otter	apply-eco-14-axf4-t8	eco	eco-14	systems/eco/eco.md	systems/eco/txt/eco_14.txt	axf4 -t 8	local-copy	axf4	8	GF(2147483647)	degrevlex		3600	32768	1813	ok	0	24.253363	24.253363	2026-05-17T18:03:22Z	2026-05-17T18:03:46Z	calcul-ouragan	Linux-6.1.0-1029-oem-x86_64-with-glibc2.35	13th Gen Intel(R) Core(TM) i9-13900	x86_64	32	64	3.10.12	results/apply_vs_axf4__snowy_sky_otter/logs/apply-eco-14-axf4-t8.log	/home/ademin/GroebnerBenchmark/../axgrob/axf4 -p 2147483647 -v [x1,x2,x3,x4,x5,x6,x7,x8,x9,x10,x11,x12,x13,x14] -t 8 /tmp/gbbench-axf4-d0igto8b/eco_14.txt
apply-eco-9-groebner	apply_vs_axf4__snowy_sky_otter	apply-eco-9-groebner	eco	eco-9	systems/eco/eco.md	systems/eco/txt/eco_9.txt	Groebner.groebner	0.10.3	groebner_jl	1	GF(2147483647)	degrevlex		3600	32768	587	ok	0	0.00573619	2.521787	2026-05-17T18:03:46Z	2026-05-17T18:03:49Z	calcul-ouragan	Linux-6.1.0-1029-oem-x86_64-with-glibc2.35	13th Gen Intel(R) Core(TM) i9-13900	x86_64	32	64	3.10.12	results/apply_vs_axf4__snowy_sky_otter/logs/apply-eco-9-groebner.log	/home/ademin/.juliaup/bin/julia --startup-file=no /tmp/gbbench-groebner-jl-jpir987z/groebner_jl_worker.jl --input /home/ademin/GroebnerBenchmark/systems/eco/txt/eco_9.txt --field GF(2147483647) --order degrevlex --threads 1 --method groebner
apply-eco-9-groebner-apply	apply_vs_axf4__snowy_sky_otter	apply-eco-9-groebner-apply	eco	eco-9	systems/eco/eco.md	systems/eco/txt/eco_9.txt	Groebner.groebner_apply!	0.10.3	groebner_jl	1	GF(2147483647)	degrevlex		3600	32768	590	ok	0	0.0020109	3.074414	2026-05-17T18:03:49Z	2026-05-17T18:03:52Z	calcul-ouragan	Linux-6.1.0-1029-oem-x86_64-with-glibc2.35	13th Gen Intel(R) Core(TM) i9-13900	x86_64	32	64	3.10.12	results/apply_vs_axf4__snowy_sky_otter/logs/apply-eco-9-groebner-apply.log	/home/ademin/.juliaup/bin/julia --startup-file=no /tmp/gbbench-groebner-jl-jpir987z/groebner_jl_worker.jl --input /home/ademin/GroebnerBenchmark/systems/eco/txt/eco_9.txt --field GF(2147483647) --order degrevlex --threads 1 --method groebner_apply!
apply-eco-9-groebner-apply-x4	apply_vs_axf4__snowy_sky_otter	apply-eco-9-groebner-apply-x4	eco	eco-9	systems/eco/eco.md	systems/eco/txt/eco_9.txt	Groebner.groebner_apply! x4	0.10.3	groebner_jl	1	GF(2147483647)	degrevlex		3600	32768	607	ok	0	0.003272269	4.188471	2026-05-17T18:03:52Z	2026-05-17T18:03:56Z	calcul-ouragan	Linux-6.1.0-1029-oem-x86_64-with-glibc2.35	13th Gen Intel(R) Core(TM) i9-13900	x86_64	32	64	3.10.12	results/apply_vs_axf4__snowy_sky_otter/logs/apply-eco-9-groebner-apply-x4.log	"/home/ademin/.juliaup/bin/julia --startup-file=no /tmp/gbbench-groebner-jl-jpir987z/groebner_jl_worker.jl --input /home/ademin/GroebnerBenchmark/systems/eco/txt/eco_9.txt --field GF(2147483647) --order degrevlex --threads 1 --method ""groebner_apply! x4"""
apply-eco-9-axf4-t1	apply_vs_axf4__snowy_sky_otter	apply-eco-9-axf4-t1	eco	eco-9	systems/eco/eco.md	systems/eco/txt/eco_9.txt	axf4 -t 1	local-copy	axf4	1	GF(2147483647)	degrevlex		3600	32768	56	ok	0	0.092008	0.092008	2026-05-17T18:03:56Z	2026-05-17T18:03:56Z	calcul-ouragan	Linux-6.1.0-1029-oem-x86_64-with-glibc2.35	13th Gen Intel(R) Core(TM) i9-13900	x86_64	32	64	3.10.12	results/apply_vs_axf4__snowy_sky_otter/logs/apply-eco-9-axf4-t1.log	/home/ademin/GroebnerBenchmark/../axgrob/axf4 -p 2147483647 -v [x1,x2,x3,x4,x5,x6,x7,x8,x9] -t 1 /tmp/gbbench-axf4-bvfpedeb/eco_9.txt
apply-eco-9-axf4-t8	apply_vs_axf4__snowy_sky_otter	apply-eco-9-axf4-t8	eco	eco-9	systems/eco/eco.md	systems/eco/txt/eco_9.txt	axf4 -t 8	local-copy	axf4	8	GF(2147483647)	degrevlex		3600	32768	56	ok	0	0.060462	0.060462	2026-05-17T18:03:56Z	2026-05-17T18:03:56Z	calcul-ouragan	Linux-6.1.0-1029-oem-x86_64-with-glibc2.35	13th Gen Intel(R) Core(TM) i9-13900	x86_64	32	64	3.10.12	results/apply_vs_axf4__snowy_sky_otter/logs/apply-eco-9-axf4-t8.log	/home/ademin/GroebnerBenchmark/../axgrob/axf4 -p 2147483647 -v [x1,x2,x3,x4,x5,x6,x7,x8,x9] -t 8 /tmp/gbbench-axf4-73v1uyx1/eco_9.txt
apply-fab_4-groebner	apply_vs_axf4__snowy_sky_otter	apply-fab_4-groebner	fab_4	fab_4	systems/fab_4/fab_4.md	systems/fab_4/txt/fab_4.txt	Groebner.groebner	0.10.3	groebner_jl	1	GF(2147483647)	degrevlex		3600	32768	574	ok	0	0.062330488	1.754949	2026-05-17T18:03:56Z	2026-05-17T18:03:58Z	calcul-ouragan	Linux-6.1.0-1029-oem-x86_64-with-glibc2.35	13th Gen Intel(R) Core(TM) i9-13900	x86_64	32	64	3.10.12	results/apply_vs_axf4__snowy_sky_otter/logs/apply-fab_4-groebner.log	/home/ademin/.juliaup/bin/julia --startup-file=no /tmp/gbbench-groebner-jl-jpir987z/groebner_jl_worker.jl --input /home/ademin/GroebnerBenchmark/systems/fab_4/txt/fab_4.txt --field GF(2147483647) --order degrevlex --threads 1 --method groebner
apply-fab_4-groebner-apply	apply_vs_axf4__snowy_sky_otter	apply-fab_4-groebner-apply	fab_4	fab_4	systems/fab_4/fab_4.md	systems/fab_4/txt/fab_4.txt	Groebner.groebner_apply!	0.10.3	groebner_jl	1	GF(2147483647)	degrevlex		3600	32768	586	ok	0	0.039786286	1.930573	2026-05-17T18:03:58Z	2026-05-17T18:04:00Z	calcul-ouragan	Linux-6.1.0-1029-oem-x86_64-with-glibc2.35	13th Gen Intel(R) Core(TM) i9-13900	x86_64	32	64	3.10.12	results/apply_vs_axf4__snowy_sky_otter/logs/apply-fab_4-groebner-apply.log	/home/ademin/.juliaup/bin/julia --startup-file=no /tmp/gbbench-groebner-jl-jpir987z/groebner_jl_worker.jl --input /home/ademin/GroebnerBenchmark/systems/fab_4/txt/fab_4.txt --field GF(2147483647) --order degrevlex --threads 1 --method groebner_apply!
apply-fab_4-groebner-apply-x4	apply_vs_axf4__snowy_sky_otter	apply-fab_4-groebner-apply-x4	fab_4	fab_4	systems/fab_4/fab_4.md	systems/fab_4/txt/fab_4.txt	Groebner.groebner_apply! x4	0.10.3	groebner_jl	1	GF(2147483647)	degrevlex		3600	32768	672	ok	0	0.01493208875	3.267461	2026-05-17T18:04:00Z	2026-05-17T18:04:03Z	calcul-ouragan	Linux-6.1.0-1029-oem-x86_64-with-glibc2.35	13th Gen Intel(R) Core(TM) i9-13900	x86_64	32	64	3.10.12	results/apply_vs_axf4__snowy_sky_otter/logs/apply-fab_4-groebner-apply-x4.log	"/home/ademin/.juliaup/bin/julia --startup-file=no /tmp/gbbench-groebner-jl-jpir987z/groebner_jl_worker.jl --input /home/ademin/GroebnerBenchmark/systems/fab_4/txt/fab_4.txt --field GF(2147483647) --order degrevlex --threads 1 --method ""groebner_apply! x4"""
apply-fab_4-axf4-t1	apply_vs_axf4__snowy_sky_otter	apply-fab_4-axf4-t1	fab_4	fab_4	systems/fab_4/fab_4.md	systems/fab_4/txt/fab_4.txt	axf4 -t 1	local-copy	axf4	1	GF(2147483647)	degrevlex		3600	32768	43	ok	0	0.493472	0.493472	2026-05-17T18:04:03Z	2026-05-17T18:04:04Z	calcul-ouragan	Linux-6.1.0-1029-oem-x86_64-with-glibc2.35	13th Gen Intel(R) Core(TM) i9-13900	x86_64	32	64	3.10.12	results/apply_vs_axf4__snowy_sky_otter/logs/apply-fab_4-axf4-t1.log	/home/ademin/GroebnerBenchmark/../axgrob/axf4 -p 2147483647 -v [x1,x2,x3,x4] -t 1 /tmp/gbbench-axf4-4f_73itq/fab_4.txt
apply-fab_4-axf4-t8	apply_vs_axf4__snowy_sky_otter	apply-fab_4-axf4-t8	fab_4	fab_4	systems/fab_4/fab_4.md	systems/fab_4/txt/fab_4.txt	axf4 -t 8	local-copy	axf4	8	GF(2147483647)	degrevlex		3600	32768	46	ok	0	0.085161	0.085161	2026-05-17T18:04:04Z	2026-05-17T18:04:04Z	calcul-ouragan	Linux-6.1.0-1029-oem-x86_64-with-glibc2.35	13th Gen Intel(R) Core(TM) i9-13900	x86_64	32	64	3.10.12	results/apply_vs_axf4__snowy_sky_otter/logs/apply-fab_4-axf4-t8.log	/home/ademin/GroebnerBenchmark/../axgrob/axf4 -p 2147483647 -v [x1,x2,x3,x4] -t 8 /tmp/gbbench-axf4-k2evpi17/fab_4.txt
apply-gametwo7-groebner	apply_vs_axf4__snowy_sky_otter	apply-gametwo7-groebner	gametwo7	gametwo7	systems/gametwo7/gametwo7.md	systems/gametwo7/txt/gametwo7.txt	Groebner.groebner	0.10.3	groebner_jl	1	GF(2147483647)	degrevlex		3600	32768	1144	ok	0	4.408773458	10.598119	2026-05-17T18:04:04Z	2026-05-17T18:04:14Z	calcul-ouragan	Linux-6.1.0-1029-oem-x86_64-with-glibc2.35	13th Gen Intel(R) Core(TM) i9-13900	x86_64	32	64	3.10.12	results/apply_vs_axf4__snowy_sky_otter/logs/apply-gametwo7-groebner.log	/home/ademin/.juliaup/bin/julia --startup-file=no /tmp/gbbench-groebner-jl-jpir987z/groebner_jl_worker.jl --input /home/ademin/GroebnerBenchmark/systems/gametwo7/txt/gametwo7.txt --field GF(2147483647) --order degrevlex --threads 1 --method groebner
apply-gametwo7-groebner-apply	apply_vs_axf4__snowy_sky_otter	apply-gametwo7-groebner-apply	gametwo7	gametwo7	systems/gametwo7/gametwo7.md	systems/gametwo7/txt/gametwo7.txt	Groebner.groebner_apply!	0.10.3	groebner_jl	1	GF(2147483647)	degrevlex		3600	32768	1245	ok	0	2.686102494	24.948575	2026-05-17T18:04:14Z	2026-05-17T18:04:39Z	calcul-ouragan	Linux-6.1.0-1029-oem-x86_64-with-glibc2.35	13th Gen Intel(R) Core(TM) i9-13900	x86_64	32	64	3.10.12	results/apply_vs_axf4__snowy_sky_otter/logs/apply-gametwo7-groebner-apply.log	/home/ademin/.juliaup/bin/julia --startup-file=no /tmp/gbbench-groebner-jl-jpir987z/groebner_jl_worker.jl --input /home/ademin/GroebnerBenchmark/systems/gametwo7/txt/gametwo7.txt --field GF(2147483647) --order degrevlex --threads 1 --method groebner_apply!
apply-gametwo7-groebner-apply-x4	apply_vs_axf4__snowy_sky_otter	apply-gametwo7-groebner-apply-x4	gametwo7	gametwo7	systems/gametwo7/gametwo7.md	systems/gametwo7/txt/gametwo7.txt	Groebner.groebner_apply! x4	0.10.3	groebner_jl	1	GF(2147483647)	degrevlex		3600	32768	2497	ok	0	0.981519811	28.814538	2026-05-17T18:04:39Z	2026-05-17T18:05:08Z	calcul-ouragan	Linux-6.1.0-1029-oem-x86_64-with-glibc2.35	13th Gen Intel(R) Core(TM) i9-13900	x86_64	32	64	3.10.12	results/apply_vs_axf4__snowy_sky_otter/logs/apply-gametwo7-groebner-apply-x4.log	"/home/ademin/.juliaup/bin/julia --startup-file=no /tmp/gbbench-groebner-jl-jpir987z/groebner_jl_worker.jl --input /home/ademin/GroebnerBenchmark/systems/gametwo7/txt/gametwo7.txt --field GF(2147483647) --order degrevlex --threads 1 --method ""groebner_apply! x4"""
apply-gametwo7-axf4-t1	apply_vs_axf4__snowy_sky_otter	apply-gametwo7-axf4-t1	gametwo7	gametwo7	systems/gametwo7/gametwo7.md	systems/gametwo7/txt/gametwo7.txt	axf4 -t 1	local-copy	axf4	1	GF(2147483647)	degrevlex		3600	32768	239	ok	0	7.479566	7.479566	2026-05-17T18:05:08Z	2026-05-17T18:05:16Z	calcul-ouragan	Linux-6.1.0-1029-oem-x86_64-with-glibc2.35	13th Gen Intel(R) Core(TM) i9-13900	x86_64	32	64	3.10.12	results/apply_vs_axf4__snowy_sky_otter/logs/apply-gametwo7-axf4-t1.log	/home/ademin/GroebnerBenchmark/../axgrob/axf4 -p 2147483647 -v [p1,p2,p3,p4,p5,p6,p7] -t 1 /tmp/gbbench-axf4-zo0b0cna/gametwo7.txt
apply-gametwo7-axf4-t8	apply_vs_axf4__snowy_sky_otter	apply-gametwo7-axf4-t8	gametwo7	gametwo7	systems/gametwo7/gametwo7.md	systems/gametwo7/txt/gametwo7.txt	axf4 -t 8	local-copy	axf4	8	GF(2147483647)	degrevlex		3600	32768	274	ok	0	1.725337	1.725337	2026-05-17T18:05:16Z	2026-05-17T18:05:17Z	calcul-ouragan	Linux-6.1.0-1029-oem-x86_64-with-glibc2.35	13th Gen Intel(R) Core(TM) i9-13900	x86_64	32	64	3.10.12	results/apply_vs_axf4__snowy_sky_otter/logs/apply-gametwo7-axf4-t8.log	/home/ademin/GroebnerBenchmark/../axgrob/axf4 -p 2147483647 -v [p1,p2,p3,p4,p5,p6,p7] -t 8 /tmp/gbbench-axf4-q8fhyk4s/gametwo7.txt
apply-goodwin-groebner	apply_vs_axf4__snowy_sky_otter	apply-goodwin-groebner	goodwin	goodwin	systems/goodwin/goodwin.md	systems/goodwin/txt/goodwin.txt	Groebner.groebner	0.10.3	groebner_jl	1	GF(2147483647)	degrevlex		3600	32768	2442	ok	0	52.822959269	107.522827	2026-05-17T18:05:17Z	2026-05-17T18:07:05Z	calcul-ouragan	Linux-6.1.0-1029-oem-x86_64-with-glibc2.35	13th Gen Intel(R) Core(TM) i9-13900	x86_64	32	64	3.10.12	results/apply_vs_axf4__snowy_sky_otter/logs/apply-goodwin-groebner.log	/home/ademin/.juliaup/bin/julia --startup-file=no /tmp/gbbench-groebner-jl-jpir987z/groebner_jl_worker.jl --input /home/ademin/GroebnerBenchmark/systems/goodwin/txt/goodwin.txt --field GF(2147483647) --order degrevlex --threads 1 --method groebner
apply-goodwin-groebner-apply	apply_vs_axf4__snowy_sky_otter	apply-goodwin-groebner-apply	goodwin	goodwin	systems/goodwin/goodwin.md	systems/goodwin/txt/goodwin.txt	Groebner.groebner_apply!	0.10.3	groebner_jl	1	GF(2147483647)	degrevlex		3600	32768	2034	ok	0	7.040448862	71.898632	2026-05-17T18:07:05Z	2026-05-17T18:08:17Z	calcul-ouragan	Linux-6.1.0-1029-oem-x86_64-with-glibc2.35	13th Gen Intel(R) Core(TM) i9-13900	x86_64	32	64	3.10.12	results/apply_vs_axf4__snowy_sky_otter/logs/apply-goodwin-groebner-apply.log	/home/ademin/.juliaup/bin/julia --startup-file=no /tmp/gbbench-groebner-jl-jpir987z/groebner_jl_worker.jl --input /home/ademin/GroebnerBenchmark/systems/goodwin/txt/goodwin.txt --field GF(2147483647) --order degrevlex --threads 1 --method groebner_apply!
apply-goodwin-groebner-apply-x4	apply_vs_axf4__snowy_sky_otter	apply-goodwin-groebner-apply-x4	goodwin	goodwin	systems/goodwin/goodwin.md	systems/goodwin/txt/goodwin.txt	Groebner.groebner_apply! x4	0.10.3	groebner_jl	1	GF(2147483647)	degrevlex		3600	32768	2036	ok	0	2.397481539	77.859841	2026-05-17T18:08:17Z	2026-05-17T18:09:35Z	calcul-ouragan	Linux-6.1.0-1029-oem-x86_64-with-glibc2.35	13th Gen Intel(R) Core(TM) i9-13900	x86_64	32	64	3.10.12	results/apply_vs_axf4__snowy_sky_otter/logs/apply-goodwin-groebner-apply-x4.log	"/home/ademin/.juliaup/bin/julia --startup-file=no /tmp/gbbench-groebner-jl-jpir987z/groebner_jl_worker.jl --input /home/ademin/GroebnerBenchmark/systems/goodwin/txt/goodwin.txt --field GF(2147483647) --order degrevlex --threads 1 --method ""groebner_apply! x4"""
apply-goodwin-axf4-t1	apply_vs_axf4__snowy_sky_otter	apply-goodwin-axf4-t1	goodwin	goodwin	systems/goodwin/goodwin.md	systems/goodwin/txt/goodwin.txt	axf4 -t 1	local-copy	axf4	1	GF(2147483647)	degrevlex		3600	32768	991	ok	0	54.577556	54.577556	2026-05-17T18:09:35Z	2026-05-17T18:10:29Z	calcul-ouragan	Linux-6.1.0-1029-oem-x86_64-with-glibc2.35	13th Gen Intel(R) Core(TM) i9-13900	x86_64	32	64	3.10.12	results/apply_vs_axf4__snowy_sky_otter/logs/apply-goodwin-axf4-t1.log	/home/ademin/GroebnerBenchmark/../axgrob/axf4 -p 2147483647 -v [x1_9,x1_8,x4_8,x1_7,x2_7,x3_7,x4_7,x1_6,x2_6,x3_6,x4_6,x1_5,x2_5,x3_5,x4_5,x1_4,x2_4,x3_4,x4_4,x1_3,x2_3,x3_3,x4_3,x1_2,x2_2,x3_2,x4_2,x1_1,x2_1,x3_1,x4_1,x1_0,x2_0,x3_0,x4_0,z_aux,b_0,c_0,alpha_0,beta_0,gama_0,delta_0,sigma_0] -t 1 /tmp/gbbench-axf4-kdgfizoz/goodwin.txt
apply-goodwin-axf4-t8	apply_vs_axf4__snowy_sky_otter	apply-goodwin-axf4-t8	goodwin	goodwin	systems/goodwin/goodwin.md	systems/goodwin/txt/goodwin.txt	axf4 -t 8	local-copy	axf4	8	GF(2147483647)	degrevlex		3600	32768	1127	ok	0	32.689753	32.689753	2026-05-17T18:10:29Z	2026-05-17T18:11:02Z	calcul-ouragan	Linux-6.1.0-1029-oem-x86_64-with-glibc2.35	13th Gen Intel(R) Core(TM) i9-13900	x86_64	32	64	3.10.12	results/apply_vs_axf4__snowy_sky_otter/logs/apply-goodwin-axf4-t8.log	/home/ademin/GroebnerBenchmark/../axgrob/axf4 -p 2147483647 -v [x1_9,x1_8,x4_8,x1_7,x2_7,x3_7,x4_7,x1_6,x2_6,x3_6,x4_6,x1_5,x2_5,x3_5,x4_5,x1_4,x2_4,x3_4,x4_4,x1_3,x2_3,x3_3,x4_3,x1_2,x2_2,x3_2,x4_2,x1_1,x2_1,x3_1,x4_1,x1_0,x2_0,x3_0,x4_0,z_aux,b_0,c_0,alpha_0,beta_0,gama_0,delta_0,sigma_0] -t 8 /tmp/gbbench-axf4-qsrbt2e9/goodwin.txt
apply-he6_sq_1-groebner	apply_vs_axf4__snowy_sky_otter	apply-he6_sq_1-groebner	he6_sq_1	he6_sq_1	systems/he6_sq_1/he6_sq_1.md	systems/he6_sq_1/txt/he6_sq_1.txt	Groebner.groebner	0.10.3	groebner_jl	1	GF(2147483647)	degrevlex		3600	32768	574	ok	0	0.051601522	1.727302	2026-05-17T18:11:02Z	2026-05-17T18:11:04Z	calcul-ouragan	Linux-6.1.0-1029-oem-x86_64-with-glibc2.35	13th Gen Intel(R) Core(TM) i9-13900	x86_64	32	64	3.10.12	results/apply_vs_axf4__snowy_sky_otter/logs/apply-he6_sq_1-groebner.log	/home/ademin/.juliaup/bin/julia --startup-file=no /tmp/gbbench-groebner-jl-jpir987z/groebner_jl_worker.jl --input /home/ademin/GroebnerBenchmark/systems/he6_sq_1/txt/he6_sq_1.txt --field GF(2147483647) --order degrevlex --threads 1 --method groebner
apply-he6_sq_1-groebner-apply	apply_vs_axf4__snowy_sky_otter	apply-he6_sq_1-groebner-apply	he6_sq_1	he6_sq_1	systems/he6_sq_1/he6_sq_1.md	systems/he6_sq_1/txt/he6_sq_1.txt	Groebner.groebner_apply!	0.10.3	groebner_jl	1	GF(2147483647)	degrevlex		3600	32768	584	ok	0	0.027197318	1.834236	2026-05-17T18:11:04Z	2026-05-17T18:11:05Z	calcul-ouragan	Linux-6.1.0-1029-oem-x86_64-with-glibc2.35	13th Gen Intel(R) Core(TM) i9-13900	x86_64	32	64	3.10.12	results/apply_vs_axf4__snowy_sky_otter/logs/apply-he6_sq_1-groebner-apply.log	/home/ademin/.juliaup/bin/julia --startup-file=no /tmp/gbbench-groebner-jl-jpir987z/groebner_jl_worker.jl --input /home/ademin/GroebnerBenchmark/systems/he6_sq_1/txt/he6_sq_1.txt --field GF(2147483647) --order degrevlex --threads 1 --method groebner_apply!
apply-he6_sq_1-groebner-apply-x4	apply_vs_axf4__snowy_sky_otter	apply-he6_sq_1-groebner-apply-x4	he6_sq_1	he6_sq_1	systems/he6_sq_1/he6_sq_1.md	systems/he6_sq_1/txt/he6_sq_1.txt	Groebner.groebner_apply! x4	0.10.3	groebner_jl	1	GF(2147483647)	degrevlex		3600	32768	683	ok	0	0.013317183	3.233889	2026-05-17T18:11:05Z	2026-05-17T18:11:09Z	calcul-ouragan	Linux-6.1.0-1029-oem-x86_64-with-glibc2.35	13th Gen Intel(R) Core(TM) i9-13900	x86_64	32	64	3.10.12	results/apply_vs_axf4__snowy_sky_otter/logs/apply-he6_sq_1-groebner-apply-x4.log	"/home/ademin/.juliaup/bin/julia --startup-file=no /tmp/gbbench-groebner-jl-jpir987z/groebner_jl_worker.jl --input /home/ademin/GroebnerBenchmark/systems/he6_sq_1/txt/he6_sq_1.txt --field GF(2147483647) --order degrevlex --threads 1 --method ""groebner_apply! x4"""
apply-he6_sq_1-axf4-t1	apply_vs_axf4__snowy_sky_otter	apply-he6_sq_1-axf4-t1	he6_sq_1	he6_sq_1	systems/he6_sq_1/he6_sq_1.md	systems/he6_sq_1/txt/he6_sq_1.txt	axf4 -t 1	local-copy	axf4	1	GF(2147483647)	degrevlex		3600	32768	52	ok	0	0.424922	0.424922	2026-05-17T18:11:09Z	2026-05-17T18:11:09Z	calcul-ouragan	Linux-6.1.0-1029-oem-x86_64-with-glibc2.35	13th Gen Intel(R) Core(TM) i9-13900	x86_64	32	64	3.10.12	results/apply_vs_axf4__snowy_sky_otter/logs/apply-he6_sq_1-axf4-t1.log	/home/ademin/GroebnerBenchmark/../axgrob/axf4 -p 2147483647 -v [f1,f2,f3,f4,f5,f6] -t 1 /tmp/gbbench-axf4-8aycltd4/he6_sq_1.txt
apply-he6_sq_1-axf4-t8	apply_vs_axf4__snowy_sky_otter	apply-he6_sq_1-axf4-t8	he6_sq_1	he6_sq_1	systems/he6_sq_1/he6_sq_1.md	systems/he6_sq_1/txt/he6_sq_1.txt	axf4 -t 8	local-copy	axf4	8	GF(2147483647)	degrevlex		3600	32768	55	ok	0	0.087976	0.087976	2026-05-17T18:11:09Z	2026-05-17T18:11:09Z	calcul-ouragan	Linux-6.1.0-1029-oem-x86_64-with-glibc2.35	13th Gen Intel(R) Core(TM) i9-13900	x86_64	32	64	3.10.12	results/apply_vs_axf4__snowy_sky_otter/logs/apply-he6_sq_1-axf4-t8.log	/home/ademin/GroebnerBenchmark/../axgrob/axf4 -p 2147483647 -v [f1,f2,f3,f4,f5,f6] -t 8 /tmp/gbbench-axf4-yquyz_gp/he6_sq_1.txt
apply-henrion5-groebner	apply_vs_axf4__snowy_sky_otter	apply-henrion5-groebner	henrion5	henrion5	systems/henrion5/henrion5.md	systems/henrion5/txt/henrion5.txt	Groebner.groebner	0.10.3	groebner_jl	1	GF(2147483647)	degrevlex		3600	32768	553	ok	0	0.000681743	1.616457	2026-05-17T18:11:09Z	2026-05-17T18:11:11Z	calcul-ouragan	Linux-6.1.0-1029-oem-x86_64-with-glibc2.35	13th Gen Intel(R) Core(TM) i9-13900	x86_64	32	64	3.10.12	results/apply_vs_axf4__snowy_sky_otter/logs/apply-henrion5-groebner.log	/home/ademin/.juliaup/bin/julia --startup-file=no /tmp/gbbench-groebner-jl-jpir987z/groebner_jl_worker.jl --input /home/ademin/GroebnerBenchmark/systems/henrion5/txt/henrion5.txt --field GF(2147483647) --order degrevlex --threads 1 --method groebner
apply-henrion5-groebner-apply	apply_vs_axf4__snowy_sky_otter	apply-henrion5-groebner-apply	henrion5	henrion5	systems/henrion5/henrion5.md	systems/henrion5/txt/henrion5.txt	Groebner.groebner_apply!	0.10.3	groebner_jl	1	GF(2147483647)	degrevlex		3600	32768	554	ok	0	0.000329769	1.594007	2026-05-17T18:11:11Z	2026-05-17T18:11:12Z	calcul-ouragan	Linux-6.1.0-1029-oem-x86_64-with-glibc2.35	13th Gen Intel(R) Core(TM) i9-13900	x86_64	32	64	3.10.12	results/apply_vs_axf4__snowy_sky_otter/logs/apply-henrion5-groebner-apply.log	/home/ademin/.juliaup/bin/julia --startup-file=no /tmp/gbbench-groebner-jl-jpir987z/groebner_jl_worker.jl --input /home/ademin/GroebnerBenchmark/systems/henrion5/txt/henrion5.txt --field GF(2147483647) --order degrevlex --threads 1 --method groebner_apply!
apply-henrion5-groebner-apply-x4	apply_vs_axf4__snowy_sky_otter	apply-henrion5-groebner-apply-x4	henrion5	henrion5	systems/henrion5/henrion5.md	systems/henrion5/txt/henrion5.txt	Groebner.groebner_apply! x4	0.10.3	groebner_jl	1	GF(2147483647)	degrevlex		3600	32768	588	ok	0	0.002687656	2.886029	2026-05-17T18:11:12Z	2026-05-17T18:11:15Z	calcul-ouragan	Linux-6.1.0-1029-oem-x86_64-with-glibc2.35	13th Gen Intel(R) Core(TM) i9-13900	x86_64	32	64	3.10.12	results/apply_vs_axf4__snowy_sky_otter/logs/apply-henrion5-groebner-apply-x4.log	"/home/ademin/.juliaup/bin/julia --startup-file=no /tmp/gbbench-groebner-jl-jpir987z/groebner_jl_worker.jl --input /home/ademin/GroebnerBenchmark/systems/henrion5/txt/henrion5.txt --field GF(2147483647) --order degrevlex --threads 1 --method ""groebner_apply! x4"""
apply-henrion5-axf4-t1	apply_vs_axf4__snowy_sky_otter	apply-henrion5-axf4-t1	henrion5	henrion5	systems/henrion5/henrion5.md	systems/henrion5/txt/henrion5.txt	axf4 -t 1	local-copy	axf4	1	GF(2147483647)	degrevlex		3600	32768	37	ok	0	0.025122	0.025122	2026-05-17T18:11:15Z	2026-05-17T18:11:15Z	calcul-ouragan	Linux-6.1.0-1029-oem-x86_64-with-glibc2.35	13th Gen Intel(R) Core(TM) i9-13900	x86_64	32	64	3.10.12	results/apply_vs_axf4__snowy_sky_otter/logs/apply-henrion5-axf4-t1.log	/home/ademin/GroebnerBenchmark/../axgrob/axf4 -p 2147483647 -v [f1,f2,f3,f4,f5,t] -t 1 /tmp/gbbench-axf4-b_l4bssl/henrion5.txt
apply-henrion5-axf4-t8	apply_vs_axf4__snowy_sky_otter	apply-henrion5-axf4-t8	henrion5	henrion5	systems/henrion5/henrion5.md	systems/henrion5/txt/henrion5.txt	axf4 -t 8	local-copy	axf4	8	GF(2147483647)	degrevlex		3600	32768	38	ok	0	0.025290	0.025290	2026-05-17T18:11:15Z	2026-05-17T18:11:15Z	calcul-ouragan	Linux-6.1.0-1029-oem-x86_64-with-glibc2.35	13th Gen Intel(R) Core(TM) i9-13900	x86_64	32	64	3.10.12	results/apply_vs_axf4__snowy_sky_otter/logs/apply-henrion5-axf4-t8.log	/home/ademin/GroebnerBenchmark/../axgrob/axf4 -p 2147483647 -v [f1,f2,f3,f4,f5,t] -t 8 /tmp/gbbench-axf4-0hicn5l0/henrion5.txt
apply-henrion6-groebner	apply_vs_axf4__snowy_sky_otter	apply-henrion6-groebner	henrion6	henrion6	systems/henrion6/henrion6.md	systems/henrion6/txt/henrion6.txt	Groebner.groebner	0.10.3	groebner_jl	1	GF(2147483647)	degrevlex		3600	32768	555	ok	0	0.110565794	1.618902	2026-05-17T18:11:15Z	2026-05-17T18:11:17Z	calcul-ouragan	Linux-6.1.0-1029-oem-x86_64-with-glibc2.35	13th Gen Intel(R) Core(TM) i9-13900	x86_64	32	64	3.10.12	results/apply_vs_axf4__snowy_sky_otter/logs/apply-henrion6-groebner.log	/home/ademin/.juliaup/bin/julia --startup-file=no /tmp/gbbench-groebner-jl-jpir987z/groebner_jl_worker.jl --input /home/ademin/GroebnerBenchmark/systems/henrion6/txt/henrion6.txt --field GF(2147483647) --order degrevlex --threads 1 --method groebner
apply-henrion6-groebner-apply	apply_vs_axf4__snowy_sky_otter	apply-henrion6-groebner-apply	henrion6	henrion6	systems/henrion6/henrion6.md	systems/henrion6/txt/henrion6.txt	Groebner.groebner_apply!	0.10.3	groebner_jl	1	GF(2147483647)	degrevlex		3600	32768	555	ok	0	0.103901049	1.645553	2026-05-17T18:11:17Z	2026-05-17T18:11:19Z	calcul-ouragan	Linux-6.1.0-1029-oem-x86_64-with-glibc2.35	13th Gen Intel(R) Core(TM) i9-13900	x86_64	32	64	3.10.12	results/apply_vs_axf4__snowy_sky_otter/logs/apply-henrion6-groebner-apply.log	/home/ademin/.juliaup/bin/julia --startup-file=no /tmp/gbbench-groebner-jl-jpir987z/groebner_jl_worker.jl --input /home/ademin/GroebnerBenchmark/systems/henrion6/txt/henrion6.txt --field GF(2147483647) --order degrevlex --threads 1 --method groebner_apply!
apply-henrion6-groebner-apply-x4	apply_vs_axf4__snowy_sky_otter	apply-henrion6-groebner-apply-x4	henrion6	henrion6	systems/henrion6/henrion6.md	systems/henrion6/txt/henrion6.txt	Groebner.groebner_apply! x4	0.10.3	groebner_jl	1	GF(2147483647)	degrevlex		3600	32768	619	ok	0	0.0063150695	2.943789	2026-05-17T18:11:19Z	2026-05-17T18:11:22Z	calcul-ouragan	Linux-6.1.0-1029-oem-x86_64-with-glibc2.35	13th Gen Intel(R) Core(TM) i9-13900	x86_64	32	64	3.10.12	results/apply_vs_axf4__snowy_sky_otter/logs/apply-henrion6-groebner-apply-x4.log	"/home/ademin/.juliaup/bin/julia --startup-file=no /tmp/gbbench-groebner-jl-jpir987z/groebner_jl_worker.jl --input /home/ademin/GroebnerBenchmark/systems/henrion6/txt/henrion6.txt --field GF(2147483647) --order degrevlex --threads 1 --method ""groebner_apply! x4"""
apply-henrion6-axf4-t1	apply_vs_axf4__snowy_sky_otter	apply-henrion6-axf4-t1	henrion6	henrion6	systems/henrion6/henrion6.md	systems/henrion6/txt/henrion6.txt	axf4 -t 1	local-copy	axf4	1	GF(2147483647)	degrevlex		3600	32768	44	ok	0	0.169490	0.169490	2026-05-17T18:11:22Z	2026-05-17T18:11:22Z	calcul-ouragan	Linux-6.1.0-1029-oem-x86_64-with-glibc2.35	13th Gen Intel(R) Core(TM) i9-13900	x86_64	32	64	3.10.12	results/apply_vs_axf4__snowy_sky_otter/logs/apply-henrion6-axf4-t1.log	/home/ademin/GroebnerBenchmark/../axgrob/axf4 -p 2147483647 -v [f1,f2,f3,f4,f5,f6] -t 1 /tmp/gbbench-axf4-qldhbmrp/henrion6.txt
apply-henrion6-axf4-t8	apply_vs_axf4__snowy_sky_otter	apply-henrion6-axf4-t8	henrion6	henrion6	systems/henrion6/henrion6.md	systems/henrion6/txt/henrion6.txt	axf4 -t 8	local-copy	axf4	8	GF(2147483647)	degrevlex		3600	32768	45	ok	0	0.051609	0.051609	2026-05-17T18:11:22Z	2026-05-17T18:11:22Z	calcul-ouragan	Linux-6.1.0-1029-oem-x86_64-with-glibc2.35	13th Gen Intel(R) Core(TM) i9-13900	x86_64	32	64	3.10.12	results/apply_vs_axf4__snowy_sky_otter/logs/apply-henrion6-axf4-t8.log	/home/ademin/GroebnerBenchmark/../axgrob/axf4 -p 2147483647 -v [f1,f2,f3,f4,f5,f6] -t 8 /tmp/gbbench-axf4-tx3gzmk5/henrion6.txt
apply-henrion7-groebner	apply_vs_axf4__snowy_sky_otter	apply-henrion7-groebner	henrion7	henrion7	systems/henrion7/henrion7.md	systems/henrion7/txt/henrion7.txt	Groebner.groebner	0.10.3	groebner_jl	1	GF(2147483647)	degrevlex		3600	32768	840	ok	0	0.835474288	3.454313	2026-05-17T18:11:22Z	2026-05-17T18:11:25Z	calcul-ouragan	Linux-6.1.0-1029-oem-x86_64-with-glibc2.35	13th Gen Intel(R) Core(TM) i9-13900	x86_64	32	64	3.10.12	results/apply_vs_axf4__snowy_sky_otter/logs/apply-henrion7-groebner.log	/home/ademin/.juliaup/bin/julia --startup-file=no /tmp/gbbench-groebner-jl-jpir987z/groebner_jl_worker.jl --input /home/ademin/GroebnerBenchmark/systems/henrion7/txt/henrion7.txt --field GF(2147483647) --order degrevlex --threads 1 --method groebner
apply-henrion7-groebner-apply	apply_vs_axf4__snowy_sky_otter	apply-henrion7-groebner-apply	henrion7	henrion7	systems/henrion7/henrion7.md	systems/henrion7/txt/henrion7.txt	Groebner.groebner_apply!	0.10.3	groebner_jl	1	GF(2147483647)	degrevlex		3600	32768	839	ok	0	0.410861577	4.395602	2026-05-17T18:11:25Z	2026-05-17T18:11:30Z	calcul-ouragan	Linux-6.1.0-1029-oem-x86_64-with-glibc2.35	13th Gen Intel(R) Core(TM) i9-13900	x86_64	32	64	3.10.12	results/apply_vs_axf4__snowy_sky_otter/logs/apply-henrion7-groebner-apply.log	/home/ademin/.juliaup/bin/julia --startup-file=no /tmp/gbbench-groebner-jl-jpir987z/groebner_jl_worker.jl --input /home/ademin/GroebnerBenchmark/systems/henrion7/txt/henrion7.txt --field GF(2147483647) --order degrevlex --threads 1 --method groebner_apply!
apply-henrion7-groebner-apply-x4	apply_vs_axf4__snowy_sky_otter	apply-henrion7-groebner-apply-x4	henrion7	henrion7	systems/henrion7/henrion7.md	systems/henrion7/txt/henrion7.txt	Groebner.groebner_apply! x4	0.10.3	groebner_jl	1	GF(2147483647)	degrevlex		3600	32768	1479	ok	0	0.14134023875	6.257771	2026-05-17T18:11:30Z	2026-05-17T18:11:36Z	calcul-ouragan	Linux-6.1.0-1029-oem-x86_64-with-glibc2.35	13th Gen Intel(R) Core(TM) i9-13900	x86_64	32	64	3.10.12	results/apply_vs_axf4__snowy_sky_otter/logs/apply-henrion7-groebner-apply-x4.log	"/home/ademin/.juliaup/bin/julia --startup-file=no /tmp/gbbench-groebner-jl-jpir987z/groebner_jl_worker.jl --input /home/ademin/GroebnerBenchmark/systems/henrion7/txt/henrion7.txt --field GF(2147483647) --order degrevlex --threads 1 --method ""groebner_apply! x4"""
apply-henrion7-axf4-t1	apply_vs_axf4__snowy_sky_otter	apply-henrion7-axf4-t1	henrion7	henrion7	systems/henrion7/henrion7.md	systems/henrion7/txt/henrion7.txt	axf4 -t 1	local-copy	axf4	1	GF(2147483647)	degrevlex		3600	32768	112	ok	0	2.632428	2.632428	2026-05-17T18:11:36Z	2026-05-17T18:11:39Z	calcul-ouragan	Linux-6.1.0-1029-oem-x86_64-with-glibc2.35	13th Gen Intel(R) Core(TM) i9-13900	x86_64	32	64	3.10.12	results/apply_vs_axf4__snowy_sky_otter/logs/apply-henrion7-axf4-t1.log	/home/ademin/GroebnerBenchmark/../axgrob/axf4 -p 2147483647 -v [f1,f2,f3,f4,f5,f6,f7] -t 1 /tmp/gbbench-axf4-lnlhqhoy/henrion7.txt
apply-henrion7-axf4-t8	apply_vs_axf4__snowy_sky_otter	apply-henrion7-axf4-t8	henrion7	henrion7	systems/henrion7/henrion7.md	systems/henrion7/txt/henrion7.txt	axf4 -t 8	local-copy	axf4	8	GF(2147483647)	degrevlex		3600	32768	129	ok	0	0.602932	0.602932	2026-05-17T18:11:39Z	2026-05-17T18:11:39Z	calcul-ouragan	Linux-6.1.0-1029-oem-x86_64-with-glibc2.35	13th Gen Intel(R) Core(TM) i9-13900	x86_64	32	64	3.10.12	results/apply_vs_axf4__snowy_sky_otter/logs/apply-henrion7-axf4-t8.log	/home/ademin/GroebnerBenchmark/../axgrob/axf4 -p 2147483647 -v [f1,f2,f3,f4,f5,f6,f7] -t 8 /tmp/gbbench-axf4-oqd69x2q/henrion7.txt
apply-henrion8-groebner	apply_vs_axf4__snowy_sky_otter	apply-henrion8-groebner	henrion8	henrion8	systems/henrion8/henrion8.md	systems/henrion8/txt/henrion8.txt	Groebner.groebner	0.10.3	groebner_jl	1	GF(2147483647)	degrevlex		3600	32768	12316	ok	0	133.574315748	270.695829	2026-05-17T18:11:39Z	2026-05-17T18:16:10Z	calcul-ouragan	Linux-6.1.0-1029-oem-x86_64-with-glibc2.35	13th Gen Intel(R) Core(TM) i9-13900	x86_64	32	64	3.10.12	results/apply_vs_axf4__snowy_sky_otter/logs/apply-henrion8-groebner.log	/home/ademin/.juliaup/bin/julia --startup-file=no /tmp/gbbench-groebner-jl-jpir987z/groebner_jl_worker.jl --input /home/ademin/GroebnerBenchmark/systems/henrion8/txt/henrion8.txt --field GF(2147483647) --order degrevlex --threads 1 --method groebner
apply-henrion8-groebner-apply	apply_vs_axf4__snowy_sky_otter	apply-henrion8-groebner-apply	henrion8	henrion8	systems/henrion8/henrion8.md	systems/henrion8/txt/henrion8.txt	Groebner.groebner_apply!	0.10.3	groebner_jl	1	GF(2147483647)	degrevlex		3600	32768	13819	ok	0	70.914323862	786.232459	2026-05-17T18:16:10Z	2026-05-17T18:29:16Z	calcul-ouragan	Linux-6.1.0-1029-oem-x86_64-with-glibc2.35	13th Gen Intel(R) Core(TM) i9-13900	x86_64	32	64	3.10.12	results/apply_vs_axf4__snowy_sky_otter/logs/apply-henrion8-groebner-apply.log	/home/ademin/.juliaup/bin/julia --startup-file=no /tmp/gbbench-groebner-jl-jpir987z/groebner_jl_worker.jl --input /home/ademin/GroebnerBenchmark/systems/henrion8/txt/henrion8.txt --field GF(2147483647) --order degrevlex --threads 1 --method groebner_apply!
apply-henrion8-groebner-apply-x4	apply_vs_axf4__snowy_sky_otter	apply-henrion8-groebner-apply-x4	henrion8	henrion8	systems/henrion8/henrion8.md	systems/henrion8/txt/henrion8.txt	Groebner.groebner_apply! x4	0.10.3	groebner_jl	1	GF(2147483647)	degrevlex		3600	32768	28832	error	134	761.095436	761.095436	2026-05-17T18:29:16Z	2026-05-17T18:41:57Z	calcul-ouragan	Linux-6.1.0-1029-oem-x86_64-with-glibc2.35	13th Gen Intel(R) Core(TM) i9-13900	x86_64	32	64	3.10.12	results/apply_vs_axf4__snowy_sky_otter/logs/apply-henrion8-groebner-apply-x4.log	"/home/ademin/.juliaup/bin/julia --startup-file=no /tmp/gbbench-groebner-jl-jpir987z/groebner_jl_worker.jl --input /home/ademin/GroebnerBenchmark/systems/henrion8/txt/henrion8.txt --field GF(2147483647) --order degrevlex --threads 1 --method ""groebner_apply! x4"""
apply-henrion8-axf4-t1	apply_vs_axf4__snowy_sky_otter	apply-henrion8-axf4-t1	henrion8	henrion8	systems/henrion8/henrion8.md	systems/henrion8/txt/henrion8.txt	axf4 -t 1	local-copy	axf4	1	GF(2147483647)	degrevlex		3600	32768	2833	ok	0	307.504181	307.504181	2026-05-17T18:41:57Z	2026-05-17T18:47:05Z	calcul-ouragan	Linux-6.1.0-1029-oem-x86_64-with-glibc2.35	13th Gen Intel(R) Core(TM) i9-13900	x86_64	32	64	3.10.12	results/apply_vs_axf4__snowy_sky_otter/logs/apply-henrion8-axf4-t1.log	/home/ademin/GroebnerBenchmark/../axgrob/axf4 -p 2147483647 -v [f1,f2,f3,f4,f5,f6,f7,f8] -t 1 /tmp/gbbench-axf4-ndxch2bd/henrion8.txt
apply-henrion8-axf4-t8	apply_vs_axf4__snowy_sky_otter	apply-henrion8-axf4-t8	henrion8	henrion8	systems/henrion8/henrion8.md	systems/henrion8/txt/henrion8.txt	axf4 -t 8	local-copy	axf4	8	GF(2147483647)	degrevlex		3600	32768	3447	ok	0	67.614363	67.614363	2026-05-17T18:47:05Z	2026-05-17T18:48:12Z	calcul-ouragan	Linux-6.1.0-1029-oem-x86_64-with-glibc2.35	13th Gen Intel(R) Core(TM) i9-13900	x86_64	32	64	3.10.12	results/apply_vs_axf4__snowy_sky_otter/logs/apply-henrion8-axf4-t8.log	/home/ademin/GroebnerBenchmark/../axgrob/axf4 -p 2147483647 -v [f1,f2,f3,f4,f5,f6,f7,f8] -t 8 /tmp/gbbench-axf4-r728kvid/henrion8.txt
apply-henrion9-groebner	apply_vs_axf4__snowy_sky_otter	apply-henrion9-groebner	henrion9	henrion9	systems/henrion9/henrion9.md	systems/henrion9/txt/henrion9.txt	Groebner.groebner	0.10.3	groebner_jl	1	GF(2147483647)	degrevlex		3600	32768	28904	error	134	543.307890	543.307890	2026-05-17T18:48:12Z	2026-05-17T18:57:16Z	calcul-ouragan	Linux-6.1.0-1029-oem-x86_64-with-glibc2.35	13th Gen Intel(R) Core(TM) i9-13900	x86_64	32	64	3.10.12	results/apply_vs_axf4__snowy_sky_otter/logs/apply-henrion9-groebner.log	/home/ademin/.juliaup/bin/julia --startup-file=no /tmp/gbbench-groebner-jl-jpir987z/groebner_jl_worker.jl --input /home/ademin/GroebnerBenchmark/systems/henrion9/txt/henrion9.txt --field GF(2147483647) --order degrevlex --threads 1 --method groebner
apply-henrion9-groebner-apply	apply_vs_axf4__snowy_sky_otter	apply-henrion9-groebner-apply	henrion9	henrion9	systems/henrion9/henrion9.md	systems/henrion9/txt/henrion9.txt	Groebner.groebner_apply!	0.10.3	groebner_jl	1	GF(2147483647)	degrevlex		3600	32768	28816	error	134	2400.298630	2400.298630	2026-05-17T18:57:16Z	2026-05-17T19:37:16Z	calcul-ouragan	Linux-6.1.0-1029-oem-x86_64-with-glibc2.35	13th Gen Intel(R) Core(TM) i9-13900	x86_64	32	64	3.10.12	results/apply_vs_axf4__snowy_sky_otter/logs/apply-henrion9-groebner-apply.log	/home/ademin/.juliaup/bin/julia --startup-file=no /tmp/gbbench-groebner-jl-jpir987z/groebner_jl_worker.jl --input /home/ademin/GroebnerBenchmark/systems/henrion9/txt/henrion9.txt --field GF(2147483647) --order degrevlex --threads 1 --method groebner_apply!
apply-henrion9-groebner-apply-x4	apply_vs_axf4__snowy_sky_otter	apply-henrion9-groebner-apply-x4	henrion9	henrion9	systems/henrion9/henrion9.md	systems/henrion9/txt/henrion9.txt	Groebner.groebner_apply! x4	0.10.3	groebner_jl	1	GF(2147483647)	degrevlex		3600	32768	28842	error	134	2401.050939	2401.050939	2026-05-17T19:37:16Z	2026-05-17T20:17:17Z	calcul-ouragan	Linux-6.1.0-1029-oem-x86_64-with-glibc2.35	13th Gen Intel(R) Core(TM) i9-13900	x86_64	32	64	3.10.12	results/apply_vs_axf4__snowy_sky_otter/logs/apply-henrion9-groebner-apply-x4.log	"/home/ademin/.juliaup/bin/julia --startup-file=no /tmp/gbbench-groebner-jl-jpir987z/groebner_jl_worker.jl --input /home/ademin/GroebnerBenchmark/systems/henrion9/txt/henrion9.txt --field GF(2147483647) --order degrevlex --threads 1 --method ""groebner_apply! x4"""
apply-henrion9-axf4-t1	apply_vs_axf4__snowy_sky_otter	apply-henrion9-axf4-t1	henrion9	henrion9	systems/henrion9/henrion9.md	systems/henrion9/txt/henrion9.txt	axf4 -t 1	local-copy	axf4	1	GF(2147483647)	degrevlex		3600	32768		timeout		3600.102719	3600.102719	2026-05-17T20:17:17Z	2026-05-17T21:17:17Z	calcul-ouragan	Linux-6.1.0-1029-oem-x86_64-with-glibc2.35	13th Gen Intel(R) Core(TM) i9-13900	x86_64	32	64	3.10.12	results/apply_vs_axf4__snowy_sky_otter/logs/apply-henrion9-axf4-t1.log	
apply-henrion9-axf4-t8	apply_vs_axf4__snowy_sky_otter	apply-henrion9-axf4-t8	henrion9	henrion9	systems/henrion9/henrion9.md	systems/henrion9/txt/henrion9.txt	axf4 -t 8	local-copy	axf4	8	GF(2147483647)	degrevlex		3600	32768	28569	error	139	1095.005562	1095.005562	2026-05-17T21:17:17Z	2026-05-17T21:35:32Z	calcul-ouragan	Linux-6.1.0-1029-oem-x86_64-with-glibc2.35	13th Gen Intel(R) Core(TM) i9-13900	x86_64	32	64	3.10.12	results/apply_vs_axf4__snowy_sky_otter/logs/apply-henrion9-axf4-t8.log	/home/ademin/GroebnerBenchmark/../axgrob/axf4 -p 2147483647 -v [f1,f2,f3,f4,f5,f6,f7,f8,f9] -t 8 /tmp/gbbench-axf4-txs3_4hh/henrion9.txt
apply-hexapod-groebner	apply_vs_axf4__snowy_sky_otter	apply-hexapod-groebner	hexapod	hexapod	systems/hexapod/hexapod.md	systems/hexapod/txt/hexapod.txt	Groebner.groebner	0.10.3	groebner_jl	1	GF(2147483647)	degrevlex		3600	32768	557	ok	0	0.001535228	1.647196	2026-05-17T21:35:32Z	2026-05-17T21:35:34Z	calcul-ouragan	Linux-6.1.0-1029-oem-x86_64-with-glibc2.35	13th Gen Intel(R) Core(TM) i9-13900	x86_64	32	64	3.10.12	results/apply_vs_axf4__snowy_sky_otter/logs/apply-hexapod-groebner.log	/home/ademin/.juliaup/bin/julia --startup-file=no /tmp/gbbench-groebner-jl-jpir987z/groebner_jl_worker.jl --input /home/ademin/GroebnerBenchmark/systems/hexapod/txt/hexapod.txt --field GF(2147483647) --order degrevlex --threads 1 --method groebner
apply-hexapod-groebner-apply	apply_vs_axf4__snowy_sky_otter	apply-hexapod-groebner-apply	hexapod	hexapod	systems/hexapod/hexapod.md	systems/hexapod/txt/hexapod.txt	Groebner.groebner_apply!	0.10.3	groebner_jl	1	GF(2147483647)	degrevlex		3600	32768	558	ok	0	0.00050955	1.640931	2026-05-17T21:35:34Z	2026-05-17T21:35:35Z	calcul-ouragan	Linux-6.1.0-1029-oem-x86_64-with-glibc2.35	13th Gen Intel(R) Core(TM) i9-13900	x86_64	32	64	3.10.12	results/apply_vs_axf4__snowy_sky_otter/logs/apply-hexapod-groebner-apply.log	/home/ademin/.juliaup/bin/julia --startup-file=no /tmp/gbbench-groebner-jl-jpir987z/groebner_jl_worker.jl --input /home/ademin/GroebnerBenchmark/systems/hexapod/txt/hexapod.txt --field GF(2147483647) --order degrevlex --threads 1 --method groebner_apply!
apply-hexapod-groebner-apply-x4	apply_vs_axf4__snowy_sky_otter	apply-hexapod-groebner-apply-x4	hexapod	hexapod	systems/hexapod/hexapod.md	systems/hexapod/txt/hexapod.txt	Groebner.groebner_apply! x4	0.10.3	groebner_jl	1	GF(2147483647)	degrevlex		3600	32768	591	ok	0	0.0027559835	2.950671	2026-05-17T21:35:35Z	2026-05-17T21:35:38Z	calcul-ouragan	Linux-6.1.0-1029-oem-x86_64-with-glibc2.35	13th Gen Intel(R) Core(TM) i9-13900	x86_64	32	64	3.10.12	results/apply_vs_axf4__snowy_sky_otter/logs/apply-hexapod-groebner-apply-x4.log	"/home/ademin/.juliaup/bin/julia --startup-file=no /tmp/gbbench-groebner-jl-jpir987z/groebner_jl_worker.jl --input /home/ademin/GroebnerBenchmark/systems/hexapod/txt/hexapod.txt --field GF(2147483647) --order degrevlex --threads 1 --method ""groebner_apply! x4"""
apply-hexapod-axf4-t1	apply_vs_axf4__snowy_sky_otter	apply-hexapod-axf4-t1	hexapod	hexapod	systems/hexapod/hexapod.md	systems/hexapod/txt/hexapod.txt	axf4 -t 1	local-copy	axf4	1	GF(2147483647)	degrevlex		3600	32768	39	ok	0	0.024812	0.024812	2026-05-17T21:35:38Z	2026-05-17T21:35:38Z	calcul-ouragan	Linux-6.1.0-1029-oem-x86_64-with-glibc2.35	13th Gen Intel(R) Core(TM) i9-13900	x86_64	32	64	3.10.12	results/apply_vs_axf4__snowy_sky_otter/logs/apply-hexapod-axf4-t1.log	/home/ademin/GroebnerBenchmark/../axgrob/axf4 -p 2147483647 -v [t1,t2,t3,a,b,c] -t 1 /tmp/gbbench-axf4-gqlmi1n7/hexapod.txt
apply-hexapod-axf4-t8	apply_vs_axf4__snowy_sky_otter	apply-hexapod-axf4-t8	hexapod	hexapod	systems/hexapod/hexapod.md	systems/hexapod/txt/hexapod.txt	axf4 -t 8	local-copy	axf4	8	GF(2147483647)	degrevlex		3600	32768	40	ok	0	0.023727	0.023727	2026-05-17T21:35:38Z	2026-05-17T21:35:38Z	calcul-ouragan	Linux-6.1.0-1029-oem-x86_64-with-glibc2.35	13th Gen Intel(R) Core(TM) i9-13900	x86_64	32	64	3.10.12	results/apply_vs_axf4__snowy_sky_otter/logs/apply-hexapod-axf4-t8.log	/home/ademin/GroebnerBenchmark/../axgrob/axf4 -p 2147483647 -v [t1,t2,t3,a,b,c] -t 8 /tmp/gbbench-axf4-6db_4syk/hexapod.txt
apply-HIV2-groebner	apply_vs_axf4__snowy_sky_otter	apply-HIV2-groebner	HIV2	HIV2	systems/HIV2/HIV2.md	systems/HIV2/txt/HIV2.txt	Groebner.groebner	0.10.3	groebner_jl	1	GF(2147483647)	degrevlex		3600	32768	675	ok	0	0.755121589	5.049331	2026-05-17T21:35:38Z	2026-05-17T21:35:43Z	calcul-ouragan	Linux-6.1.0-1029-oem-x86_64-with-glibc2.35	13th Gen Intel(R) Core(TM) i9-13900	x86_64	32	64	3.10.12	results/apply_vs_axf4__snowy_sky_otter/logs/apply-HIV2-groebner.log	/home/ademin/.juliaup/bin/julia --startup-file=no /tmp/gbbench-groebner-jl-jpir987z/groebner_jl_worker.jl --input /home/ademin/GroebnerBenchmark/systems/HIV2/txt/HIV2.txt --field GF(2147483647) --order degrevlex --threads 1 --method groebner
apply-HIV2-groebner-apply	apply_vs_axf4__snowy_sky_otter	apply-HIV2-groebner-apply	HIV2	HIV2	systems/HIV2/HIV2.md	systems/HIV2/txt/HIV2.txt	Groebner.groebner_apply!	0.10.3	groebner_jl	1	GF(2147483647)	degrevlex		3600	32768	665	ok	0	0.076331768	4.753683	2026-05-17T21:35:43Z	2026-05-17T21:35:48Z	calcul-ouragan	Linux-6.1.0-1029-oem-x86_64-with-glibc2.35	13th Gen Intel(R) Core(TM) i9-13900	x86_64	32	64	3.10.12	results/apply_vs_axf4__snowy_sky_otter/logs/apply-HIV2-groebner-apply.log	/home/ademin/.juliaup/bin/julia --startup-file=no /tmp/gbbench-groebner-jl-jpir987z/groebner_jl_worker.jl --input /home/ademin/GroebnerBenchmark/systems/HIV2/txt/HIV2.txt --field GF(2147483647) --order degrevlex --threads 1 --method groebner_apply!
apply-HIV2-groebner-apply-x4	apply_vs_axf4__snowy_sky_otter	apply-HIV2-groebner-apply-x4	HIV2	HIV2	systems/HIV2/HIV2.md	systems/HIV2/txt/HIV2.txt	Groebner.groebner_apply! x4	0.10.3	groebner_jl	1	GF(2147483647)	degrevlex		3600	32768	672	ok	0	0.02784917625	5.930905	2026-05-17T21:35:48Z	2026-05-17T21:35:54Z	calcul-ouragan	Linux-6.1.0-1029-oem-x86_64-with-glibc2.35	13th Gen Intel(R) Core(TM) i9-13900	x86_64	32	64	3.10.12	results/apply_vs_axf4__snowy_sky_otter/logs/apply-HIV2-groebner-apply-x4.log	"/home/ademin/.juliaup/bin/julia --startup-file=no /tmp/gbbench-groebner-jl-jpir987z/groebner_jl_worker.jl --input /home/ademin/GroebnerBenchmark/systems/HIV2/txt/HIV2.txt --field GF(2147483647) --order degrevlex --threads 1 --method ""groebner_apply! x4"""
apply-HIV2-axf4-t1	apply_vs_axf4__snowy_sky_otter	apply-HIV2-axf4-t1	HIV2	HIV2	systems/HIV2/HIV2.md	systems/HIV2/txt/HIV2.txt	axf4 -t 1	local-copy	axf4	1	GF(2147483647)	degrevlex		3600	32768	239	ok	0	0.091686	0.091686	2026-05-17T21:35:54Z	2026-05-17T21:35:54Z	calcul-ouragan	Linux-6.1.0-1029-oem-x86_64-with-glibc2.35	13th Gen Intel(R) Core(TM) i9-13900	x86_64	32	64	3.10.12	results/apply_vs_axf4__snowy_sky_otter/logs/apply-HIV2-axf4-t1.log	/home/ademin/GroebnerBenchmark/../axgrob/axf4 -p 2147483647 -v [z_9,w_8,y_8,z_8,x_7,v_7,w_7,y_7,z_7,x_6,v_6,w_6,y_6,z_6,x_5,v_5,w_5,y_5,z_5,x_4,v_4,w_4,y_4,z_4,x_3,v_3,w_3,y_3,z_3,x_2,v_2,w_2,y_2,z_2,x_1,v_1,w_1,y_1,z_1,x_0,v_0,w_0,y_0,z_0,z_aux,lm_0,d_0,beta_0,a_0,k_0,u_0,c_0,q_0,b_0,h_0] -t 1 /tmp/gbbench-axf4-j1le_rzu/HIV2.txt
apply-HIV2-axf4-t8	apply_vs_axf4__snowy_sky_otter	apply-HIV2-axf4-t8	HIV2	HIV2	systems/HIV2/HIV2.md	systems/HIV2/txt/HIV2.txt	axf4 -t 8	local-copy	axf4	8	GF(2147483647)	degrevlex		3600	32768	240	ok	0	0.087781	0.087781	2026-05-17T21:35:54Z	2026-05-17T21:35:54Z	calcul-ouragan	Linux-6.1.0-1029-oem-x86_64-with-glibc2.35	13th Gen Intel(R) Core(TM) i9-13900	x86_64	32	64	3.10.12	results/apply_vs_axf4__snowy_sky_otter/logs/apply-HIV2-axf4-t8.log	/home/ademin/GroebnerBenchmark/../axgrob/axf4 -p 2147483647 -v [z_9,w_8,y_8,z_8,x_7,v_7,w_7,y_7,z_7,x_6,v_6,w_6,y_6,z_6,x_5,v_5,w_5,y_5,z_5,x_4,v_4,w_4,y_4,z_4,x_3,v_3,w_3,y_3,z_3,x_2,v_2,w_2,y_2,z_2,x_1,v_1,w_1,y_1,z_1,x_0,v_0,w_0,y_0,z_0,z_aux,lm_0,d_0,beta_0,a_0,k_0,u_0,c_0,q_0,b_0,h_0] -t 8 /tmp/gbbench-axf4-q7g8jjmu/HIV2.txt
apply-ipp-groebner	apply_vs_axf4__snowy_sky_otter	apply-ipp-groebner	ipp	ipp	systems/ipp/ipp.md	systems/ipp/txt/ipp.txt	Groebner.groebner	0.10.3	groebner_jl	1	GF(2147483647)	degrevlex		3600	32768	590	ok	0	0.002249916	2.548790	2026-05-17T21:35:54Z	2026-05-17T21:35:57Z	calcul-ouragan	Linux-6.1.0-1029-oem-x86_64-with-glibc2.35	13th Gen Intel(R) Core(TM) i9-13900	x86_64	32	64	3.10.12	results/apply_vs_axf4__snowy_sky_otter/logs/apply-ipp-groebner.log	/home/ademin/.juliaup/bin/julia --startup-file=no /tmp/gbbench-groebner-jl-jpir987z/groebner_jl_worker.jl --input /home/ademin/GroebnerBenchmark/systems/ipp/txt/ipp.txt --field GF(2147483647) --order degrevlex --threads 1 --method groebner
apply-ipp-groebner-apply	apply_vs_axf4__snowy_sky_otter	apply-ipp-groebner-apply	ipp	ipp	systems/ipp/ipp.md	systems/ipp/txt/ipp.txt	Groebner.groebner_apply!	0.10.3	groebner_jl	1	GF(2147483647)	degrevlex		3600	32768	589	ok	0	0.000774854	3.108398	2026-05-17T21:35:57Z	2026-05-17T21:36:00Z	calcul-ouragan	Linux-6.1.0-1029-oem-x86_64-with-glibc2.35	13th Gen Intel(R) Core(TM) i9-13900	x86_64	32	64	3.10.12	results/apply_vs_axf4__snowy_sky_otter/logs/apply-ipp-groebner-apply.log	/home/ademin/.juliaup/bin/julia --startup-file=no /tmp/gbbench-groebner-jl-jpir987z/groebner_jl_worker.jl --input /home/ademin/GroebnerBenchmark/systems/ipp/txt/ipp.txt --field GF(2147483647) --order degrevlex --threads 1 --method groebner_apply!
apply-ipp-groebner-apply-x4	apply_vs_axf4__snowy_sky_otter	apply-ipp-groebner-apply-x4	ipp	ipp	systems/ipp/ipp.md	systems/ipp/txt/ipp.txt	Groebner.groebner_apply! x4	0.10.3	groebner_jl	1	GF(2147483647)	degrevlex		3600	32768	597	ok	0	0.0028330235	4.189275	2026-05-17T21:36:00Z	2026-05-17T21:36:04Z	calcul-ouragan	Linux-6.1.0-1029-oem-x86_64-with-glibc2.35	13th Gen Intel(R) Core(TM) i9-13900	x86_64	32	64	3.10.12	results/apply_vs_axf4__snowy_sky_otter/logs/apply-ipp-groebner-apply-x4.log	"/home/ademin/.juliaup/bin/julia --startup-file=no /tmp/gbbench-groebner-jl-jpir987z/groebner_jl_worker.jl --input /home/ademin/GroebnerBenchmark/systems/ipp/txt/ipp.txt --field GF(2147483647) --order degrevlex --threads 1 --method ""groebner_apply! x4"""
apply-ipp-axf4-t1	apply_vs_axf4__snowy_sky_otter	apply-ipp-axf4-t1	ipp	ipp	systems/ipp/ipp.md	systems/ipp/txt/ipp.txt	axf4 -t 1	local-copy	axf4	1	GF(2147483647)	degrevlex		3600	32768	49	ok	0	0.039971	0.039971	2026-05-17T21:36:04Z	2026-05-17T21:36:04Z	calcul-ouragan	Linux-6.1.0-1029-oem-x86_64-with-glibc2.35	13th Gen Intel(R) Core(TM) i9-13900	x86_64	32	64	3.10.12	results/apply_vs_axf4__snowy_sky_otter/logs/apply-ipp-axf4-t1.log	/home/ademin/GroebnerBenchmark/../axgrob/axf4 -p 2147483647 -v [x1,x2,x3,x4,x5,x6,x7,x8] -t 1 /tmp/gbbench-axf4-z2pdbmb0/ipp.txt
apply-ipp-axf4-t8	apply_vs_axf4__snowy_sky_otter	apply-ipp-axf4-t8	ipp	ipp	systems/ipp/ipp.md	systems/ipp/txt/ipp.txt	axf4 -t 8	local-copy	axf4	8	GF(2147483647)	degrevlex		3600	32768	50	ok	0	0.037283	0.037283	2026-05-17T21:36:04Z	2026-05-17T21:36:04Z	calcul-ouragan	Linux-6.1.0-1029-oem-x86_64-with-glibc2.35	13th Gen Intel(R) Core(TM) i9-13900	x86_64	32	64	3.10.12	results/apply_vs_axf4__snowy_sky_otter/logs/apply-ipp-axf4-t8.log	/home/ademin/GroebnerBenchmark/../axgrob/axf4 -p 2147483647 -v [x1,x2,x3,x4,x5,x6,x7,x8] -t 8 /tmp/gbbench-axf4-yi__2xa6/ipp.txt
apply-jason210-groebner	apply_vs_axf4__snowy_sky_otter	apply-jason210-groebner	jason210	jason210	systems/jason210/jason210.md	systems/jason210/txt/jason210.txt	Groebner.groebner	0.10.3	groebner_jl	1	GF(2147483647)	degrevlex		3600	32768	773	ok	0	1.577150379	5.675222	2026-05-17T21:36:04Z	2026-05-17T21:36:10Z	calcul-ouragan	Linux-6.1.0-1029-oem-x86_64-with-glibc2.35	13th Gen Intel(R) Core(TM) i9-13900	x86_64	32	64	3.10.12	results/apply_vs_axf4__snowy_sky_otter/logs/apply-jason210-groebner.log	/home/ademin/.juliaup/bin/julia --startup-file=no /tmp/gbbench-groebner-jl-jpir987z/groebner_jl_worker.jl --input /home/ademin/GroebnerBenchmark/systems/jason210/txt/jason210.txt --field GF(2147483647) --order degrevlex --threads 1 --method groebner
apply-jason210-groebner-apply	apply_vs_axf4__snowy_sky_otter	apply-jason210-groebner-apply	jason210	jason210	systems/jason210/jason210.md	systems/jason210/txt/jason210.txt	Groebner.groebner_apply!	0.10.3	groebner_jl	1	GF(2147483647)	degrevlex		3600	32768	738	ok	0	0.265368471	4.979792	2026-05-17T21:36:10Z	2026-05-17T21:36:15Z	calcul-ouragan	Linux-6.1.0-1029-oem-x86_64-with-glibc2.35	13th Gen Intel(R) Core(TM) i9-13900	x86_64	32	64	3.10.12	results/apply_vs_axf4__snowy_sky_otter/logs/apply-jason210-groebner-apply.log	/home/ademin/.juliaup/bin/julia --startup-file=no /tmp/gbbench-groebner-jl-jpir987z/groebner_jl_worker.jl --input /home/ademin/GroebnerBenchmark/systems/jason210/txt/jason210.txt --field GF(2147483647) --order degrevlex --threads 1 --method groebner_apply!
apply-jason210-groebner-apply-x4	apply_vs_axf4__snowy_sky_otter	apply-jason210-groebner-apply-x4	jason210	jason210	systems/jason210/jason210.md	systems/jason210/txt/jason210.txt	Groebner.groebner_apply! x4	0.10.3	groebner_jl	1	GF(2147483647)	degrevlex		3600	32768	851	ok	0	0.11939586125	6.555962	2026-05-17T21:36:15Z	2026-05-17T21:36:22Z	calcul-ouragan	Linux-6.1.0-1029-oem-x86_64-with-glibc2.35	13th Gen Intel(R) Core(TM) i9-13900	x86_64	32	64	3.10.12	results/apply_vs_axf4__snowy_sky_otter/logs/apply-jason210-groebner-apply-x4.log	"/home/ademin/.juliaup/bin/julia --startup-file=no /tmp/gbbench-groebner-jl-jpir987z/groebner_jl_worker.jl --input /home/ademin/GroebnerBenchmark/systems/jason210/txt/jason210.txt --field GF(2147483647) --order degrevlex --threads 1 --method ""groebner_apply! x4"""
apply-jason210-axf4-t1	apply_vs_axf4__snowy_sky_otter	apply-jason210-axf4-t1	jason210	jason210	systems/jason210/jason210.md	systems/jason210/txt/jason210.txt	axf4 -t 1	local-copy	axf4	1	GF(2147483647)	degrevlex		3600	32768	171	ok	0	6.244009	6.244009	2026-05-17T21:36:22Z	2026-05-17T21:36:28Z	calcul-ouragan	Linux-6.1.0-1029-oem-x86_64-with-glibc2.35	13th Gen Intel(R) Core(TM) i9-13900	x86_64	32	64	3.10.12	results/apply_vs_axf4__snowy_sky_otter/logs/apply-jason210-axf4-t1.log	/home/ademin/GroebnerBenchmark/../axgrob/axf4 -p 2147483647 -v [x1,x2,x3,x4,x5,x6,x7,x8] -t 1 /tmp/gbbench-axf4-ccgkcoz8/jason210.txt
apply-jason210-axf4-t8	apply_vs_axf4__snowy_sky_otter	apply-jason210-axf4-t8	jason210	jason210	systems/jason210/jason210.md	systems/jason210/txt/jason210.txt	axf4 -t 8	local-copy	axf4	8	GF(2147483647)	degrevlex		3600	32768	185	ok	0	2.696808	2.696808	2026-05-17T21:36:28Z	2026-05-17T21:36:30Z	calcul-ouragan	Linux-6.1.0-1029-oem-x86_64-with-glibc2.35	13th Gen Intel(R) Core(TM) i9-13900	x86_64	32	64	3.10.12	results/apply_vs_axf4__snowy_sky_otter/logs/apply-jason210-axf4-t8.log	/home/ademin/GroebnerBenchmark/../axgrob/axf4 -p 2147483647 -v [x1,x2,x3,x4,x5,x6,x7,x8] -t 8 /tmp/gbbench-axf4-hty1phtj/jason210.txt
apply-ka11_sq_1-groebner	apply_vs_axf4__snowy_sky_otter	apply-ka11_sq_1-groebner	ka11_sq_1	ka11_sq_1	systems/ka11_sq_1/ka11_sq_1.md	systems/ka11_sq_1/txt/ka11_sq_1.txt	Groebner.groebner	0.10.3	groebner_jl	1	GF(2147483647)	degrevlex		3600	32768	911	ok	0	1.401376247	5.552139	2026-05-17T21:36:30Z	2026-05-17T21:36:36Z	calcul-ouragan	Linux-6.1.0-1029-oem-x86_64-with-glibc2.35	13th Gen Intel(R) Core(TM) i9-13900	x86_64	32	64	3.10.12	results/apply_vs_axf4__snowy_sky_otter/logs/apply-ka11_sq_1-groebner.log	/home/ademin/.juliaup/bin/julia --startup-file=no /tmp/gbbench-groebner-jl-jpir987z/groebner_jl_worker.jl --input /home/ademin/GroebnerBenchmark/systems/ka11_sq_1/txt/ka11_sq_1.txt --field GF(2147483647) --order degrevlex --threads 1 --method groebner
apply-ka11_sq_1-groebner-apply	apply_vs_axf4__snowy_sky_otter	apply-ka11_sq_1-groebner-apply	ka11_sq_1	ka11_sq_1	systems/ka11_sq_1/ka11_sq_1.md	systems/ka11_sq_1/txt/ka11_sq_1.txt	Groebner.groebner_apply!	0.10.3	groebner_jl	1	GF(2147483647)	degrevlex		3600	32768	998	ok	0	0.874342373	14.574138	2026-05-17T21:36:36Z	2026-05-17T21:36:51Z	calcul-ouragan	Linux-6.1.0-1029-oem-x86_64-with-glibc2.35	13th Gen Intel(R) Core(TM) i9-13900	x86_64	32	64	3.10.12	results/apply_vs_axf4__snowy_sky_otter/logs/apply-ka11_sq_1-groebner-apply.log	/home/ademin/.juliaup/bin/julia --startup-file=no /tmp/gbbench-groebner-jl-jpir987z/groebner_jl_worker.jl --input /home/ademin/GroebnerBenchmark/systems/ka11_sq_1/txt/ka11_sq_1.txt --field GF(2147483647) --order degrevlex --threads 1 --method groebner_apply!
apply-ka11_sq_1-groebner-apply-x4	apply_vs_axf4__snowy_sky_otter	apply-ka11_sq_1-groebner-apply-x4	ka11_sq_1	ka11_sq_1	systems/ka11_sq_1/ka11_sq_1.md	systems/ka11_sq_1/txt/ka11_sq_1.txt	Groebner.groebner_apply! x4	0.10.3	groebner_jl	1	GF(2147483647)	degrevlex		3600	32768	1512	ok	0	0.26592063975	16.468852	2026-05-17T21:36:51Z	2026-05-17T21:37:07Z	calcul-ouragan	Linux-6.1.0-1029-oem-x86_64-with-glibc2.35	13th Gen Intel(R) Core(TM) i9-13900	x86_64	32	64	3.10.12	results/apply_vs_axf4__snowy_sky_otter/logs/apply-ka11_sq_1-groebner-apply-x4.log	"/home/ademin/.juliaup/bin/julia --startup-file=no /tmp/gbbench-groebner-jl-jpir987z/groebner_jl_worker.jl --input /home/ademin/GroebnerBenchmark/systems/ka11_sq_1/txt/ka11_sq_1.txt --field GF(2147483647) --order degrevlex --threads 1 --method ""groebner_apply! x4"""
apply-ka11_sq_1-axf4-t1	apply_vs_axf4__snowy_sky_otter	apply-ka11_sq_1-axf4-t1	ka11_sq_1	ka11_sq_1	systems/ka11_sq_1/ka11_sq_1.md	systems/ka11_sq_1/txt/ka11_sq_1.txt	axf4 -t 1	local-copy	axf4	1	GF(2147483647)	degrevlex		3600	32768	133	ok	0	3.180233	3.180233	2026-05-17T21:37:07Z	2026-05-17T21:37:10Z	calcul-ouragan	Linux-6.1.0-1029-oem-x86_64-with-glibc2.35	13th Gen Intel(R) Core(TM) i9-13900	x86_64	32	64	3.10.12	results/apply_vs_axf4__snowy_sky_otter/logs/apply-ka11_sq_1-axf4-t1.log	/home/ademin/GroebnerBenchmark/../axgrob/axf4 -p 2147483647 -v [x0,x1,x2,x3,x4,x5,x6,x7,x8,x9,x10] -t 1 /tmp/gbbench-axf4-j71gnhvw/ka11_sq_1.txt
apply-ka11_sq_1-axf4-t8	apply_vs_axf4__snowy_sky_otter	apply-ka11_sq_1-axf4-t8	ka11_sq_1	ka11_sq_1	systems/ka11_sq_1/ka11_sq_1.md	systems/ka11_sq_1/txt/ka11_sq_1.txt	axf4 -t 8	local-copy	axf4	8	GF(2147483647)	degrevlex		3600	32768	146	ok	0	0.726013	0.726013	2026-05-17T21:37:10Z	2026-05-17T21:37:11Z	calcul-ouragan	Linux-6.1.0-1029-oem-x86_64-with-glibc2.35	13th Gen Intel(R) Core(TM) i9-13900	x86_64	32	64	3.10.12	results/apply_vs_axf4__snowy_sky_otter/logs/apply-ka11_sq_1-axf4-t8.log	/home/ademin/GroebnerBenchmark/../axgrob/axf4 -p 2147483647 -v [x0,x1,x2,x3,x4,x5,x6,x7,x8,x9,x10] -t 8 /tmp/gbbench-axf4-v_3b5e0b/ka11_sq_1.txt
apply-ka6_sq_a-groebner	apply_vs_axf4__snowy_sky_otter	apply-ka6_sq_a-groebner	ka6_sq_a	ka6_sq_a	systems/ka6_sq_a/ka6_sq_a.md	systems/ka6_sq_a/txt/ka6_sq_a.txt	Groebner.groebner	0.10.3	groebner_jl	1	GF(2147483647)	degrevlex		3600	32768	2514	ok	0	16.256198651	34.137995	2026-05-17T21:37:11Z	2026-05-17T21:37:45Z	calcul-ouragan	Linux-6.1.0-1029-oem-x86_64-with-glibc2.35	13th Gen Intel(R) Core(TM) i9-13900	x86_64	32	64	3.10.12	results/apply_vs_axf4__snowy_sky_otter/logs/apply-ka6_sq_a-groebner.log	/home/ademin/.juliaup/bin/julia --startup-file=no /tmp/gbbench-groebner-jl-jpir987z/groebner_jl_worker.jl --input /home/ademin/GroebnerBenchmark/systems/ka6_sq_a/txt/ka6_sq_a.txt --field GF(2147483647) --order degrevlex --threads 1 --method groebner
apply-ka6_sq_a-groebner-apply	apply_vs_axf4__snowy_sky_otter	apply-ka6_sq_a-groebner-apply	ka6_sq_a	ka6_sq_a	systems/ka6_sq_a/ka6_sq_a.md	systems/ka6_sq_a/txt/ka6_sq_a.txt	Groebner.groebner_apply!	0.10.3	groebner_jl	1	GF(2147483647)	degrevlex		3600	32768	2922	ok	0	11.438739096	106.429086	2026-05-17T21:37:45Z	2026-05-17T21:39:32Z	calcul-ouragan	Linux-6.1.0-1029-oem-x86_64-with-glibc2.35	13th Gen Intel(R) Core(TM) i9-13900	x86_64	32	64	3.10.12	results/apply_vs_axf4__snowy_sky_otter/logs/apply-ka6_sq_a-groebner-apply.log	/home/ademin/.juliaup/bin/julia --startup-file=no /tmp/gbbench-groebner-jl-jpir987z/groebner_jl_worker.jl --input /home/ademin/GroebnerBenchmark/systems/ka6_sq_a/txt/ka6_sq_a.txt --field GF(2147483647) --order degrevlex --threads 1 --method groebner_apply!
apply-ka6_sq_a-groebner-apply-x4	apply_vs_axf4__snowy_sky_otter	apply-ka6_sq_a-groebner-apply-x4	ka6_sq_a	ka6_sq_a	systems/ka6_sq_a/ka6_sq_a.md	systems/ka6_sq_a/txt/ka6_sq_a.txt	Groebner.groebner_apply! x4	0.10.3	groebner_jl	1	GF(2147483647)	degrevlex		3600	32768	6241	ok	0	4.15681685025	119.278239	2026-05-17T21:39:32Z	2026-05-17T21:41:31Z	calcul-ouragan	Linux-6.1.0-1029-oem-x86_64-with-glibc2.35	13th Gen Intel(R) Core(TM) i9-13900	x86_64	32	64	3.10.12	results/apply_vs_axf4__snowy_sky_otter/logs/apply-ka6_sq_a-groebner-apply-x4.log	"/home/ademin/.juliaup/bin/julia --startup-file=no /tmp/gbbench-groebner-jl-jpir987z/groebner_jl_worker.jl --input /home/ademin/GroebnerBenchmark/systems/ka6_sq_a/txt/ka6_sq_a.txt --field GF(2147483647) --order degrevlex --threads 1 --method ""groebner_apply! x4"""
apply-ka6_sq_a-axf4-t1	apply_vs_axf4__snowy_sky_otter	apply-ka6_sq_a-axf4-t1	ka6_sq_a	ka6_sq_a	systems/ka6_sq_a/ka6_sq_a.md	systems/ka6_sq_a/txt/ka6_sq_a.txt	axf4 -t 1	local-copy	axf4	1	GF(2147483647)	degrevlex		3600	32768	571	ok	0	32.214346	32.214346	2026-05-17T21:41:31Z	2026-05-17T21:42:03Z	calcul-ouragan	Linux-6.1.0-1029-oem-x86_64-with-glibc2.35	13th Gen Intel(R) Core(TM) i9-13900	x86_64	32	64	3.10.12	results/apply_vs_axf4__snowy_sky_otter/logs/apply-ka6_sq_a-axf4-t1.log	/home/ademin/GroebnerBenchmark/../axgrob/axf4 -p 2147483647 -v [x0,x1,x2,x3,x4,x5,x6] -t 1 /tmp/gbbench-axf4-6nc6uw7r/ka6_sq_a.txt
apply-ka6_sq_a-axf4-t8	apply_vs_axf4__snowy_sky_otter	apply-ka6_sq_a-axf4-t8	ka6_sq_a	ka6_sq_a	systems/ka6_sq_a/ka6_sq_a.md	systems/ka6_sq_a/txt/ka6_sq_a.txt	axf4 -t 8	local-copy	axf4	8	GF(2147483647)	degrevlex		3600	32768	771	ok	0	5.810066	5.810066	2026-05-17T21:42:03Z	2026-05-17T21:42:09Z	calcul-ouragan	Linux-6.1.0-1029-oem-x86_64-with-glibc2.35	13th Gen Intel(R) Core(TM) i9-13900	x86_64	32	64	3.10.12	results/apply_vs_axf4__snowy_sky_otter/logs/apply-ka6_sq_a-axf4-t8.log	/home/ademin/GroebnerBenchmark/../axgrob/axf4 -p 2147483647 -v [x0,x1,x2,x3,x4,x5,x6] -t 8 /tmp/gbbench-axf4-_bzzouqv/ka6_sq_a.txt
apply-katsura-10-groebner	apply_vs_axf4__snowy_sky_otter	apply-katsura-10-groebner	katsura	katsura-10	systems/katsura/katsura.md	systems/katsura/txt/katsura_10.txt	Groebner.groebner	0.10.3	groebner_jl	1	GF(2147483647)	degrevlex		3600	32768	676	ok	0	0.399673472	3.260893	2026-05-17T21:42:09Z	2026-05-17T21:42:12Z	calcul-ouragan	Linux-6.1.0-1029-oem-x86_64-with-glibc2.35	13th Gen Intel(R) Core(TM) i9-13900	x86_64	32	64	3.10.12	results/apply_vs_axf4__snowy_sky_otter/logs/apply-katsura-10-groebner.log	/home/ademin/.juliaup/bin/julia --startup-file=no /tmp/gbbench-groebner-jl-jpir987z/groebner_jl_worker.jl --input /home/ademin/GroebnerBenchmark/systems/katsura/txt/katsura_10.txt --field GF(2147483647) --order degrevlex --threads 1 --method groebner
apply-katsura-10-groebner-apply	apply_vs_axf4__snowy_sky_otter	apply-katsura-10-groebner-apply	katsura	katsura-10	systems/katsura/katsura.md	systems/katsura/txt/katsura_10.txt	Groebner.groebner_apply!	0.10.3	groebner_jl	1	GF(2147483647)	degrevlex		3600	32768	672	ok	0	0.115888462	5.339495	2026-05-17T21:42:12Z	2026-05-17T21:42:17Z	calcul-ouragan	Linux-6.1.0-1029-oem-x86_64-with-glibc2.35	13th Gen Intel(R) Core(TM) i9-13900	x86_64	32	64	3.10.12	results/apply_vs_axf4__snowy_sky_otter/logs/apply-katsura-10-groebner-apply.log	/home/ademin/.juliaup/bin/julia --startup-file=no /tmp/gbbench-groebner-jl-jpir987z/groebner_jl_worker.jl --input /home/ademin/GroebnerBenchmark/systems/katsura/txt/katsura_10.txt --field GF(2147483647) --order degrevlex --threads 1 --method groebner_apply!
apply-katsura-10-groebner-apply-x4	apply_vs_axf4__snowy_sky_otter	apply-katsura-10-groebner-apply-x4	katsura	katsura-10	systems/katsura/katsura.md	systems/katsura/txt/katsura_10.txt	Groebner.groebner_apply! x4	0.10.3	groebner_jl	1	GF(2147483647)	degrevlex		3600	32768	906	ok	0	0.07286997725	6.807393	2026-05-17T21:42:17Z	2026-05-17T21:42:24Z	calcul-ouragan	Linux-6.1.0-1029-oem-x86_64-with-glibc2.35	13th Gen Intel(R) Core(TM) i9-13900	x86_64	32	64	3.10.12	results/apply_vs_axf4__snowy_sky_otter/logs/apply-katsura-10-groebner-apply-x4.log	"/home/ademin/.juliaup/bin/julia --startup-file=no /tmp/gbbench-groebner-jl-jpir987z/groebner_jl_worker.jl --input /home/ademin/GroebnerBenchmark/systems/katsura/txt/katsura_10.txt --field GF(2147483647) --order degrevlex --threads 1 --method ""groebner_apply! x4"""
apply-katsura-10-axf4-t1	apply_vs_axf4__snowy_sky_otter	apply-katsura-10-axf4-t1	katsura	katsura-10	systems/katsura/katsura.md	systems/katsura/txt/katsura_10.txt	axf4 -t 1	local-copy	axf4	1	GF(2147483647)	degrevlex		3600	32768	91	ok	0	1.059355	1.059355	2026-05-17T21:42:24Z	2026-05-17T21:42:25Z	calcul-ouragan	Linux-6.1.0-1029-oem-x86_64-with-glibc2.35	13th Gen Intel(R) Core(TM) i9-13900	x86_64	32	64	3.10.12	results/apply_vs_axf4__snowy_sky_otter/logs/apply-katsura-10-axf4-t1.log	/home/ademin/GroebnerBenchmark/../axgrob/axf4 -p 2147483647 -v [x0,x1,x2,x3,x4,x5,x6,x7,x8,x9,x10] -t 1 /tmp/gbbench-axf4-ku5osq0j/katsura_10.txt
apply-katsura-10-axf4-t8	apply_vs_axf4__snowy_sky_otter	apply-katsura-10-axf4-t8	katsura	katsura-10	systems/katsura/katsura.md	systems/katsura/txt/katsura_10.txt	axf4 -t 8	local-copy	axf4	8	GF(2147483647)	degrevlex		3600	32768	95	ok	0	0.267755	0.267755	2026-05-17T21:42:25Z	2026-05-17T21:42:26Z	calcul-ouragan	Linux-6.1.0-1029-oem-x86_64-with-glibc2.35	13th Gen Intel(R) Core(TM) i9-13900	x86_64	32	64	3.10.12	results/apply_vs_axf4__snowy_sky_otter/logs/apply-katsura-10-axf4-t8.log	/home/ademin/GroebnerBenchmark/../axgrob/axf4 -p 2147483647 -v [x0,x1,x2,x3,x4,x5,x6,x7,x8,x9,x10] -t 8 /tmp/gbbench-axf4-a5ydxzcu/katsura_10.txt
apply-katsura-11-groebner	apply_vs_axf4__snowy_sky_otter	apply-katsura-11-groebner	katsura	katsura-11	systems/katsura/katsura.md	systems/katsura/txt/katsura_11.txt	Groebner.groebner	0.10.3	groebner_jl	1	GF(2147483647)	degrevlex		3600	32768	1045	ok	0	2.076271566	6.671806	2026-05-17T21:42:26Z	2026-05-17T21:42:32Z	calcul-ouragan	Linux-6.1.0-1029-oem-x86_64-with-glibc2.35	13th Gen Intel(R) Core(TM) i9-13900	x86_64	32	64	3.10.12	results/apply_vs_axf4__snowy_sky_otter/logs/apply-katsura-11-groebner.log	/home/ademin/.juliaup/bin/julia --startup-file=no /tmp/gbbench-groebner-jl-jpir987z/groebner_jl_worker.jl --input /home/ademin/GroebnerBenchmark/systems/katsura/txt/katsura_11.txt --field GF(2147483647) --order degrevlex --threads 1 --method groebner
apply-katsura-11-groebner-apply	apply_vs_axf4__snowy_sky_otter	apply-katsura-11-groebner-apply	katsura	katsura-11	systems/katsura/katsura.md	systems/katsura/txt/katsura_11.txt	Groebner.groebner_apply!	0.10.3	groebner_jl	1	GF(2147483647)	degrevlex		3600	32768	1019	ok	0	0.865797487	20.889777	2026-05-17T21:42:32Z	2026-05-17T21:42:53Z	calcul-ouragan	Linux-6.1.0-1029-oem-x86_64-with-glibc2.35	13th Gen Intel(R) Core(TM) i9-13900	x86_64	32	64	3.10.12	results/apply_vs_axf4__snowy_sky_otter/logs/apply-katsura-11-groebner-apply.log	/home/ademin/.juliaup/bin/julia --startup-file=no /tmp/gbbench-groebner-jl-jpir987z/groebner_jl_worker.jl --input /home/ademin/GroebnerBenchmark/systems/katsura/txt/katsura_11.txt --field GF(2147483647) --order degrevlex --threads 1 --method groebner_apply!
apply-katsura-11-groebner-apply-x4	apply_vs_axf4__snowy_sky_otter	apply-katsura-11-groebner-apply-x4	katsura	katsura-11	systems/katsura/katsura.md	systems/katsura/txt/katsura_11.txt	Groebner.groebner_apply! x4	0.10.3	groebner_jl	1	GF(2147483647)	degrevlex		3600	32768	1943	ok	0	0.33522428275	22.946690	2026-05-17T21:42:53Z	2026-05-17T21:43:16Z	calcul-ouragan	Linux-6.1.0-1029-oem-x86_64-with-glibc2.35	13th Gen Intel(R) Core(TM) i9-13900	x86_64	32	64	3.10.12	results/apply_vs_axf4__snowy_sky_otter/logs/apply-katsura-11-groebner-apply-x4.log	"/home/ademin/.juliaup/bin/julia --startup-file=no /tmp/gbbench-groebner-jl-jpir987z/groebner_jl_worker.jl --input /home/ademin/GroebnerBenchmark/systems/katsura/txt/katsura_11.txt --field GF(2147483647) --order degrevlex --threads 1 --method ""groebner_apply! x4"""
apply-katsura-11-axf4-t1	apply_vs_axf4__snowy_sky_otter	apply-katsura-11-axf4-t1	katsura	katsura-11	systems/katsura/katsura.md	systems/katsura/txt/katsura_11.txt	axf4 -t 1	local-copy	axf4	1	GF(2147483647)	degrevlex		3600	32768	170	ok	0	5.236344	5.236344	2026-05-17T21:43:16Z	2026-05-17T21:43:21Z	calcul-ouragan	Linux-6.1.0-1029-oem-x86_64-with-glibc2.35	13th Gen Intel(R) Core(TM) i9-13900	x86_64	32	64	3.10.12	results/apply_vs_axf4__snowy_sky_otter/logs/apply-katsura-11-axf4-t1.log	/home/ademin/GroebnerBenchmark/../axgrob/axf4 -p 2147483647 -v [x0,x1,x2,x3,x4,x5,x6,x7,x8,x9,x10,x11] -t 1 /tmp/gbbench-axf4-5u7ar81p/katsura_11.txt
apply-katsura-11-axf4-t8	apply_vs_axf4__snowy_sky_otter	apply-katsura-11-axf4-t8	katsura	katsura-11	systems/katsura/katsura.md	systems/katsura/txt/katsura_11.txt	axf4 -t 8	local-copy	axf4	8	GF(2147483647)	degrevlex		3600	32768	183	ok	0	1.181253	1.181253	2026-05-17T21:43:21Z	2026-05-17T21:43:23Z	calcul-ouragan	Linux-6.1.0-1029-oem-x86_64-with-glibc2.35	13th Gen Intel(R) Core(TM) i9-13900	x86_64	32	64	3.10.12	results/apply_vs_axf4__snowy_sky_otter/logs/apply-katsura-11-axf4-t8.log	/home/ademin/GroebnerBenchmark/../axgrob/axf4 -p 2147483647 -v [x0,x1,x2,x3,x4,x5,x6,x7,x8,x9,x10,x11] -t 8 /tmp/gbbench-axf4-hkkkvbs1/katsura_11.txt
apply-katsura-12-groebner	apply_vs_axf4__snowy_sky_otter	apply-katsura-12-groebner	katsura	katsura-12	systems/katsura/katsura.md	systems/katsura/txt/katsura_12.txt	Groebner.groebner	0.10.3	groebner_jl	1	GF(2147483647)	degrevlex		3600	32768	2407	ok	0	12.951058295	29.296808	2026-05-17T21:43:23Z	2026-05-17T21:43:52Z	calcul-ouragan	Linux-6.1.0-1029-oem-x86_64-with-glibc2.35	13th Gen Intel(R) Core(TM) i9-13900	x86_64	32	64	3.10.12	results/apply_vs_axf4__snowy_sky_otter/logs/apply-katsura-12-groebner.log	/home/ademin/.juliaup/bin/julia --startup-file=no /tmp/gbbench-groebner-jl-jpir987z/groebner_jl_worker.jl --input /home/ademin/GroebnerBenchmark/systems/katsura/txt/katsura_12.txt --field GF(2147483647) --order degrevlex --threads 1 --method groebner
apply-katsura-12-groebner-apply	apply_vs_axf4__snowy_sky_otter	apply-katsura-12-groebner-apply	katsura	katsura-12	systems/katsura/katsura.md	systems/katsura/txt/katsura_12.txt	Groebner.groebner_apply!	0.10.3	groebner_jl	1	GF(2147483647)	degrevlex		3600	32768	2365	ok	0	6.329576618	162.547743	2026-05-17T21:43:52Z	2026-05-17T21:46:34Z	calcul-ouragan	Linux-6.1.0-1029-oem-x86_64-with-glibc2.35	13th Gen Intel(R) Core(TM) i9-13900	x86_64	32	64	3.10.12	results/apply_vs_axf4__snowy_sky_otter/logs/apply-katsura-12-groebner-apply.log	/home/ademin/.juliaup/bin/julia --startup-file=no /tmp/gbbench-groebner-jl-jpir987z/groebner_jl_worker.jl --input /home/ademin/GroebnerBenchmark/systems/katsura/txt/katsura_12.txt --field GF(2147483647) --order degrevlex --threads 1 --method groebner_apply!
apply-katsura-12-groebner-apply-x4	apply_vs_axf4__snowy_sky_otter	apply-katsura-12-groebner-apply-x4	katsura	katsura-12	systems/katsura/katsura.md	systems/katsura/txt/katsura_12.txt	Groebner.groebner_apply! x4	0.10.3	groebner_jl	1	GF(2147483647)	degrevlex		3600	32768	6459	ok	0	2.1414048185	168.737475	2026-05-17T21:46:34Z	2026-05-17T21:49:23Z	calcul-ouragan	Linux-6.1.0-1029-oem-x86_64-with-glibc2.35	13th Gen Intel(R) Core(TM) i9-13900	x86_64	32	64	3.10.12	results/apply_vs_axf4__snowy_sky_otter/logs/apply-katsura-12-groebner-apply-x4.log	"/home/ademin/.juliaup/bin/julia --startup-file=no /tmp/gbbench-groebner-jl-jpir987z/groebner_jl_worker.jl --input /home/ademin/GroebnerBenchmark/systems/katsura/txt/katsura_12.txt --field GF(2147483647) --order degrevlex --threads 1 --method ""groebner_apply! x4"""
apply-katsura-12-axf4-t1	apply_vs_axf4__snowy_sky_otter	apply-katsura-12-axf4-t1	katsura	katsura-12	systems/katsura/katsura.md	systems/katsura/txt/katsura_12.txt	axf4 -t 1	local-copy	axf4	1	GF(2147483647)	degrevlex		3600	32768	460	ok	0	30.551218	30.551218	2026-05-17T21:49:23Z	2026-05-17T21:49:54Z	calcul-ouragan	Linux-6.1.0-1029-oem-x86_64-with-glibc2.35	13th Gen Intel(R) Core(TM) i9-13900	x86_64	32	64	3.10.12	results/apply_vs_axf4__snowy_sky_otter/logs/apply-katsura-12-axf4-t1.log	/home/ademin/GroebnerBenchmark/../axgrob/axf4 -p 2147483647 -v [x0,x1,x2,x3,x4,x5,x6,x7,x8,x9,x10,x11,x12] -t 1 /tmp/gbbench-axf4-bjp5rq2t/katsura_12.txt
apply-katsura-12-axf4-t8	apply_vs_axf4__snowy_sky_otter	apply-katsura-12-axf4-t8	katsura	katsura-12	systems/katsura/katsura.md	systems/katsura/txt/katsura_12.txt	axf4 -t 8	local-copy	axf4	8	GF(2147483647)	degrevlex		3600	32768	514	ok	0	6.181072	6.181072	2026-05-17T21:49:54Z	2026-05-17T21:50:00Z	calcul-ouragan	Linux-6.1.0-1029-oem-x86_64-with-glibc2.35	13th Gen Intel(R) Core(TM) i9-13900	x86_64	32	64	3.10.12	results/apply_vs_axf4__snowy_sky_otter/logs/apply-katsura-12-axf4-t8.log	/home/ademin/GroebnerBenchmark/../axgrob/axf4 -p 2147483647 -v [x0,x1,x2,x3,x4,x5,x6,x7,x8,x9,x10,x11,x12] -t 8 /tmp/gbbench-axf4-vy9zs21k/katsura_12.txt
apply-katsura-13-groebner	apply_vs_axf4__snowy_sky_otter	apply-katsura-13-groebner	katsura	katsura-13	systems/katsura/katsura.md	systems/katsura/txt/katsura_13.txt	Groebner.groebner	0.10.3	groebner_jl	1	GF(2147483647)	degrevlex		3600	32768	7489	ok	0	85.865579075	177.620808	2026-05-17T21:50:00Z	2026-05-17T21:52:58Z	calcul-ouragan	Linux-6.1.0-1029-oem-x86_64-with-glibc2.35	13th Gen Intel(R) Core(TM) i9-13900	x86_64	32	64	3.10.12	results/apply_vs_axf4__snowy_sky_otter/logs/apply-katsura-13-groebner.log	/home/ademin/.juliaup/bin/julia --startup-file=no /tmp/gbbench-groebner-jl-jpir987z/groebner_jl_worker.jl --input /home/ademin/GroebnerBenchmark/systems/katsura/txt/katsura_13.txt --field GF(2147483647) --order degrevlex --threads 1 --method groebner
apply-katsura-13-groebner-apply	apply_vs_axf4__snowy_sky_otter	apply-katsura-13-groebner-apply	katsura	katsura-13	systems/katsura/katsura.md	systems/katsura/txt/katsura_13.txt	Groebner.groebner_apply!	0.10.3	groebner_jl	1	GF(2147483647)	degrevlex		3600	32768	7847	ok	0	43.724815269	1319.880442	2026-05-17T21:52:58Z	2026-05-17T22:14:57Z	calcul-ouragan	Linux-6.1.0-1029-oem-x86_64-with-glibc2.35	13th Gen Intel(R) Core(TM) i9-13900	x86_64	32	64	3.10.12	results/apply_vs_axf4__snowy_sky_otter/logs/apply-katsura-13-groebner-apply.log	/home/ademin/.juliaup/bin/julia --startup-file=no /tmp/gbbench-groebner-jl-jpir987z/groebner_jl_worker.jl --input /home/ademin/GroebnerBenchmark/systems/katsura/txt/katsura_13.txt --field GF(2147483647) --order degrevlex --threads 1 --method groebner_apply!
apply-katsura-13-groebner-apply-x4	apply_vs_axf4__snowy_sky_otter	apply-katsura-13-groebner-apply-x4	katsura	katsura-13	systems/katsura/katsura.md	systems/katsura/txt/katsura_13.txt	Groebner.groebner_apply! x4	0.10.3	groebner_jl	1	GF(2147483647)	degrevlex		3600	32768	20343	ok	0	16.0506644265	1357.519449	2026-05-17T22:14:57Z	2026-05-17T22:37:35Z	calcul-ouragan	Linux-6.1.0-1029-oem-x86_64-with-glibc2.35	13th Gen Intel(R) Core(TM) i9-13900	x86_64	32	64	3.10.12	results/apply_vs_axf4__snowy_sky_otter/logs/apply-katsura-13-groebner-apply-x4.log	"/home/ademin/.juliaup/bin/julia --startup-file=no /tmp/gbbench-groebner-jl-jpir987z/groebner_jl_worker.jl --input /home/ademin/GroebnerBenchmark/systems/katsura/txt/katsura_13.txt --field GF(2147483647) --order degrevlex --threads 1 --method ""groebner_apply! x4"""
apply-katsura-13-axf4-t1	apply_vs_axf4__snowy_sky_otter	apply-katsura-13-axf4-t1	katsura	katsura-13	systems/katsura/katsura.md	systems/katsura/txt/katsura_13.txt	axf4 -t 1	local-copy	axf4	1	GF(2147483647)	degrevlex		3600	32768	1598	ok	0	195.080830	195.080830	2026-05-17T22:37:35Z	2026-05-17T22:40:50Z	calcul-ouragan	Linux-6.1.0-1029-oem-x86_64-with-glibc2.35	13th Gen Intel(R) Core(TM) i9-13900	x86_64	32	64	3.10.12	results/apply_vs_axf4__snowy_sky_otter/logs/apply-katsura-13-axf4-t1.log	/home/ademin/GroebnerBenchmark/../axgrob/axf4 -p 2147483647 -v [x0,x1,x2,x3,x4,x5,x6,x7,x8,x9,x10,x11,x12,x13] -t 1 /tmp/gbbench-axf4-1c4gc5u9/katsura_13.txt
apply-katsura-13-axf4-t8	apply_vs_axf4__snowy_sky_otter	apply-katsura-13-axf4-t8	katsura	katsura-13	systems/katsura/katsura.md	systems/katsura/txt/katsura_13.txt	axf4 -t 8	local-copy	axf4	8	GF(2147483647)	degrevlex		3600	32768	1781	ok	0	41.958955	41.958955	2026-05-17T22:40:50Z	2026-05-17T22:41:32Z	calcul-ouragan	Linux-6.1.0-1029-oem-x86_64-with-glibc2.35	13th Gen Intel(R) Core(TM) i9-13900	x86_64	32	64	3.10.12	results/apply_vs_axf4__snowy_sky_otter/logs/apply-katsura-13-axf4-t8.log	/home/ademin/GroebnerBenchmark/../axgrob/axf4 -p 2147483647 -v [x0,x1,x2,x3,x4,x5,x6,x7,x8,x9,x10,x11,x12,x13] -t 8 /tmp/gbbench-axf4-d0o62435/katsura_13.txt
apply-katsura-14-groebner	apply_vs_axf4__snowy_sky_otter	apply-katsura-14-groebner	katsura	katsura-14	systems/katsura/katsura.md	systems/katsura/txt/katsura_14.txt	Groebner.groebner	0.10.3	groebner_jl	1	GF(2147483647)	degrevlex		3600	32768	26368	ok	0	593.929182581	1190.802244	2026-05-17T22:41:32Z	2026-05-17T23:01:23Z	calcul-ouragan	Linux-6.1.0-1029-oem-x86_64-with-glibc2.35	13th Gen Intel(R) Core(TM) i9-13900	x86_64	32	64	3.10.12	results/apply_vs_axf4__snowy_sky_otter/logs/apply-katsura-14-groebner.log	/home/ademin/.juliaup/bin/julia --startup-file=no /tmp/gbbench-groebner-jl-jpir987z/groebner_jl_worker.jl --input /home/ademin/GroebnerBenchmark/systems/katsura/txt/katsura_14.txt --field GF(2147483647) --order degrevlex --threads 1 --method groebner
apply-katsura-14-groebner-apply	apply_vs_axf4__snowy_sky_otter	apply-katsura-14-groebner-apply	katsura	katsura-14	systems/katsura/katsura.md	systems/katsura/txt/katsura_14.txt	Groebner.groebner_apply!	0.10.3	groebner_jl	1	GF(2147483647)	degrevlex		3600	32768		timeout		3600.023778	3600.023778	2026-05-17T23:01:23Z	2026-05-18T00:01:23Z	calcul-ouragan	Linux-6.1.0-1029-oem-x86_64-with-glibc2.35	13th Gen Intel(R) Core(TM) i9-13900	x86_64	32	64	3.10.12	results/apply_vs_axf4__snowy_sky_otter/logs/apply-katsura-14-groebner-apply.log	
apply-katsura-14-groebner-apply-x4	apply_vs_axf4__snowy_sky_otter	apply-katsura-14-groebner-apply-x4	katsura	katsura-14	systems/katsura/katsura.md	systems/katsura/txt/katsura_14.txt	Groebner.groebner_apply! x4	0.10.3	groebner_jl	1	GF(2147483647)	degrevlex		3600	32768		timeout		3600.100014	3600.100014	2026-05-18T00:01:23Z	2026-05-18T01:01:23Z	calcul-ouragan	Linux-6.1.0-1029-oem-x86_64-with-glibc2.35	13th Gen Intel(R) Core(TM) i9-13900	x86_64	32	64	3.10.12	results/apply_vs_axf4__snowy_sky_otter/logs/apply-katsura-14-groebner-apply-x4.log	
apply-katsura-14-axf4-t1	apply_vs_axf4__snowy_sky_otter	apply-katsura-14-axf4-t1	katsura	katsura-14	systems/katsura/katsura.md	systems/katsura/txt/katsura_14.txt	axf4 -t 1	local-copy	axf4	1	GF(2147483647)	degrevlex		3600	32768	6085	ok	0	1677.509286	1677.509286	2026-05-18T01:01:23Z	2026-05-18T01:29:20Z	calcul-ouragan	Linux-6.1.0-1029-oem-x86_64-with-glibc2.35	13th Gen Intel(R) Core(TM) i9-13900	x86_64	32	64	3.10.12	results/apply_vs_axf4__snowy_sky_otter/logs/apply-katsura-14-axf4-t1.log	/home/ademin/GroebnerBenchmark/../axgrob/axf4 -p 2147483647 -v [x0,x1,x2,x3,x4,x5,x6,x7,x8,x9,x10,x11,x12,x13,x14] -t 1 /tmp/gbbench-axf4-_351a8f1/katsura_14.txt
apply-katsura-14-axf4-t8	apply_vs_axf4__snowy_sky_otter	apply-katsura-14-axf4-t8	katsura	katsura-14	systems/katsura/katsura.md	systems/katsura/txt/katsura_14.txt	axf4 -t 8	local-copy	axf4	8	GF(2147483647)	degrevlex		3600	32768	6700	ok	0	381.540054	381.540054	2026-05-18T01:29:20Z	2026-05-18T01:35:42Z	calcul-ouragan	Linux-6.1.0-1029-oem-x86_64-with-glibc2.35	13th Gen Intel(R) Core(TM) i9-13900	x86_64	32	64	3.10.12	results/apply_vs_axf4__snowy_sky_otter/logs/apply-katsura-14-axf4-t8.log	/home/ademin/GroebnerBenchmark/../axgrob/axf4 -p 2147483647 -v [x0,x1,x2,x3,x4,x5,x6,x7,x8,x9,x10,x11,x12,x13,x14] -t 8 /tmp/gbbench-axf4-l9skdrs2/katsura_14.txt
apply-katsura-7-groebner	apply_vs_axf4__snowy_sky_otter	apply-katsura-7-groebner	katsura	katsura-7	systems/katsura/katsura.md	systems/katsura/txt/katsura_7.txt	Groebner.groebner	0.10.3	groebner_jl	1	GF(2147483647)	degrevlex		3600	32768	591	ok	0	0.003019171	3.672217	2026-05-18T01:35:42Z	2026-05-18T01:35:46Z	calcul-ouragan	Linux-6.1.0-1029-oem-x86_64-with-glibc2.35	13th Gen Intel(R) Core(TM) i9-13900	x86_64	32	64	3.10.12	results/apply_vs_axf4__snowy_sky_otter/logs/apply-katsura-7-groebner.log	/home/ademin/.juliaup/bin/julia --startup-file=no /tmp/gbbench-groebner-jl-jpir987z/groebner_jl_worker.jl --input /home/ademin/GroebnerBenchmark/systems/katsura/txt/katsura_7.txt --field GF(2147483647) --order degrevlex --threads 1 --method groebner
apply-katsura-7-groebner-apply	apply_vs_axf4__snowy_sky_otter	apply-katsura-7-groebner-apply	katsura	katsura-7	systems/katsura/katsura.md	systems/katsura/txt/katsura_7.txt	Groebner.groebner_apply!	0.10.3	groebner_jl	1	GF(2147483647)	degrevlex		3600	32768	590	ok	0	0.001171402	3.926556	2026-05-18T01:35:46Z	2026-05-18T01:35:50Z	calcul-ouragan	Linux-6.1.0-1029-oem-x86_64-with-glibc2.35	13th Gen Intel(R) Core(TM) i9-13900	x86_64	32	64	3.10.12	results/apply_vs_axf4__snowy_sky_otter/logs/apply-katsura-7-groebner-apply.log	/home/ademin/.juliaup/bin/julia --startup-file=no /tmp/gbbench-groebner-jl-jpir987z/groebner_jl_worker.jl --input /home/ademin/GroebnerBenchmark/systems/katsura/txt/katsura_7.txt --field GF(2147483647) --order degrevlex --threads 1 --method groebner_apply!
apply-katsura-7-groebner-apply-x4	apply_vs_axf4__snowy_sky_otter	apply-katsura-7-groebner-apply-x4	katsura	katsura-7	systems/katsura/katsura.md	systems/katsura/txt/katsura_7.txt	Groebner.groebner_apply! x4	0.10.3	groebner_jl	1	GF(2147483647)	degrevlex		3600	32768	604	ok	0	0.004081249	5.374276	2026-05-18T01:35:50Z	2026-05-18T01:35:55Z	calcul-ouragan	Linux-6.1.0-1029-oem-x86_64-with-glibc2.35	13th Gen Intel(R) Core(TM) i9-13900	x86_64	32	64	3.10.12	results/apply_vs_axf4__snowy_sky_otter/logs/apply-katsura-7-groebner-apply-x4.log	"/home/ademin/.juliaup/bin/julia --startup-file=no /tmp/gbbench-groebner-jl-jpir987z/groebner_jl_worker.jl --input /home/ademin/GroebnerBenchmark/systems/katsura/txt/katsura_7.txt --field GF(2147483647) --order degrevlex --threads 1 --method ""groebner_apply! x4"""
apply-katsura-7-axf4-t1	apply_vs_axf4__snowy_sky_otter	apply-katsura-7-axf4-t1	katsura	katsura-7	systems/katsura/katsura.md	systems/katsura/txt/katsura_7.txt	axf4 -t 1	local-copy	axf4	1	GF(2147483647)	degrevlex		3600	32768	49	ok	0	0.030146	0.030146	2026-05-18T01:35:55Z	2026-05-18T01:35:55Z	calcul-ouragan	Linux-6.1.0-1029-oem-x86_64-with-glibc2.35	13th Gen Intel(R) Core(TM) i9-13900	x86_64	32	64	3.10.12	results/apply_vs_axf4__snowy_sky_otter/logs/apply-katsura-7-axf4-t1.log	/home/ademin/GroebnerBenchmark/../axgrob/axf4 -p 2147483647 -v [x0,x1,x2,x3,x4,x5,x6,x7] -t 1 /tmp/gbbench-axf4-kg41310m/katsura_7.txt
apply-katsura-7-axf4-t8	apply_vs_axf4__snowy_sky_otter	apply-katsura-7-axf4-t8	katsura	katsura-7	systems/katsura/katsura.md	systems/katsura/txt/katsura_7.txt	axf4 -t 8	local-copy	axf4	8	GF(2147483647)	degrevlex		3600	32768	49	ok	0	0.028263	0.028263	2026-05-18T01:35:55Z	2026-05-18T01:35:55Z	calcul-ouragan	Linux-6.1.0-1029-oem-x86_64-with-glibc2.35	13th Gen Intel(R) Core(TM) i9-13900	x86_64	32	64	3.10.12	results/apply_vs_axf4__snowy_sky_otter/logs/apply-katsura-7-axf4-t8.log	/home/ademin/GroebnerBenchmark/../axgrob/axf4 -p 2147483647 -v [x0,x1,x2,x3,x4,x5,x6,x7] -t 8 /tmp/gbbench-axf4-vt1_o9ic/katsura_7.txt
apply-katsura-8-groebner	apply_vs_axf4__snowy_sky_otter	apply-katsura-8-groebner	katsura	katsura-8	systems/katsura/katsura.md	systems/katsura/txt/katsura_8.txt	Groebner.groebner	0.10.3	groebner_jl	1	GF(2147483647)	degrevlex		3600	32768	586	ok	0	0.012057982	3.231677	2026-05-18T01:35:55Z	2026-05-18T01:35:58Z	calcul-ouragan	Linux-6.1.0-1029-oem-x86_64-with-glibc2.35	13th Gen Intel(R) Core(TM) i9-13900	x86_64	32	64	3.10.12	results/apply_vs_axf4__snowy_sky_otter/logs/apply-katsura-8-groebner.log	/home/ademin/.juliaup/bin/julia --startup-file=no /tmp/gbbench-groebner-jl-jpir987z/groebner_jl_worker.jl --input /home/ademin/GroebnerBenchmark/systems/katsura/txt/katsura_8.txt --field GF(2147483647) --order degrevlex --threads 1 --method groebner
apply-katsura-8-groebner-apply	apply_vs_axf4__snowy_sky_otter	apply-katsura-8-groebner-apply	katsura	katsura-8	systems/katsura/katsura.md	systems/katsura/txt/katsura_8.txt	Groebner.groebner_apply!	0.10.3	groebner_jl	1	GF(2147483647)	degrevlex		3600	32768	590	ok	0	0.00425471	4.479813	2026-05-18T01:35:58Z	2026-05-18T01:36:03Z	calcul-ouragan	Linux-6.1.0-1029-oem-x86_64-with-glibc2.35	13th Gen Intel(R) Core(TM) i9-13900	x86_64	32	64	3.10.12	results/apply_vs_axf4__snowy_sky_otter/logs/apply-katsura-8-groebner-apply.log	/home/ademin/.juliaup/bin/julia --startup-file=no /tmp/gbbench-groebner-jl-jpir987z/groebner_jl_worker.jl --input /home/ademin/GroebnerBenchmark/systems/katsura/txt/katsura_8.txt --field GF(2147483647) --order degrevlex --threads 1 --method groebner_apply!
apply-katsura-8-groebner-apply-x4	apply_vs_axf4__snowy_sky_otter	apply-katsura-8-groebner-apply-x4	katsura	katsura-8	systems/katsura/katsura.md	systems/katsura/txt/katsura_8.txt	Groebner.groebner_apply! x4	0.10.3	groebner_jl	1	GF(2147483647)	degrevlex		3600	32768	626	ok	0	0.00583585225	5.415841	2026-05-18T01:36:03Z	2026-05-18T01:36:08Z	calcul-ouragan	Linux-6.1.0-1029-oem-x86_64-with-glibc2.35	13th Gen Intel(R) Core(TM) i9-13900	x86_64	32	64	3.10.12	results/apply_vs_axf4__snowy_sky_otter/logs/apply-katsura-8-groebner-apply-x4.log	"/home/ademin/.juliaup/bin/julia --startup-file=no /tmp/gbbench-groebner-jl-jpir987z/groebner_jl_worker.jl --input /home/ademin/GroebnerBenchmark/systems/katsura/txt/katsura_8.txt --field GF(2147483647) --order degrevlex --threads 1 --method ""groebner_apply! x4"""
apply-katsura-8-axf4-t1	apply_vs_axf4__snowy_sky_otter	apply-katsura-8-axf4-t1	katsura	katsura-8	systems/katsura/katsura.md	systems/katsura/txt/katsura_8.txt	axf4 -t 1	local-copy	axf4	1	GF(2147483647)	degrevlex		3600	32768	57	ok	0	0.066123	0.066123	2026-05-18T01:36:08Z	2026-05-18T01:36:08Z	calcul-ouragan	Linux-6.1.0-1029-oem-x86_64-with-glibc2.35	13th Gen Intel(R) Core(TM) i9-13900	x86_64	32	64	3.10.12	results/apply_vs_axf4__snowy_sky_otter/logs/apply-katsura-8-axf4-t1.log	/home/ademin/GroebnerBenchmark/../axgrob/axf4 -p 2147483647 -v [x0,x1,x2,x3,x4,x5,x6,x7,x8] -t 1 /tmp/gbbench-axf4-kc467q28/katsura_8.txt
apply-katsura-8-axf4-t8	apply_vs_axf4__snowy_sky_otter	apply-katsura-8-axf4-t8	katsura	katsura-8	systems/katsura/katsura.md	systems/katsura/txt/katsura_8.txt	axf4 -t 8	local-copy	axf4	8	GF(2147483647)	degrevlex		3600	32768	57	ok	0	0.045887	0.045887	2026-05-18T01:36:08Z	2026-05-18T01:36:08Z	calcul-ouragan	Linux-6.1.0-1029-oem-x86_64-with-glibc2.35	13th Gen Intel(R) Core(TM) i9-13900	x86_64	32	64	3.10.12	results/apply_vs_axf4__snowy_sky_otter/logs/apply-katsura-8-axf4-t8.log	/home/ademin/GroebnerBenchmark/../axgrob/axf4 -p 2147483647 -v [x0,x1,x2,x3,x4,x5,x6,x7,x8] -t 8 /tmp/gbbench-axf4-2xnpoiu2/katsura_8.txt
apply-katsura-9-groebner	apply_vs_axf4__snowy_sky_otter	apply-katsura-9-groebner	katsura	katsura-9	systems/katsura/katsura.md	systems/katsura/txt/katsura_9.txt	Groebner.groebner	0.10.3	groebner_jl	1	GF(2147483647)	degrevlex		3600	32768	586	ok	0	0.07166153	3.332849	2026-05-18T01:36:08Z	2026-05-18T01:36:12Z	calcul-ouragan	Linux-6.1.0-1029-oem-x86_64-with-glibc2.35	13th Gen Intel(R) Core(TM) i9-13900	x86_64	32	64	3.10.12	results/apply_vs_axf4__snowy_sky_otter/logs/apply-katsura-9-groebner.log	/home/ademin/.juliaup/bin/julia --startup-file=no /tmp/gbbench-groebner-jl-jpir987z/groebner_jl_worker.jl --input /home/ademin/GroebnerBenchmark/systems/katsura/txt/katsura_9.txt --field GF(2147483647) --order degrevlex --threads 1 --method groebner
apply-katsura-9-groebner-apply	apply_vs_axf4__snowy_sky_otter	apply-katsura-9-groebner-apply	katsura	katsura-9	systems/katsura/katsura.md	systems/katsura/txt/katsura_9.txt	Groebner.groebner_apply!	0.10.3	groebner_jl	1	GF(2147483647)	degrevlex		3600	32768	599	ok	0	0.029998222	4.292470	2026-05-18T01:36:12Z	2026-05-18T01:36:16Z	calcul-ouragan	Linux-6.1.0-1029-oem-x86_64-with-glibc2.35	13th Gen Intel(R) Core(TM) i9-13900	x86_64	32	64	3.10.12	results/apply_vs_axf4__snowy_sky_otter/logs/apply-katsura-9-groebner-apply.log	/home/ademin/.juliaup/bin/julia --startup-file=no /tmp/gbbench-groebner-jl-jpir987z/groebner_jl_worker.jl --input /home/ademin/GroebnerBenchmark/systems/katsura/txt/katsura_9.txt --field GF(2147483647) --order degrevlex --threads 1 --method groebner_apply!
apply-katsura-9-groebner-apply-x4	apply_vs_axf4__snowy_sky_otter	apply-katsura-9-groebner-apply-x4	katsura	katsura-9	systems/katsura/katsura.md	systems/katsura/txt/katsura_9.txt	Groebner.groebner_apply! x4	0.10.3	groebner_jl	1	GF(2147483647)	degrevlex		3600	32768	667	ok	0	0.01381869075	5.864389	2026-05-18T01:36:16Z	2026-05-18T01:36:22Z	calcul-ouragan	Linux-6.1.0-1029-oem-x86_64-with-glibc2.35	13th Gen Intel(R) Core(TM) i9-13900	x86_64	32	64	3.10.12	results/apply_vs_axf4__snowy_sky_otter/logs/apply-katsura-9-groebner-apply-x4.log	"/home/ademin/.juliaup/bin/julia --startup-file=no /tmp/gbbench-groebner-jl-jpir987z/groebner_jl_worker.jl --input /home/ademin/GroebnerBenchmark/systems/katsura/txt/katsura_9.txt --field GF(2147483647) --order degrevlex --threads 1 --method ""groebner_apply! x4"""
apply-katsura-9-axf4-t1	apply_vs_axf4__snowy_sky_otter	apply-katsura-9-axf4-t1	katsura	katsura-9	systems/katsura/katsura.md	systems/katsura/txt/katsura_9.txt	axf4 -t 1	local-copy	axf4	1	GF(2147483647)	degrevlex		3600	32768	67	ok	0	0.223322	0.223322	2026-05-18T01:36:22Z	2026-05-18T01:36:22Z	calcul-ouragan	Linux-6.1.0-1029-oem-x86_64-with-glibc2.35	13th Gen Intel(R) Core(TM) i9-13900	x86_64	32	64	3.10.12	results/apply_vs_axf4__snowy_sky_otter/logs/apply-katsura-9-axf4-t1.log	/home/ademin/GroebnerBenchmark/../axgrob/axf4 -p 2147483647 -v [x0,x1,x2,x3,x4,x5,x6,x7,x8,x9] -t 1 /tmp/gbbench-axf4-qtlz0s5q/katsura_9.txt
apply-katsura-9-axf4-t8	apply_vs_axf4__snowy_sky_otter	apply-katsura-9-axf4-t8	katsura	katsura-9	systems/katsura/katsura.md	systems/katsura/txt/katsura_9.txt	axf4 -t 8	local-copy	axf4	8	GF(2147483647)	degrevlex		3600	32768	68	ok	0	0.108819	0.108819	2026-05-18T01:36:22Z	2026-05-18T01:36:22Z	calcul-ouragan	Linux-6.1.0-1029-oem-x86_64-with-glibc2.35	13th Gen Intel(R) Core(TM) i9-13900	x86_64	32	64	3.10.12	results/apply_vs_axf4__snowy_sky_otter/logs/apply-katsura-9-axf4-t8.log	/home/ademin/GroebnerBenchmark/../axgrob/axf4 -p 2147483647 -v [x0,x1,x2,x3,x4,x5,x6,x7,x8,x9] -t 8 /tmp/gbbench-axf4-647dlqcd/katsura_9.txt
apply-kinema-groebner	apply_vs_axf4__snowy_sky_otter	apply-kinema-groebner	kinema	kinema	systems/kinema/kinema.md	systems/kinema/txt/kinema.txt	Groebner.groebner	0.10.3	groebner_jl	1	GF(2147483647)	degrevlex		3600	32768	592	ok	0	0.000777956	3.183759	2026-05-18T01:36:22Z	2026-05-18T01:36:25Z	calcul-ouragan	Linux-6.1.0-1029-oem-x86_64-with-glibc2.35	13th Gen Intel(R) Core(TM) i9-13900	x86_64	32	64	3.10.12	results/apply_vs_axf4__snowy_sky_otter/logs/apply-kinema-groebner.log	/home/ademin/.juliaup/bin/julia --startup-file=no /tmp/gbbench-groebner-jl-jpir987z/groebner_jl_worker.jl --input /home/ademin/GroebnerBenchmark/systems/kinema/txt/kinema.txt --field GF(2147483647) --order degrevlex --threads 1 --method groebner
apply-kinema-groebner-apply	apply_vs_axf4__snowy_sky_otter	apply-kinema-groebner-apply	kinema	kinema	systems/kinema/kinema.md	systems/kinema/txt/kinema.txt	Groebner.groebner_apply!	0.10.3	groebner_jl	1	GF(2147483647)	degrevlex		3600	32768	591	ok	0	0.000383589	3.886214	2026-05-18T01:36:25Z	2026-05-18T01:36:29Z	calcul-ouragan	Linux-6.1.0-1029-oem-x86_64-with-glibc2.35	13th Gen Intel(R) Core(TM) i9-13900	x86_64	32	64	3.10.12	results/apply_vs_axf4__snowy_sky_otter/logs/apply-kinema-groebner-apply.log	/home/ademin/.juliaup/bin/julia --startup-file=no /tmp/gbbench-groebner-jl-jpir987z/groebner_jl_worker.jl --input /home/ademin/GroebnerBenchmark/systems/kinema/txt/kinema.txt --field GF(2147483647) --order degrevlex --threads 1 --method groebner_apply!
apply-kinema-groebner-apply-x4	apply_vs_axf4__snowy_sky_otter	apply-kinema-groebner-apply-x4	kinema	kinema	systems/kinema/kinema.md	systems/kinema/txt/kinema.txt	Groebner.groebner_apply! x4	0.10.3	groebner_jl	1	GF(2147483647)	degrevlex		3600	32768	601	ok	0	0.00387081725	5.328180	2026-05-18T01:36:29Z	2026-05-18T01:36:35Z	calcul-ouragan	Linux-6.1.0-1029-oem-x86_64-with-glibc2.35	13th Gen Intel(R) Core(TM) i9-13900	x86_64	32	64	3.10.12	results/apply_vs_axf4__snowy_sky_otter/logs/apply-kinema-groebner-apply-x4.log	"/home/ademin/.juliaup/bin/julia --startup-file=no /tmp/gbbench-groebner-jl-jpir987z/groebner_jl_worker.jl --input /home/ademin/GroebnerBenchmark/systems/kinema/txt/kinema.txt --field GF(2147483647) --order degrevlex --threads 1 --method ""groebner_apply! x4"""
apply-kinema-axf4-t1	apply_vs_axf4__snowy_sky_otter	apply-kinema-axf4-t1	kinema	kinema	systems/kinema/kinema.md	systems/kinema/txt/kinema.txt	axf4 -t 1	local-copy	axf4	1	GF(2147483647)	degrevlex		3600	32768	50	ok	0	0.020576	0.020576	2026-05-18T01:36:35Z	2026-05-18T01:36:35Z	calcul-ouragan	Linux-6.1.0-1029-oem-x86_64-with-glibc2.35	13th Gen Intel(R) Core(TM) i9-13900	x86_64	32	64	3.10.12	results/apply_vs_axf4__snowy_sky_otter/logs/apply-kinema-axf4-t1.log	/home/ademin/GroebnerBenchmark/../axgrob/axf4 -p 2147483647 -v [z1,z2,z3,z4,z5,z6,z7,z8,z9] -t 1 /tmp/gbbench-axf4-gy7eq79z/kinema.txt
apply-kinema-axf4-t8	apply_vs_axf4__snowy_sky_otter	apply-kinema-axf4-t8	kinema	kinema	systems/kinema/kinema.md	systems/kinema/txt/kinema.txt	axf4 -t 8	local-copy	axf4	8	GF(2147483647)	degrevlex		3600	32768	50	ok	0	0.022137	0.022137	2026-05-18T01:36:35Z	2026-05-18T01:36:35Z	calcul-ouragan	Linux-6.1.0-1029-oem-x86_64-with-glibc2.35	13th Gen Intel(R) Core(TM) i9-13900	x86_64	32	64	3.10.12	results/apply_vs_axf4__snowy_sky_otter/logs/apply-kinema-axf4-t8.log	/home/ademin/GroebnerBenchmark/../axgrob/axf4 -p 2147483647 -v [z1,z2,z3,z4,z5,z6,z7,z8,z9] -t 8 /tmp/gbbench-axf4-frjj3gxu/kinema.txt
apply-ku10-groebner	apply_vs_axf4__snowy_sky_otter	apply-ku10-groebner	ku10	ku10	systems/ku10/ku10.md	systems/ku10/txt/ku10.txt	Groebner.groebner	0.10.3	groebner_jl	1	GF(2147483647)	degrevlex		3600	32768	591	ok	0	0.000384997	3.191206	2026-05-18T01:36:35Z	2026-05-18T01:36:38Z	calcul-ouragan	Linux-6.1.0-1029-oem-x86_64-with-glibc2.35	13th Gen Intel(R) Core(TM) i9-13900	x86_64	32	64	3.10.12	results/apply_vs_axf4__snowy_sky_otter/logs/apply-ku10-groebner.log	/home/ademin/.juliaup/bin/julia --startup-file=no /tmp/gbbench-groebner-jl-jpir987z/groebner_jl_worker.jl --input /home/ademin/GroebnerBenchmark/systems/ku10/txt/ku10.txt --field GF(2147483647) --order degrevlex --threads 1 --method groebner
apply-ku10-groebner-apply	apply_vs_axf4__snowy_sky_otter	apply-ku10-groebner-apply	ku10	ku10	systems/ku10/ku10.md	systems/ku10/txt/ku10.txt	Groebner.groebner_apply!	0.10.3	groebner_jl	1	GF(2147483647)	degrevlex		3600	32768	591	ok	0	0.000157817	3.879518	2026-05-18T01:36:38Z	2026-05-18T01:36:42Z	calcul-ouragan	Linux-6.1.0-1029-oem-x86_64-with-glibc2.35	13th Gen Intel(R) Core(TM) i9-13900	x86_64	32	64	3.10.12	results/apply_vs_axf4__snowy_sky_otter/logs/apply-ku10-groebner-apply.log	/home/ademin/.juliaup/bin/julia --startup-file=no /tmp/gbbench-groebner-jl-jpir987z/groebner_jl_worker.jl --input /home/ademin/GroebnerBenchmark/systems/ku10/txt/ku10.txt --field GF(2147483647) --order degrevlex --threads 1 --method groebner_apply!
apply-ku10-groebner-apply-x4	apply_vs_axf4__snowy_sky_otter	apply-ku10-groebner-apply-x4	ku10	ku10	systems/ku10/ku10.md	systems/ku10/txt/ku10.txt	Groebner.groebner_apply! x4	0.10.3	groebner_jl	1	GF(2147483647)	degrevlex		3600	32768	599	ok	0	0.003796851	5.311432	2026-05-18T01:36:42Z	2026-05-18T01:36:47Z	calcul-ouragan	Linux-6.1.0-1029-oem-x86_64-with-glibc2.35	13th Gen Intel(R) Core(TM) i9-13900	x86_64	32	64	3.10.12	results/apply_vs_axf4__snowy_sky_otter/logs/apply-ku10-groebner-apply-x4.log	"/home/ademin/.juliaup/bin/julia --startup-file=no /tmp/gbbench-groebner-jl-jpir987z/groebner_jl_worker.jl --input /home/ademin/GroebnerBenchmark/systems/ku10/txt/ku10.txt --field GF(2147483647) --order degrevlex --threads 1 --method ""groebner_apply! x4"""
apply-ku10-axf4-t1	apply_vs_axf4__snowy_sky_otter	apply-ku10-axf4-t1	ku10	ku10	systems/ku10/ku10.md	systems/ku10/txt/ku10.txt	axf4 -t 1	local-copy	axf4	1	GF(2147483647)	degrevlex		3600	32768	52	ok	0	0.019854	0.019854	2026-05-18T01:36:47Z	2026-05-18T01:36:47Z	calcul-ouragan	Linux-6.1.0-1029-oem-x86_64-with-glibc2.35	13th Gen Intel(R) Core(TM) i9-13900	x86_64	32	64	3.10.12	results/apply_vs_axf4__snowy_sky_otter/logs/apply-ku10-axf4-t1.log	/home/ademin/GroebnerBenchmark/../axgrob/axf4 -p 2147483647 -v [x1,x2,x3,x4,x5,x6,x7,x8,x9,x10] -t 1 /tmp/gbbench-axf4-ohvhtjls/ku10.txt
apply-ku10-axf4-t8	apply_vs_axf4__snowy_sky_otter	apply-ku10-axf4-t8	ku10	ku10	systems/ku10/ku10.md	systems/ku10/txt/ku10.txt	axf4 -t 8	local-copy	axf4	8	GF(2147483647)	degrevlex		3600	32768	53	ok	0	0.020974	0.020974	2026-05-18T01:36:47Z	2026-05-18T01:36:47Z	calcul-ouragan	Linux-6.1.0-1029-oem-x86_64-with-glibc2.35	13th Gen Intel(R) Core(TM) i9-13900	x86_64	32	64	3.10.12	results/apply_vs_axf4__snowy_sky_otter/logs/apply-ku10-axf4-t8.log	/home/ademin/GroebnerBenchmark/../axgrob/axf4 -p 2147483647 -v [x1,x2,x3,x4,x5,x6,x7,x8,x9,x10] -t 8 /tmp/gbbench-axf4-u4ii09g5/ku10.txt
apply-mayr42-groebner	apply_vs_axf4__snowy_sky_otter	apply-mayr42-groebner	mayr42	mayr42	systems/mayr42/mayr42.md	systems/mayr42/txt/mayr42.txt	Groebner.groebner	0.10.3	groebner_jl	1	GF(2147483647)	degrevlex		3600	32768	5082	ok	0	27.970748752	60.213958	2026-05-18T01:36:47Z	2026-05-18T01:37:47Z	calcul-ouragan	Linux-6.1.0-1029-oem-x86_64-with-glibc2.35	13th Gen Intel(R) Core(TM) i9-13900	x86_64	32	64	3.10.12	results/apply_vs_axf4__snowy_sky_otter/logs/apply-mayr42-groebner.log	/home/ademin/.juliaup/bin/julia --startup-file=no /tmp/gbbench-groebner-jl-jpir987z/groebner_jl_worker.jl --input /home/ademin/GroebnerBenchmark/systems/mayr42/txt/mayr42.txt --field GF(2147483647) --order degrevlex --threads 1 --method groebner
apply-mayr42-groebner-apply	apply_vs_axf4__snowy_sky_otter	apply-mayr42-groebner-apply	mayr42	mayr42	systems/mayr42/mayr42.md	systems/mayr42/txt/mayr42.txt	Groebner.groebner_apply!	0.10.3	groebner_jl	1	GF(2147483647)	degrevlex		3600	32768	4094	ok	0	0.076786144	40.250594	2026-05-18T01:37:47Z	2026-05-18T01:38:28Z	calcul-ouragan	Linux-6.1.0-1029-oem-x86_64-with-glibc2.35	13th Gen Intel(R) Core(TM) i9-13900	x86_64	32	64	3.10.12	results/apply_vs_axf4__snowy_sky_otter/logs/apply-mayr42-groebner-apply.log	/home/ademin/.juliaup/bin/julia --startup-file=no /tmp/gbbench-groebner-jl-jpir987z/groebner_jl_worker.jl --input /home/ademin/GroebnerBenchmark/systems/mayr42/txt/mayr42.txt --field GF(2147483647) --order degrevlex --threads 1 --method groebner_apply!
apply-mayr42-groebner-apply-x4	apply_vs_axf4__snowy_sky_otter	apply-mayr42-groebner-apply-x4	mayr42	mayr42	systems/mayr42/mayr42.md	systems/mayr42/txt/mayr42.txt	Groebner.groebner_apply! x4	0.10.3	groebner_jl	1	GF(2147483647)	degrevlex		3600	32768	4731	ok	0	0.05216413425	42.041667	2026-05-18T01:38:28Z	2026-05-18T01:39:10Z	calcul-ouragan	Linux-6.1.0-1029-oem-x86_64-with-glibc2.35	13th Gen Intel(R) Core(TM) i9-13900	x86_64	32	64	3.10.12	results/apply_vs_axf4__snowy_sky_otter/logs/apply-mayr42-groebner-apply-x4.log	"/home/ademin/.juliaup/bin/julia --startup-file=no /tmp/gbbench-groebner-jl-jpir987z/groebner_jl_worker.jl --input /home/ademin/GroebnerBenchmark/systems/mayr42/txt/mayr42.txt --field GF(2147483647) --order degrevlex --threads 1 --method ""groebner_apply! x4"""
apply-mayr42-axf4-t1	apply_vs_axf4__snowy_sky_otter	apply-mayr42-axf4-t1	mayr42	mayr42	systems/mayr42/mayr42.md	systems/mayr42/txt/mayr42.txt	axf4 -t 1	local-copy	axf4	1	GF(2147483647)	degrevlex		3600	32768	496	ok	0	110.638022	110.638022	2026-05-18T01:39:10Z	2026-05-18T01:41:00Z	calcul-ouragan	Linux-6.1.0-1029-oem-x86_64-with-glibc2.35	13th Gen Intel(R) Core(TM) i9-13900	x86_64	32	64	3.10.12	results/apply_vs_axf4__snowy_sky_otter/logs/apply-mayr42-axf4-t1.log	/home/ademin/GroebnerBenchmark/../axgrob/axf4 -p 2147483647 -v [x1,x2,x3,x4,x5,x6,x7,x8,x9,x10,x11,x12,x13,x14,x15,x16,x17,x18,x19,x20,x21,x22,x23,x24,x25,x26,x27,x28,x29,x30,x31,x32,x33,x34,x35,x36,x37,x38,x39,x40,x41,x42,x43,x44,x45,x46,x47,x48,x49,x50,x51] -t 1 /tmp/gbbench-axf4-6a_7pf0x/mayr42.txt
apply-mayr42-axf4-t8	apply_vs_axf4__snowy_sky_otter	apply-mayr42-axf4-t8	mayr42	mayr42	systems/mayr42/mayr42.md	systems/mayr42/txt/mayr42.txt	axf4 -t 8	local-copy	axf4	8	GF(2147483647)	degrevlex		3600	32768	498	ok	0	92.271233	92.271233	2026-05-18T01:41:00Z	2026-05-18T01:42:32Z	calcul-ouragan	Linux-6.1.0-1029-oem-x86_64-with-glibc2.35	13th Gen Intel(R) Core(TM) i9-13900	x86_64	32	64	3.10.12	results/apply_vs_axf4__snowy_sky_otter/logs/apply-mayr42-axf4-t8.log	/home/ademin/GroebnerBenchmark/../axgrob/axf4 -p 2147483647 -v [x1,x2,x3,x4,x5,x6,x7,x8,x9,x10,x11,x12,x13,x14,x15,x16,x17,x18,x19,x20,x21,x22,x23,x24,x25,x26,x27,x28,x29,x30,x31,x32,x33,x34,x35,x36,x37,x38,x39,x40,x41,x42,x43,x44,x45,x46,x47,x48,x49,x50,x51] -t 8 /tmp/gbbench-axf4-wsqousht/mayr42.txt
apply-NFkB_reduced-groebner	apply_vs_axf4__snowy_sky_otter	apply-NFkB_reduced-groebner	NFkB_reduced	NFkB_reduced	systems/NFkB_reduced/NFkB_reduced.md	systems/NFkB_reduced/txt/NFkB_reduced.txt	Groebner.groebner	0.10.3	groebner_jl	1	GF(2147483647)	degrevlex		3600	32768	625	ok	0	0.042198807	4.016050	2026-05-18T01:42:32Z	2026-05-18T01:42:37Z	calcul-ouragan	Linux-6.1.0-1029-oem-x86_64-with-glibc2.35	13th Gen Intel(R) Core(TM) i9-13900	x86_64	32	64	3.10.12	results/apply_vs_axf4__snowy_sky_otter/logs/apply-NFkB_reduced-groebner.log	/home/ademin/.juliaup/bin/julia --startup-file=no /tmp/gbbench-groebner-jl-jpir987z/groebner_jl_worker.jl --input /home/ademin/GroebnerBenchmark/systems/NFkB_reduced/txt/NFkB_reduced.txt --field GF(2147483647) --order degrevlex --threads 1 --method groebner
apply-NFkB_reduced-groebner-apply	apply_vs_axf4__snowy_sky_otter	apply-NFkB_reduced-groebner-apply	NFkB_reduced	NFkB_reduced	systems/NFkB_reduced/NFkB_reduced.md	systems/NFkB_reduced/txt/NFkB_reduced.txt	Groebner.groebner_apply!	0.10.3	groebner_jl	1	GF(2147483647)	degrevlex		3600	32768	631	ok	0	0.018060331	4.743639	2026-05-18T01:42:37Z	2026-05-18T01:42:41Z	calcul-ouragan	Linux-6.1.0-1029-oem-x86_64-with-glibc2.35	13th Gen Intel(R) Core(TM) i9-13900	x86_64	32	64	3.10.12	results/apply_vs_axf4__snowy_sky_otter/logs/apply-NFkB_reduced-groebner-apply.log	/home/ademin/.juliaup/bin/julia --startup-file=no /tmp/gbbench-groebner-jl-jpir987z/groebner_jl_worker.jl --input /home/ademin/GroebnerBenchmark/systems/NFkB_reduced/txt/NFkB_reduced.txt --field GF(2147483647) --order degrevlex --threads 1 --method groebner_apply!
apply-NFkB_reduced-groebner-apply-x4	apply_vs_axf4__snowy_sky_otter	apply-NFkB_reduced-groebner-apply-x4	NFkB_reduced	NFkB_reduced	systems/NFkB_reduced/NFkB_reduced.md	systems/NFkB_reduced/txt/NFkB_reduced.txt	Groebner.groebner_apply! x4	0.10.3	groebner_jl	1	GF(2147483647)	degrevlex		3600	32768	669	ok	0	0.00633267425	6.227052	2026-05-18T01:42:41Z	2026-05-18T01:42:47Z	calcul-ouragan	Linux-6.1.0-1029-oem-x86_64-with-glibc2.35	13th Gen Intel(R) Core(TM) i9-13900	x86_64	32	64	3.10.12	results/apply_vs_axf4__snowy_sky_otter/logs/apply-NFkB_reduced-groebner-apply-x4.log	"/home/ademin/.juliaup/bin/julia --startup-file=no /tmp/gbbench-groebner-jl-jpir987z/groebner_jl_worker.jl --input /home/ademin/GroebnerBenchmark/systems/NFkB_reduced/txt/NFkB_reduced.txt --field GF(2147483647) --order degrevlex --threads 1 --method ""groebner_apply! x4"""
apply-NFkB_reduced-axf4-t1	apply_vs_axf4__snowy_sky_otter	apply-NFkB_reduced-axf4-t1	NFkB_reduced	NFkB_reduced	systems/NFkB_reduced/NFkB_reduced.md	systems/NFkB_reduced/txt/NFkB_reduced.txt	axf4 -t 1	local-copy	axf4	1	GF(2147483647)	degrevlex		3600	32768	313	ok	0	0.327136	0.327136	2026-05-18T01:42:48Z	2026-05-18T01:42:48Z	calcul-ouragan	Linux-6.1.0-1029-oem-x86_64-with-glibc2.35	13th Gen Intel(R) Core(TM) i9-13900	x86_64	32	64	3.10.12	results/apply_vs_axf4__snowy_sky_otter/logs/apply-NFkB_reduced-axf4-t1.log	/home/ademin/GroebnerBenchmark/../axgrob/axf4 -p 2147483647 -v [i1_0,i1a_0,k_prod_0,t1_0,t2_0,u_0,u_1,u_2,u_3,x10_0,x10_1,x10_2,x10_3,x10_4,x11_0,x11_1,x11_2,x11_3,x11_4,x12_0,x12_1,x12_2,x12_3,x13_0,x13_1,x13_2,x13_3,x13_4,x14_0,x14_1,x14_2,x14_3,x1_0,x1_1,x1_2,x1_3,x1_4,x2_0,x2_1,x2_2,x2_3,x2_4,x3_0,x3_1,x3_2,x3_3,x3_4,x4_0,x4_1,x4_2,x4_3,x5_0,x5_1,x5_2,x5_3,x6_0,x6_1,x6_2,x6_3,x6_4,x7_0,x7_1,x7_2,x7_3,x7_4,x7_5,x8_0,x8_1,x8_2,x8_3,x9_0,x9_1,x9_2] -t 1 /tmp/gbbench-axf4-fpn4feva/NFkB_reduced.txt
apply-NFkB_reduced-axf4-t8	apply_vs_axf4__snowy_sky_otter	apply-NFkB_reduced-axf4-t8	NFkB_reduced	NFkB_reduced	systems/NFkB_reduced/NFkB_reduced.md	systems/NFkB_reduced/txt/NFkB_reduced.txt	axf4 -t 8	local-copy	axf4	8	GF(2147483647)	degrevlex		3600	32768	314	ok	0	0.254620	0.254620	2026-05-18T01:42:48Z	2026-05-18T01:42:48Z	calcul-ouragan	Linux-6.1.0-1029-oem-x86_64-with-glibc2.35	13th Gen Intel(R) Core(TM) i9-13900	x86_64	32	64	3.10.12	results/apply_vs_axf4__snowy_sky_otter/logs/apply-NFkB_reduced-axf4-t8.log	/home/ademin/GroebnerBenchmark/../axgrob/axf4 -p 2147483647 -v [i1_0,i1a_0,k_prod_0,t1_0,t2_0,u_0,u_1,u_2,u_3,x10_0,x10_1,x10_2,x10_3,x10_4,x11_0,x11_1,x11_2,x11_3,x11_4,x12_0,x12_1,x12_2,x12_3,x13_0,x13_1,x13_2,x13_3,x13_4,x14_0,x14_1,x14_2,x14_3,x1_0,x1_1,x1_2,x1_3,x1_4,x2_0,x2_1,x2_2,x2_3,x2_4,x3_0,x3_1,x3_2,x3_3,x3_4,x4_0,x4_1,x4_2,x4_3,x5_0,x5_1,x5_2,x5_3,x6_0,x6_1,x6_2,x6_3,x6_4,x7_0,x7_1,x7_2,x7_3,x7_4,x7_5,x8_0,x8_1,x8_2,x8_3,x9_0,x9_1,x9_2] -t 8 /tmp/gbbench-axf4-8yrwryob/NFkB_reduced.txt
apply-no5_sq_a-groebner	apply_vs_axf4__snowy_sky_otter	apply-no5_sq_a-groebner	no5_sq_a	no5_sq_a	systems/no5_sq_a/no5_sq_a.md	systems/no5_sq_a/txt/no5_sq_a.txt	Groebner.groebner	0.10.3	groebner_jl	1	GF(2147483647)	degrevlex		3600	32768	702	ok	0	0.592741695	3.237528	2026-05-18T01:42:48Z	2026-05-18T01:42:51Z	calcul-ouragan	Linux-6.1.0-1029-oem-x86_64-with-glibc2.35	13th Gen Intel(R) Core(TM) i9-13900	x86_64	32	64	3.10.12	results/apply_vs_axf4__snowy_sky_otter/logs/apply-no5_sq_a-groebner.log	/home/ademin/.juliaup/bin/julia --startup-file=no /tmp/gbbench-groebner-jl-jpir987z/groebner_jl_worker.jl --input /home/ademin/GroebnerBenchmark/systems/no5_sq_a/txt/no5_sq_a.txt --field GF(2147483647) --order degrevlex --threads 1 --method groebner
apply-no5_sq_a-groebner-apply	apply_vs_axf4__snowy_sky_otter	apply-no5_sq_a-groebner-apply	no5_sq_a	no5_sq_a	systems/no5_sq_a/no5_sq_a.md	systems/no5_sq_a/txt/no5_sq_a.txt	Groebner.groebner_apply!	0.10.3	groebner_jl	1	GF(2147483647)	degrevlex		3600	32768	662	ok	0	0.18418889	3.823567	2026-05-18T01:42:51Z	2026-05-18T01:42:55Z	calcul-ouragan	Linux-6.1.0-1029-oem-x86_64-with-glibc2.35	13th Gen Intel(R) Core(TM) i9-13900	x86_64	32	64	3.10.12	results/apply_vs_axf4__snowy_sky_otter/logs/apply-no5_sq_a-groebner-apply.log	/home/ademin/.juliaup/bin/julia --startup-file=no /tmp/gbbench-groebner-jl-jpir987z/groebner_jl_worker.jl --input /home/ademin/GroebnerBenchmark/systems/no5_sq_a/txt/no5_sq_a.txt --field GF(2147483647) --order degrevlex --threads 1 --method groebner_apply!
apply-no5_sq_a-groebner-apply-x4	apply_vs_axf4__snowy_sky_otter	apply-no5_sq_a-groebner-apply-x4	no5_sq_a	no5_sq_a	systems/no5_sq_a/no5_sq_a.md	systems/no5_sq_a/txt/no5_sq_a.txt	Groebner.groebner_apply! x4	0.10.3	groebner_jl	1	GF(2147483647)	degrevlex		3600	32768	803	ok	0	0.09302500725	5.781704	2026-05-18T01:42:55Z	2026-05-18T01:43:01Z	calcul-ouragan	Linux-6.1.0-1029-oem-x86_64-with-glibc2.35	13th Gen Intel(R) Core(TM) i9-13900	x86_64	32	64	3.10.12	results/apply_vs_axf4__snowy_sky_otter/logs/apply-no5_sq_a-groebner-apply-x4.log	"/home/ademin/.juliaup/bin/julia --startup-file=no /tmp/gbbench-groebner-jl-jpir987z/groebner_jl_worker.jl --input /home/ademin/GroebnerBenchmark/systems/no5_sq_a/txt/no5_sq_a.txt --field GF(2147483647) --order degrevlex --threads 1 --method ""groebner_apply! x4"""
apply-no5_sq_a-axf4-t1	apply_vs_axf4__snowy_sky_otter	apply-no5_sq_a-axf4-t1	no5_sq_a	no5_sq_a	systems/no5_sq_a/no5_sq_a.md	systems/no5_sq_a/txt/no5_sq_a.txt	axf4 -t 1	local-copy	axf4	1	GF(2147483647)	degrevlex		3600	32768	77	ok	0	1.559916	1.559916	2026-05-18T01:43:01Z	2026-05-18T01:43:03Z	calcul-ouragan	Linux-6.1.0-1029-oem-x86_64-with-glibc2.35	13th Gen Intel(R) Core(TM) i9-13900	x86_64	32	64	3.10.12	results/apply_vs_axf4__snowy_sky_otter/logs/apply-no5_sq_a-axf4-t1.log	/home/ademin/GroebnerBenchmark/../axgrob/axf4 -p 2147483647 -v [x1,x2,x3,x4,x5] -t 1 /tmp/gbbench-axf4-rbr48yb6/no5_sq_a.txt
apply-no5_sq_a-axf4-t8	apply_vs_axf4__snowy_sky_otter	apply-no5_sq_a-axf4-t8	no5_sq_a	no5_sq_a	systems/no5_sq_a/no5_sq_a.md	systems/no5_sq_a/txt/no5_sq_a.txt	axf4 -t 8	local-copy	axf4	8	GF(2147483647)	degrevlex		3600	32768	83	ok	0	0.549181	0.549181	2026-05-18T01:43:03Z	2026-05-18T01:43:03Z	calcul-ouragan	Linux-6.1.0-1029-oem-x86_64-with-glibc2.35	13th Gen Intel(R) Core(TM) i9-13900	x86_64	32	64	3.10.12	results/apply_vs_axf4__snowy_sky_otter/logs/apply-no5_sq_a-axf4-t8.log	/home/ademin/GroebnerBenchmark/../axgrob/axf4 -p 2147483647 -v [x1,x2,x3,x4,x5] -t 8 /tmp/gbbench-axf4-w97121xm/no5_sq_a.txt
apply-no6_sq_1-groebner	apply_vs_axf4__snowy_sky_otter	apply-no6_sq_1-groebner	no6_sq_1	no6_sq_1	systems/no6_sq_1/no6_sq_1.md	systems/no6_sq_1/txt/no6_sq_1.txt	Groebner.groebner	0.10.3	groebner_jl	1	GF(2147483647)	degrevlex		3600	32768	556	ok	0	0.14012068	2.070474	2026-05-18T01:43:03Z	2026-05-18T01:43:05Z	calcul-ouragan	Linux-6.1.0-1029-oem-x86_64-with-glibc2.35	13th Gen Intel(R) Core(TM) i9-13900	x86_64	32	64	3.10.12	results/apply_vs_axf4__snowy_sky_otter/logs/apply-no6_sq_1-groebner.log	/home/ademin/.juliaup/bin/julia --startup-file=no /tmp/gbbench-groebner-jl-jpir987z/groebner_jl_worker.jl --input /home/ademin/GroebnerBenchmark/systems/no6_sq_1/txt/no6_sq_1.txt --field GF(2147483647) --order degrevlex --threads 1 --method groebner
apply-no6_sq_1-groebner-apply	apply_vs_axf4__snowy_sky_otter	apply-no6_sq_1-groebner-apply	no6_sq_1	no6_sq_1	systems/no6_sq_1/no6_sq_1.md	systems/no6_sq_1/txt/no6_sq_1.txt	Groebner.groebner_apply!	0.10.3	groebner_jl	1	GF(2147483647)	degrevlex		3600	32768	557	ok	0	0.005172168	2.056202	2026-05-18T01:43:05Z	2026-05-18T01:43:07Z	calcul-ouragan	Linux-6.1.0-1029-oem-x86_64-with-glibc2.35	13th Gen Intel(R) Core(TM) i9-13900	x86_64	32	64	3.10.12	results/apply_vs_axf4__snowy_sky_otter/logs/apply-no6_sq_1-groebner-apply.log	/home/ademin/.juliaup/bin/julia --startup-file=no /tmp/gbbench-groebner-jl-jpir987z/groebner_jl_worker.jl --input /home/ademin/GroebnerBenchmark/systems/no6_sq_1/txt/no6_sq_1.txt --field GF(2147483647) --order degrevlex --threads 1 --method groebner_apply!
apply-no6_sq_1-groebner-apply-x4	apply_vs_axf4__snowy_sky_otter	apply-no6_sq_1-groebner-apply-x4	no6_sq_1	no6_sq_1	systems/no6_sq_1/no6_sq_1.md	systems/no6_sq_1/txt/no6_sq_1.txt	Groebner.groebner_apply! x4	0.10.3	groebner_jl	1	GF(2147483647)	degrevlex		3600	32768	617	ok	0	0.00809960225	3.736190	2026-05-18T01:43:07Z	2026-05-18T01:43:11Z	calcul-ouragan	Linux-6.1.0-1029-oem-x86_64-with-glibc2.35	13th Gen Intel(R) Core(TM) i9-13900	x86_64	32	64	3.10.12	results/apply_vs_axf4__snowy_sky_otter/logs/apply-no6_sq_1-groebner-apply-x4.log	"/home/ademin/.juliaup/bin/julia --startup-file=no /tmp/gbbench-groebner-jl-jpir987z/groebner_jl_worker.jl --input /home/ademin/GroebnerBenchmark/systems/no6_sq_1/txt/no6_sq_1.txt --field GF(2147483647) --order degrevlex --threads 1 --method ""groebner_apply! x4"""
apply-no6_sq_1-axf4-t1	apply_vs_axf4__snowy_sky_otter	apply-no6_sq_1-axf4-t1	no6_sq_1	no6_sq_1	systems/no6_sq_1/no6_sq_1.md	systems/no6_sq_1/txt/no6_sq_1.txt	axf4 -t 1	local-copy	axf4	1	GF(2147483647)	degrevlex		3600	32768	48	ok	0	0.089481	0.089481	2026-05-18T01:43:11Z	2026-05-18T01:43:11Z	calcul-ouragan	Linux-6.1.0-1029-oem-x86_64-with-glibc2.35	13th Gen Intel(R) Core(TM) i9-13900	x86_64	32	64	3.10.12	results/apply_vs_axf4__snowy_sky_otter/logs/apply-no6_sq_1-axf4-t1.log	/home/ademin/GroebnerBenchmark/../axgrob/axf4 -p 2147483647 -v [x1,x2,x3,x4,x5,x6] -t 1 /tmp/gbbench-axf4-as78mosm/no6_sq_1.txt
apply-no6_sq_1-axf4-t8	apply_vs_axf4__snowy_sky_otter	apply-no6_sq_1-axf4-t8	no6_sq_1	no6_sq_1	systems/no6_sq_1/no6_sq_1.md	systems/no6_sq_1/txt/no6_sq_1.txt	axf4 -t 8	local-copy	axf4	8	GF(2147483647)	degrevlex		3600	32768	49	ok	0	0.075180	0.075180	2026-05-18T01:43:11Z	2026-05-18T01:43:11Z	calcul-ouragan	Linux-6.1.0-1029-oem-x86_64-with-glibc2.35	13th Gen Intel(R) Core(TM) i9-13900	x86_64	32	64	3.10.12	results/apply_vs_axf4__snowy_sky_otter/logs/apply-no6_sq_1-axf4-t8.log	/home/ademin/GroebnerBenchmark/../axgrob/axf4 -p 2147483647 -v [x1,x2,x3,x4,x5,x6] -t 8 /tmp/gbbench-axf4-fh0g9gm3/no6_sq_1.txt
apply-noon-10-groebner	apply_vs_axf4__snowy_sky_otter	apply-noon-10-groebner	noon	noon-10	systems/noon/noon.md	systems/noon/txt/noon_10.txt	Groebner.groebner	0.10.3	groebner_jl	1	GF(2147483647)	degrevlex		3600	32768	4124	ok	0	51.949799165	106.206031	2026-05-18T01:43:11Z	2026-05-18T01:44:57Z	calcul-ouragan	Linux-6.1.0-1029-oem-x86_64-with-glibc2.35	13th Gen Intel(R) Core(TM) i9-13900	x86_64	32	64	3.10.12	results/apply_vs_axf4__snowy_sky_otter/logs/apply-noon-10-groebner.log	/home/ademin/.juliaup/bin/julia --startup-file=no /tmp/gbbench-groebner-jl-jpir987z/groebner_jl_worker.jl --input /home/ademin/GroebnerBenchmark/systems/noon/txt/noon_10.txt --field GF(2147483647) --order degrevlex --threads 1 --method groebner
apply-noon-10-groebner-apply	apply_vs_axf4__snowy_sky_otter	apply-noon-10-groebner-apply	noon	noon-10	systems/noon/noon.md	systems/noon/txt/noon_10.txt	Groebner.groebner_apply!	0.10.3	groebner_jl	1	GF(2147483647)	degrevlex		3600	32768	5031	ok	0	4.709865218	63.157058	2026-05-18T01:44:57Z	2026-05-18T01:46:01Z	calcul-ouragan	Linux-6.1.0-1029-oem-x86_64-with-glibc2.35	13th Gen Intel(R) Core(TM) i9-13900	x86_64	32	64	3.10.12	results/apply_vs_axf4__snowy_sky_otter/logs/apply-noon-10-groebner-apply.log	/home/ademin/.juliaup/bin/julia --startup-file=no /tmp/gbbench-groebner-jl-jpir987z/groebner_jl_worker.jl --input /home/ademin/GroebnerBenchmark/systems/noon/txt/noon_10.txt --field GF(2147483647) --order degrevlex --threads 1 --method groebner_apply!
apply-noon-10-groebner-apply-x4	apply_vs_axf4__snowy_sky_otter	apply-noon-10-groebner-apply-x4	noon	noon-10	systems/noon/noon.md	systems/noon/txt/noon_10.txt	Groebner.groebner_apply! x4	0.10.3	groebner_jl	1	GF(2147483647)	degrevlex		3600	32768	10151	ok	0	2.80869977725	77.524445	2026-05-18T01:46:01Z	2026-05-18T01:47:18Z	calcul-ouragan	Linux-6.1.0-1029-oem-x86_64-with-glibc2.35	13th Gen Intel(R) Core(TM) i9-13900	x86_64	32	64	3.10.12	results/apply_vs_axf4__snowy_sky_otter/logs/apply-noon-10-groebner-apply-x4.log	"/home/ademin/.juliaup/bin/julia --startup-file=no /tmp/gbbench-groebner-jl-jpir987z/groebner_jl_worker.jl --input /home/ademin/GroebnerBenchmark/systems/noon/txt/noon_10.txt --field GF(2147483647) --order degrevlex --threads 1 --method ""groebner_apply! x4"""
apply-noon-10-axf4-t1	apply_vs_axf4__snowy_sky_otter	apply-noon-10-axf4-t1	noon	noon-10	systems/noon/noon.md	systems/noon/txt/noon_10.txt	axf4 -t 1	local-copy	axf4	1	GF(2147483647)	degrevlex		3600	32768	1904	ok	0	182.510701	182.510701	2026-05-18T01:47:18Z	2026-05-18T01:50:21Z	calcul-ouragan	Linux-6.1.0-1029-oem-x86_64-with-glibc2.35	13th Gen Intel(R) Core(TM) i9-13900	x86_64	32	64	3.10.12	results/apply_vs_axf4__snowy_sky_otter/logs/apply-noon-10-axf4-t1.log	/home/ademin/GroebnerBenchmark/../axgrob/axf4 -p 2147483647 -v [x1,x2,x3,x4,x5,x6,x7,x8,x9,x10] -t 1 /tmp/gbbench-axf4-re3234e4/noon_10.txt
apply-noon-10-axf4-t8	apply_vs_axf4__snowy_sky_otter	apply-noon-10-axf4-t8	noon	noon-10	systems/noon/noon.md	systems/noon/txt/noon_10.txt	axf4 -t 8	local-copy	axf4	8	GF(2147483647)	degrevlex		3600	32768	2050	ok	0	64.696364	64.696364	2026-05-18T01:50:21Z	2026-05-18T01:51:25Z	calcul-ouragan	Linux-6.1.0-1029-oem-x86_64-with-glibc2.35	13th Gen Intel(R) Core(TM) i9-13900	x86_64	32	64	3.10.12	results/apply_vs_axf4__snowy_sky_otter/logs/apply-noon-10-axf4-t8.log	/home/ademin/GroebnerBenchmark/../axgrob/axf4 -p 2147483647 -v [x1,x2,x3,x4,x5,x6,x7,x8,x9,x10] -t 8 /tmp/gbbench-axf4-jb4rku7d/noon_10.txt
apply-noon-11-groebner	apply_vs_axf4__snowy_sky_otter	apply-noon-11-groebner	noon	noon-11	systems/noon/noon.md	systems/noon/txt/noon_11.txt	Groebner.groebner	0.10.3	groebner_jl	1	GF(2147483647)	degrevlex		3600	32768	22319	ok	0	554.529104723	1113.778041	2026-05-18T01:51:25Z	2026-05-18T02:09:59Z	calcul-ouragan	Linux-6.1.0-1029-oem-x86_64-with-glibc2.35	13th Gen Intel(R) Core(TM) i9-13900	x86_64	32	64	3.10.12	results/apply_vs_axf4__snowy_sky_otter/logs/apply-noon-11-groebner.log	/home/ademin/.juliaup/bin/julia --startup-file=no /tmp/gbbench-groebner-jl-jpir987z/groebner_jl_worker.jl --input /home/ademin/GroebnerBenchmark/systems/noon/txt/noon_11.txt --field GF(2147483647) --order degrevlex --threads 1 --method groebner
apply-noon-11-groebner-apply	apply_vs_axf4__snowy_sky_otter	apply-noon-11-groebner-apply	noon	noon-11	systems/noon/noon.md	systems/noon/txt/noon_11.txt	Groebner.groebner_apply!	0.10.3	groebner_jl	1	GF(2147483647)	degrevlex		3600	32768	24264	ok	0	42.148021109	599.414388	2026-05-18T02:09:59Z	2026-05-18T02:19:58Z	calcul-ouragan	Linux-6.1.0-1029-oem-x86_64-with-glibc2.35	13th Gen Intel(R) Core(TM) i9-13900	x86_64	32	64	3.10.12	results/apply_vs_axf4__snowy_sky_otter/logs/apply-noon-11-groebner-apply.log	/home/ademin/.juliaup/bin/julia --startup-file=no /tmp/gbbench-groebner-jl-jpir987z/groebner_jl_worker.jl --input /home/ademin/GroebnerBenchmark/systems/noon/txt/noon_11.txt --field GF(2147483647) --order degrevlex --threads 1 --method groebner_apply!
apply-noon-11-groebner-apply-x4	apply_vs_axf4__snowy_sky_otter	apply-noon-11-groebner-apply-x4	noon	noon-11	systems/noon/noon.md	systems/noon/txt/noon_11.txt	Groebner.groebner_apply! x4	0.10.3	groebner_jl	1	GF(2147483647)	degrevlex		3600	32768	28150	error	134	622.190853	622.190853	2026-05-18T02:19:58Z	2026-05-18T02:30:21Z	calcul-ouragan	Linux-6.1.0-1029-oem-x86_64-with-glibc2.35	13th Gen Intel(R) Core(TM) i9-13900	x86_64	32	64	3.10.12	results/apply_vs_axf4__snowy_sky_otter/logs/apply-noon-11-groebner-apply-x4.log	"/home/ademin/.juliaup/bin/julia --startup-file=no /tmp/gbbench-groebner-jl-jpir987z/groebner_jl_worker.jl --input /home/ademin/GroebnerBenchmark/systems/noon/txt/noon_11.txt --field GF(2147483647) --order degrevlex --threads 1 --method ""groebner_apply! x4"""
apply-noon-11-axf4-t1	apply_vs_axf4__snowy_sky_otter	apply-noon-11-axf4-t1	noon	noon-11	systems/noon/noon.md	systems/noon/txt/noon_11.txt	axf4 -t 1	local-copy	axf4	1	GF(2147483647)	degrevlex		3600	32768	8261	error	139	1833.459966	1833.459966	2026-05-18T02:30:21Z	2026-05-18T03:00:54Z	calcul-ouragan	Linux-6.1.0-1029-oem-x86_64-with-glibc2.35	13th Gen Intel(R) Core(TM) i9-13900	x86_64	32	64	3.10.12	results/apply_vs_axf4__snowy_sky_otter/logs/apply-noon-11-axf4-t1.log	/home/ademin/GroebnerBenchmark/../axgrob/axf4 -p 2147483647 -v [x1,x2,x3,x4,x5,x6,x7,x8,x9,x10,x11] -t 1 /tmp/gbbench-axf4-1mgqaic8/noon_11.txt
apply-noon-11-axf4-t8	apply_vs_axf4__snowy_sky_otter	apply-noon-11-axf4-t8	noon	noon-11	systems/noon/noon.md	systems/noon/txt/noon_11.txt	axf4 -t 8	local-copy	axf4	8	GF(2147483647)	degrevlex		3600	32768	9297	error	139	553.349953	553.349953	2026-05-18T03:00:54Z	2026-05-18T03:10:07Z	calcul-ouragan	Linux-6.1.0-1029-oem-x86_64-with-glibc2.35	13th Gen Intel(R) Core(TM) i9-13900	x86_64	32	64	3.10.12	results/apply_vs_axf4__snowy_sky_otter/logs/apply-noon-11-axf4-t8.log	/home/ademin/GroebnerBenchmark/../axgrob/axf4 -p 2147483647 -v [x1,x2,x3,x4,x5,x6,x7,x8,x9,x10,x11] -t 8 /tmp/gbbench-axf4-whgeezsu/noon_11.txt
apply-noon-7-groebner	apply_vs_axf4__snowy_sky_otter	apply-noon-7-groebner	noon	noon-7	systems/noon/noon.md	systems/noon/txt/noon_7.txt	Groebner.groebner	0.10.3	groebner_jl	1	GF(2147483647)	degrevlex		3600	32768	566	ok	0	0.056836298	1.805447	2026-05-18T03:10:07Z	2026-05-18T03:10:09Z	calcul-ouragan	Linux-6.1.0-1029-oem-x86_64-with-glibc2.35	13th Gen Intel(R) Core(TM) i9-13900	x86_64	32	64	3.10.12	results/apply_vs_axf4__snowy_sky_otter/logs/apply-noon-7-groebner.log	/home/ademin/.juliaup/bin/julia --startup-file=no /tmp/gbbench-groebner-jl-jpir987z/groebner_jl_worker.jl --input /home/ademin/GroebnerBenchmark/systems/noon/txt/noon_7.txt --field GF(2147483647) --order degrevlex --threads 1 --method groebner
apply-noon-7-groebner-apply	apply_vs_axf4__snowy_sky_otter	apply-noon-7-groebner-apply	noon	noon-7	systems/noon/noon.md	systems/noon/txt/noon_7.txt	Groebner.groebner_apply!	0.10.3	groebner_jl	1	GF(2147483647)	degrevlex		3600	32768	573	ok	0	0.011107613	1.812618	2026-05-18T03:10:09Z	2026-05-18T03:10:11Z	calcul-ouragan	Linux-6.1.0-1029-oem-x86_64-with-glibc2.35	13th Gen Intel(R) Core(TM) i9-13900	x86_64	32	64	3.10.12	results/apply_vs_axf4__snowy_sky_otter/logs/apply-noon-7-groebner-apply.log	/home/ademin/.juliaup/bin/julia --startup-file=no /tmp/gbbench-groebner-jl-jpir987z/groebner_jl_worker.jl --input /home/ademin/GroebnerBenchmark/systems/noon/txt/noon_7.txt --field GF(2147483647) --order degrevlex --threads 1 --method groebner_apply!
apply-noon-7-groebner-apply-x4	apply_vs_axf4__snowy_sky_otter	apply-noon-7-groebner-apply-x4	noon	noon-7	systems/noon/noon.md	systems/noon/txt/noon_7.txt	Groebner.groebner_apply! x4	0.10.3	groebner_jl	1	GF(2147483647)	degrevlex		3600	32768	626	ok	0	0.00944256525	3.263025	2026-05-18T03:10:11Z	2026-05-18T03:10:14Z	calcul-ouragan	Linux-6.1.0-1029-oem-x86_64-with-glibc2.35	13th Gen Intel(R) Core(TM) i9-13900	x86_64	32	64	3.10.12	results/apply_vs_axf4__snowy_sky_otter/logs/apply-noon-7-groebner-apply-x4.log	"/home/ademin/.juliaup/bin/julia --startup-file=no /tmp/gbbench-groebner-jl-jpir987z/groebner_jl_worker.jl --input /home/ademin/GroebnerBenchmark/systems/noon/txt/noon_7.txt --field GF(2147483647) --order degrevlex --threads 1 --method ""groebner_apply! x4"""
apply-noon-7-axf4-t1	apply_vs_axf4__snowy_sky_otter	apply-noon-7-axf4-t1	noon	noon-7	systems/noon/noon.md	systems/noon/txt/noon_7.txt	axf4 -t 1	local-copy	axf4	1	GF(2147483647)	degrevlex		3600	32768	57	ok	0	0.196016	0.196016	2026-05-18T03:10:14Z	2026-05-18T03:10:15Z	calcul-ouragan	Linux-6.1.0-1029-oem-x86_64-with-glibc2.35	13th Gen Intel(R) Core(TM) i9-13900	x86_64	32	64	3.10.12	results/apply_vs_axf4__snowy_sky_otter/logs/apply-noon-7-axf4-t1.log	/home/ademin/GroebnerBenchmark/../axgrob/axf4 -p 2147483647 -v [x1,x2,x3,x4,x5,x6,x7] -t 1 /tmp/gbbench-axf4-vvmj2b7n/noon_7.txt
apply-noon-7-axf4-t8	apply_vs_axf4__snowy_sky_otter	apply-noon-7-axf4-t8	noon	noon-7	systems/noon/noon.md	systems/noon/txt/noon_7.txt	axf4 -t 8	local-copy	axf4	8	GF(2147483647)	degrevlex		3600	32768	59	ok	0	0.128970	0.128970	2026-05-18T03:10:15Z	2026-05-18T03:10:15Z	calcul-ouragan	Linux-6.1.0-1029-oem-x86_64-with-glibc2.35	13th Gen Intel(R) Core(TM) i9-13900	x86_64	32	64	3.10.12	results/apply_vs_axf4__snowy_sky_otter/logs/apply-noon-7-axf4-t8.log	/home/ademin/GroebnerBenchmark/../axgrob/axf4 -p 2147483647 -v [x1,x2,x3,x4,x5,x6,x7] -t 8 /tmp/gbbench-axf4-styupwpz/noon_7.txt
apply-noon-8-groebner	apply_vs_axf4__snowy_sky_otter	apply-noon-8-groebner	noon	noon-8	systems/noon/noon.md	systems/noon/txt/noon_8.txt	Groebner.groebner	0.10.3	groebner_jl	1	GF(2147483647)	degrevlex		3600	32768	670	ok	0	0.566295388	3.909803	2026-05-18T03:10:15Z	2026-05-18T03:10:19Z	calcul-ouragan	Linux-6.1.0-1029-oem-x86_64-with-glibc2.35	13th Gen Intel(R) Core(TM) i9-13900	x86_64	32	64	3.10.12	results/apply_vs_axf4__snowy_sky_otter/logs/apply-noon-8-groebner.log	/home/ademin/.juliaup/bin/julia --startup-file=no /tmp/gbbench-groebner-jl-jpir987z/groebner_jl_worker.jl --input /home/ademin/GroebnerBenchmark/systems/noon/txt/noon_8.txt --field GF(2147483647) --order degrevlex --threads 1 --method groebner
apply-noon-8-groebner-apply	apply_vs_axf4__snowy_sky_otter	apply-noon-8-groebner-apply	noon	noon-8	systems/noon/noon.md	systems/noon/txt/noon_8.txt	Groebner.groebner_apply!	0.10.3	groebner_jl	1	GF(2147483647)	degrevlex		3600	32768	656	ok	0	0.208300903	4.268367	2026-05-18T03:10:19Z	2026-05-18T03:10:23Z	calcul-ouragan	Linux-6.1.0-1029-oem-x86_64-with-glibc2.35	13th Gen Intel(R) Core(TM) i9-13900	x86_64	32	64	3.10.12	results/apply_vs_axf4__snowy_sky_otter/logs/apply-noon-8-groebner-apply.log	/home/ademin/.juliaup/bin/julia --startup-file=no /tmp/gbbench-groebner-jl-jpir987z/groebner_jl_worker.jl --input /home/ademin/GroebnerBenchmark/systems/noon/txt/noon_8.txt --field GF(2147483647) --order degrevlex --threads 1 --method groebner_apply!
apply-noon-8-groebner-apply-x4	apply_vs_axf4__snowy_sky_otter	apply-noon-8-groebner-apply-x4	noon	noon-8	systems/noon/noon.md	systems/noon/txt/noon_8.txt	Groebner.groebner_apply! x4	0.10.3	groebner_jl	1	GF(2147483647)	degrevlex		3600	32768	825	ok	0	0.0701213335	5.840386	2026-05-18T03:10:23Z	2026-05-18T03:10:29Z	calcul-ouragan	Linux-6.1.0-1029-oem-x86_64-with-glibc2.35	13th Gen Intel(R) Core(TM) i9-13900	x86_64	32	64	3.10.12	results/apply_vs_axf4__snowy_sky_otter/logs/apply-noon-8-groebner-apply-x4.log	"/home/ademin/.juliaup/bin/julia --startup-file=no /tmp/gbbench-groebner-jl-jpir987z/groebner_jl_worker.jl --input /home/ademin/GroebnerBenchmark/systems/noon/txt/noon_8.txt --field GF(2147483647) --order degrevlex --threads 1 --method ""groebner_apply! x4"""
apply-noon-8-axf4-t1	apply_vs_axf4__snowy_sky_otter	apply-noon-8-axf4-t1	noon	noon-8	systems/noon/noon.md	systems/noon/txt/noon_8.txt	axf4 -t 1	local-copy	axf4	1	GF(2147483647)	degrevlex		3600	32768	109	ok	0	1.220814	1.220814	2026-05-18T03:10:29Z	2026-05-18T03:10:30Z	calcul-ouragan	Linux-6.1.0-1029-oem-x86_64-with-glibc2.35	13th Gen Intel(R) Core(TM) i9-13900	x86_64	32	64	3.10.12	results/apply_vs_axf4__snowy_sky_otter/logs/apply-noon-8-axf4-t1.log	/home/ademin/GroebnerBenchmark/../axgrob/axf4 -p 2147483647 -v [x1,x2,x3,x4,x5,x6,x7,x8] -t 1 /tmp/gbbench-axf4-v_amtii_/noon_8.txt
apply-noon-8-axf4-t8	apply_vs_axf4__snowy_sky_otter	apply-noon-8-axf4-t8	noon	noon-8	systems/noon/noon.md	systems/noon/txt/noon_8.txt	axf4 -t 8	local-copy	axf4	8	GF(2147483647)	degrevlex		3600	32768	116	ok	0	0.729940	0.729940	2026-05-18T03:10:30Z	2026-05-18T03:10:31Z	calcul-ouragan	Linux-6.1.0-1029-oem-x86_64-with-glibc2.35	13th Gen Intel(R) Core(TM) i9-13900	x86_64	32	64	3.10.12	results/apply_vs_axf4__snowy_sky_otter/logs/apply-noon-8-axf4-t8.log	/home/ademin/GroebnerBenchmark/../axgrob/axf4 -p 2147483647 -v [x1,x2,x3,x4,x5,x6,x7,x8] -t 8 /tmp/gbbench-axf4-60a8tz9s/noon_8.txt
apply-noon-9-groebner	apply_vs_axf4__snowy_sky_otter	apply-noon-9-groebner	noon	noon-9	systems/noon/noon.md	systems/noon/txt/noon_9.txt	Groebner.groebner	0.10.3	groebner_jl	1	GF(2147483647)	degrevlex		3600	32768	1103	ok	0	4.501864041	11.840240	2026-05-18T03:10:31Z	2026-05-18T03:10:43Z	calcul-ouragan	Linux-6.1.0-1029-oem-x86_64-with-glibc2.35	13th Gen Intel(R) Core(TM) i9-13900	x86_64	32	64	3.10.12	results/apply_vs_axf4__snowy_sky_otter/logs/apply-noon-9-groebner.log	/home/ademin/.juliaup/bin/julia --startup-file=no /tmp/gbbench-groebner-jl-jpir987z/groebner_jl_worker.jl --input /home/ademin/GroebnerBenchmark/systems/noon/txt/noon_9.txt --field GF(2147483647) --order degrevlex --threads 1 --method groebner
apply-noon-9-groebner-apply	apply_vs_axf4__snowy_sky_otter	apply-noon-9-groebner-apply	noon	noon-9	systems/noon/noon.md	systems/noon/txt/noon_9.txt	Groebner.groebner_apply!	0.10.3	groebner_jl	1	GF(2147483647)	degrevlex		3600	32768	1368	ok	0	0.52167197	9.653373	2026-05-18T03:10:43Z	2026-05-18T03:10:52Z	calcul-ouragan	Linux-6.1.0-1029-oem-x86_64-with-glibc2.35	13th Gen Intel(R) Core(TM) i9-13900	x86_64	32	64	3.10.12	results/apply_vs_axf4__snowy_sky_otter/logs/apply-noon-9-groebner-apply.log	/home/ademin/.juliaup/bin/julia --startup-file=no /tmp/gbbench-groebner-jl-jpir987z/groebner_jl_worker.jl --input /home/ademin/GroebnerBenchmark/systems/noon/txt/noon_9.txt --field GF(2147483647) --order degrevlex --threads 1 --method groebner_apply!
apply-noon-9-groebner-apply-x4	apply_vs_axf4__snowy_sky_otter	apply-noon-9-groebner-apply-x4	noon	noon-9	systems/noon/noon.md	systems/noon/txt/noon_9.txt	Groebner.groebner_apply! x4	0.10.3	groebner_jl	1	GF(2147483647)	degrevlex		3600	32768	2369	ok	0	0.36289815325	12.427675	2026-05-18T03:10:52Z	2026-05-18T03:11:05Z	calcul-ouragan	Linux-6.1.0-1029-oem-x86_64-with-glibc2.35	13th Gen Intel(R) Core(TM) i9-13900	x86_64	32	64	3.10.12	results/apply_vs_axf4__snowy_sky_otter/logs/apply-noon-9-groebner-apply-x4.log	"/home/ademin/.juliaup/bin/julia --startup-file=no /tmp/gbbench-groebner-jl-jpir987z/groebner_jl_worker.jl --input /home/ademin/GroebnerBenchmark/systems/noon/txt/noon_9.txt --field GF(2147483647) --order degrevlex --threads 1 --method ""groebner_apply! x4"""
apply-noon-9-axf4-t1	apply_vs_axf4__snowy_sky_otter	apply-noon-9-axf4-t1	noon	noon-9	systems/noon/noon.md	systems/noon/txt/noon_9.txt	axf4 -t 1	local-copy	axf4	1	GF(2147483647)	degrevlex		3600	32768	385	ok	0	10.738926	10.738926	2026-05-18T03:11:05Z	2026-05-18T03:11:15Z	calcul-ouragan	Linux-6.1.0-1029-oem-x86_64-with-glibc2.35	13th Gen Intel(R) Core(TM) i9-13900	x86_64	32	64	3.10.12	results/apply_vs_axf4__snowy_sky_otter/logs/apply-noon-9-axf4-t1.log	/home/ademin/GroebnerBenchmark/../axgrob/axf4 -p 2147483647 -v [x1,x2,x3,x4,x5,x6,x7,x8,x9] -t 1 /tmp/gbbench-axf4-sw4brstk/noon_9.txt
apply-noon-9-axf4-t8	apply_vs_axf4__snowy_sky_otter	apply-noon-9-axf4-t8	noon	noon-9	systems/noon/noon.md	systems/noon/txt/noon_9.txt	axf4 -t 8	local-copy	axf4	8	GF(2147483647)	degrevlex		3600	32768	414	ok	0	6.023990	6.023990	2026-05-18T03:11:15Z	2026-05-18T03:11:21Z	calcul-ouragan	Linux-6.1.0-1029-oem-x86_64-with-glibc2.35	13th Gen Intel(R) Core(TM) i9-13900	x86_64	32	64	3.10.12	results/apply_vs_axf4__snowy_sky_otter/logs/apply-noon-9-axf4-t8.log	/home/ademin/GroebnerBenchmark/../axgrob/axf4 -p 2147483647 -v [x1,x2,x3,x4,x5,x6,x7,x8,x9] -t 8 /tmp/gbbench-axf4-0nzdxmqt/noon_9.txt
apply-ojika3_d1R2-groebner	apply_vs_axf4__snowy_sky_otter	apply-ojika3_d1R2-groebner	ojika3_d1R2	ojika3_d1R2	systems/ojika3_d1R2/ojika3_d1R2.md	systems/ojika3_d1R2/txt/ojika3_d1R2.txt	Groebner.groebner	0.10.3	groebner_jl	1	GF(2147483647)	degrevlex		3600	32768	548	ok	0	0.000133359	1.753977	2026-05-18T03:11:21Z	2026-05-18T03:11:23Z	calcul-ouragan	Linux-6.1.0-1029-oem-x86_64-with-glibc2.35	13th Gen Intel(R) Core(TM) i9-13900	x86_64	32	64	3.10.12	results/apply_vs_axf4__snowy_sky_otter/logs/apply-ojika3_d1R2-groebner.log	/home/ademin/.juliaup/bin/julia --startup-file=no /tmp/gbbench-groebner-jl-jpir987z/groebner_jl_worker.jl --input /home/ademin/GroebnerBenchmark/systems/ojika3_d1R2/txt/ojika3_d1R2.txt --field GF(2147483647) --order degrevlex --threads 1 --method groebner
apply-ojika3_d1R2-groebner-apply	apply_vs_axf4__snowy_sky_otter	apply-ojika3_d1R2-groebner-apply	ojika3_d1R2	ojika3_d1R2	systems/ojika3_d1R2/ojika3_d1R2.md	systems/ojika3_d1R2/txt/ojika3_d1R2.txt	Groebner.groebner_apply!	0.10.3	groebner_jl	1	GF(2147483647)	degrevlex		3600	32768	548	ok	0	7.7111e-5	1.767151	2026-05-18T03:11:23Z	2026-05-18T03:11:25Z	calcul-ouragan	Linux-6.1.0-1029-oem-x86_64-with-glibc2.35	13th Gen Intel(R) Core(TM) i9-13900	x86_64	32	64	3.10.12	results/apply_vs_axf4__snowy_sky_otter/logs/apply-ojika3_d1R2-groebner-apply.log	/home/ademin/.juliaup/bin/julia --startup-file=no /tmp/gbbench-groebner-jl-jpir987z/groebner_jl_worker.jl --input /home/ademin/GroebnerBenchmark/systems/ojika3_d1R2/txt/ojika3_d1R2.txt --field GF(2147483647) --order degrevlex --threads 1 --method groebner_apply!
apply-ojika3_d1R2-groebner-apply-x4	apply_vs_axf4__snowy_sky_otter	apply-ojika3_d1R2-groebner-apply-x4	ojika3_d1R2	ojika3_d1R2	systems/ojika3_d1R2/ojika3_d1R2.md	systems/ojika3_d1R2/txt/ojika3_d1R2.txt	Groebner.groebner_apply! x4	0.10.3	groebner_jl	1	GF(2147483647)	degrevlex		3600	32768	588	ok	0	0.003205	3.241637	2026-05-18T03:11:25Z	2026-05-18T03:11:28Z	calcul-ouragan	Linux-6.1.0-1029-oem-x86_64-with-glibc2.35	13th Gen Intel(R) Core(TM) i9-13900	x86_64	32	64	3.10.12	results/apply_vs_axf4__snowy_sky_otter/logs/apply-ojika3_d1R2-groebner-apply-x4.log	"/home/ademin/.juliaup/bin/julia --startup-file=no /tmp/gbbench-groebner-jl-jpir987z/groebner_jl_worker.jl --input /home/ademin/GroebnerBenchmark/systems/ojika3_d1R2/txt/ojika3_d1R2.txt --field GF(2147483647) --order degrevlex --threads 1 --method ""groebner_apply! x4"""
apply-ojika3_d1R2-axf4-t1	apply_vs_axf4__snowy_sky_otter	apply-ojika3_d1R2-axf4-t1	ojika3_d1R2	ojika3_d1R2	systems/ojika3_d1R2/ojika3_d1R2.md	systems/ojika3_d1R2/txt/ojika3_d1R2.txt	axf4 -t 1	local-copy	axf4	1	GF(2147483647)	degrevlex		3600	32768	23	ok	0	0.011420	0.011420	2026-05-18T03:11:28Z	2026-05-18T03:11:28Z	calcul-ouragan	Linux-6.1.0-1029-oem-x86_64-with-glibc2.35	13th Gen Intel(R) Core(TM) i9-13900	x86_64	32	64	3.10.12	results/apply_vs_axf4__snowy_sky_otter/logs/apply-ojika3_d1R2-axf4-t1.log	/home/ademin/GroebnerBenchmark/../axgrob/axf4 -p 2147483647 -v [x1,x2,x3] -t 1 /tmp/gbbench-axf4-3sjnfzly/ojika3_d1R2.txt
apply-ojika3_d1R2-axf4-t8	apply_vs_axf4__snowy_sky_otter	apply-ojika3_d1R2-axf4-t8	ojika3_d1R2	ojika3_d1R2	systems/ojika3_d1R2/ojika3_d1R2.md	systems/ojika3_d1R2/txt/ojika3_d1R2.txt	axf4 -t 8	local-copy	axf4	8	GF(2147483647)	degrevlex		3600	32768	23	ok	0	0.014231	0.014231	2026-05-18T03:11:28Z	2026-05-18T03:11:28Z	calcul-ouragan	Linux-6.1.0-1029-oem-x86_64-with-glibc2.35	13th Gen Intel(R) Core(TM) i9-13900	x86_64	32	64	3.10.12	results/apply_vs_axf4__snowy_sky_otter/logs/apply-ojika3_d1R2-axf4-t8.log	/home/ademin/GroebnerBenchmark/../axgrob/axf4 -p 2147483647 -v [x1,x2,x3] -t 8 /tmp/gbbench-axf4-e01m0a3a/ojika3_d1R2.txt
apply-ojika4-groebner	apply_vs_axf4__snowy_sky_otter	apply-ojika4-groebner	ojika4	ojika4	systems/ojika4/ojika4.md	systems/ojika4/txt/ojika4.txt	Groebner.groebner	0.10.3	groebner_jl	1	GF(2147483647)	degrevlex		3600	32768	548	ok	0	0.000142649	1.753231	2026-05-18T03:11:28Z	2026-05-18T03:11:30Z	calcul-ouragan	Linux-6.1.0-1029-oem-x86_64-with-glibc2.35	13th Gen Intel(R) Core(TM) i9-13900	x86_64	32	64	3.10.12	results/apply_vs_axf4__snowy_sky_otter/logs/apply-ojika4-groebner.log	/home/ademin/.juliaup/bin/julia --startup-file=no /tmp/gbbench-groebner-jl-jpir987z/groebner_jl_worker.jl --input /home/ademin/GroebnerBenchmark/systems/ojika4/txt/ojika4.txt --field GF(2147483647) --order degrevlex --threads 1 --method groebner
apply-ojika4-groebner-apply	apply_vs_axf4__snowy_sky_otter	apply-ojika4-groebner-apply	ojika4	ojika4	systems/ojika4/ojika4.md	systems/ojika4/txt/ojika4.txt	Groebner.groebner_apply!	0.10.3	groebner_jl	1	GF(2147483647)	degrevlex		3600	32768	548	ok	0	7.6937e-5	1.761345	2026-05-18T03:11:30Z	2026-05-18T03:11:32Z	calcul-ouragan	Linux-6.1.0-1029-oem-x86_64-with-glibc2.35	13th Gen Intel(R) Core(TM) i9-13900	x86_64	32	64	3.10.12	results/apply_vs_axf4__snowy_sky_otter/logs/apply-ojika4-groebner-apply.log	/home/ademin/.juliaup/bin/julia --startup-file=no /tmp/gbbench-groebner-jl-jpir987z/groebner_jl_worker.jl --input /home/ademin/GroebnerBenchmark/systems/ojika4/txt/ojika4.txt --field GF(2147483647) --order degrevlex --threads 1 --method groebner_apply!
apply-ojika4-groebner-apply-x4	apply_vs_axf4__snowy_sky_otter	apply-ojika4-groebner-apply-x4	ojika4	ojika4	systems/ojika4/ojika4.md	systems/ojika4/txt/ojika4.txt	Groebner.groebner_apply! x4	0.10.3	groebner_jl	1	GF(2147483647)	degrevlex		3600	32768	589	ok	0	0.00307349625	3.244342	2026-05-18T03:11:32Z	2026-05-18T03:11:35Z	calcul-ouragan	Linux-6.1.0-1029-oem-x86_64-with-glibc2.35	13th Gen Intel(R) Core(TM) i9-13900	x86_64	32	64	3.10.12	results/apply_vs_axf4__snowy_sky_otter/logs/apply-ojika4-groebner-apply-x4.log	"/home/ademin/.juliaup/bin/julia --startup-file=no /tmp/gbbench-groebner-jl-jpir987z/groebner_jl_worker.jl --input /home/ademin/GroebnerBenchmark/systems/ojika4/txt/ojika4.txt --field GF(2147483647) --order degrevlex --threads 1 --method ""groebner_apply! x4"""
apply-ojika4-axf4-t1	apply_vs_axf4__snowy_sky_otter	apply-ojika4-axf4-t1	ojika4	ojika4	systems/ojika4/ojika4.md	systems/ojika4/txt/ojika4.txt	axf4 -t 1	local-copy	axf4	1	GF(2147483647)	degrevlex		3600	32768	23	ok	0	0.011257	0.011257	2026-05-18T03:11:35Z	2026-05-18T03:11:35Z	calcul-ouragan	Linux-6.1.0-1029-oem-x86_64-with-glibc2.35	13th Gen Intel(R) Core(TM) i9-13900	x86_64	32	64	3.10.12	results/apply_vs_axf4__snowy_sky_otter/logs/apply-ojika4-axf4-t1.log	/home/ademin/GroebnerBenchmark/../axgrob/axf4 -p 2147483647 -v [x1,x2,x3] -t 1 /tmp/gbbench-axf4-7p942fvu/ojika4.txt
apply-ojika4-axf4-t8	apply_vs_axf4__snowy_sky_otter	apply-ojika4-axf4-t8	ojika4	ojika4	systems/ojika4/ojika4.md	systems/ojika4/txt/ojika4.txt	axf4 -t 8	local-copy	axf4	8	GF(2147483647)	degrevlex		3600	32768	23	ok	0	0.014207	0.014207	2026-05-18T03:11:35Z	2026-05-18T03:11:35Z	calcul-ouragan	Linux-6.1.0-1029-oem-x86_64-with-glibc2.35	13th Gen Intel(R) Core(TM) i9-13900	x86_64	32	64	3.10.12	results/apply_vs_axf4__snowy_sky_otter/logs/apply-ojika4-axf4-t8.log	/home/ademin/GroebnerBenchmark/../axgrob/axf4 -p 2147483647 -v [x1,x2,x3] -t 8 /tmp/gbbench-axf4-j0315993/ojika4.txt
apply-ojika4_d1R2_d2R5-groebner	apply_vs_axf4__snowy_sky_otter	apply-ojika4_d1R2_d2R5-groebner	ojika4_d1R2_d2R5	ojika4_d1R2_d2R5	systems/ojika4_d1R2_d2R5/ojika4_d1R2_d2R5.md	systems/ojika4_d1R2_d2R5/txt/ojika4_d1R2_d2R5.txt	Groebner.groebner	0.10.3	groebner_jl	1	GF(2147483647)	degrevlex		3600	32768	548	ok	0	0.000164581	1.757274	2026-05-18T03:11:35Z	2026-05-18T03:11:37Z	calcul-ouragan	Linux-6.1.0-1029-oem-x86_64-with-glibc2.35	13th Gen Intel(R) Core(TM) i9-13900	x86_64	32	64	3.10.12	results/apply_vs_axf4__snowy_sky_otter/logs/apply-ojika4_d1R2_d2R5-groebner.log	/home/ademin/.juliaup/bin/julia --startup-file=no /tmp/gbbench-groebner-jl-jpir987z/groebner_jl_worker.jl --input /home/ademin/GroebnerBenchmark/systems/ojika4_d1R2_d2R5/txt/ojika4_d1R2_d2R5.txt --field GF(2147483647) --order degrevlex --threads 1 --method groebner
apply-ojika4_d1R2_d2R5-groebner-apply	apply_vs_axf4__snowy_sky_otter	apply-ojika4_d1R2_d2R5-groebner-apply	ojika4_d1R2_d2R5	ojika4_d1R2_d2R5	systems/ojika4_d1R2_d2R5/ojika4_d1R2_d2R5.md	systems/ojika4_d1R2_d2R5/txt/ojika4_d1R2_d2R5.txt	Groebner.groebner_apply!	0.10.3	groebner_jl	1	GF(2147483647)	degrevlex		3600	32768	548	ok	0	8.4961e-5	1.834511	2026-05-18T03:11:37Z	2026-05-18T03:11:39Z	calcul-ouragan	Linux-6.1.0-1029-oem-x86_64-with-glibc2.35	13th Gen Intel(R) Core(TM) i9-13900	x86_64	32	64	3.10.12	results/apply_vs_axf4__snowy_sky_otter/logs/apply-ojika4_d1R2_d2R5-groebner-apply.log	/home/ademin/.juliaup/bin/julia --startup-file=no /tmp/gbbench-groebner-jl-jpir987z/groebner_jl_worker.jl --input /home/ademin/GroebnerBenchmark/systems/ojika4_d1R2_d2R5/txt/ojika4_d1R2_d2R5.txt --field GF(2147483647) --order degrevlex --threads 1 --method groebner_apply!
apply-ojika4_d1R2_d2R5-groebner-apply-x4	apply_vs_axf4__snowy_sky_otter	apply-ojika4_d1R2_d2R5-groebner-apply-x4	ojika4_d1R2_d2R5	ojika4_d1R2_d2R5	systems/ojika4_d1R2_d2R5/ojika4_d1R2_d2R5.md	systems/ojika4_d1R2_d2R5/txt/ojika4_d1R2_d2R5.txt	Groebner.groebner_apply! x4	0.10.3	groebner_jl	1	GF(2147483647)	degrevlex		3600	32768	589	ok	0	0.0031199435	3.206349	2026-05-18T03:11:39Z	2026-05-18T03:11:42Z	calcul-ouragan	Linux-6.1.0-1029-oem-x86_64-with-glibc2.35	13th Gen Intel(R) Core(TM) i9-13900	x86_64	32	64	3.10.12	results/apply_vs_axf4__snowy_sky_otter/logs/apply-ojika4_d1R2_d2R5-groebner-apply-x4.log	"/home/ademin/.juliaup/bin/julia --startup-file=no /tmp/gbbench-groebner-jl-jpir987z/groebner_jl_worker.jl --input /home/ademin/GroebnerBenchmark/systems/ojika4_d1R2_d2R5/txt/ojika4_d1R2_d2R5.txt --field GF(2147483647) --order degrevlex --threads 1 --method ""groebner_apply! x4"""
apply-ojika4_d1R2_d2R5-axf4-t1	apply_vs_axf4__snowy_sky_otter	apply-ojika4_d1R2_d2R5-axf4-t1	ojika4_d1R2_d2R5	ojika4_d1R2_d2R5	systems/ojika4_d1R2_d2R5/ojika4_d1R2_d2R5.md	systems/ojika4_d1R2_d2R5/txt/ojika4_d1R2_d2R5.txt	axf4 -t 1	local-copy	axf4	1	GF(2147483647)	degrevlex		3600	32768	23	ok	0	0.011196	0.011196	2026-05-18T03:11:42Z	2026-05-18T03:11:42Z	calcul-ouragan	Linux-6.1.0-1029-oem-x86_64-with-glibc2.35	13th Gen Intel(R) Core(TM) i9-13900	x86_64	32	64	3.10.12	results/apply_vs_axf4__snowy_sky_otter/logs/apply-ojika4_d1R2_d2R5-axf4-t1.log	/home/ademin/GroebnerBenchmark/../axgrob/axf4 -p 2147483647 -v [x1,x2,x3] -t 1 /tmp/gbbench-axf4-dlv6pxh1/ojika4_d1R2_d2R5.txt
apply-ojika4_d1R2_d2R5-axf4-t8	apply_vs_axf4__snowy_sky_otter	apply-ojika4_d1R2_d2R5-axf4-t8	ojika4_d1R2_d2R5	ojika4_d1R2_d2R5	systems/ojika4_d1R2_d2R5/ojika4_d1R2_d2R5.md	systems/ojika4_d1R2_d2R5/txt/ojika4_d1R2_d2R5.txt	axf4 -t 8	local-copy	axf4	8	GF(2147483647)	degrevlex		3600	32768	23	ok	0	0.014066	0.014066	2026-05-18T03:11:42Z	2026-05-18T03:11:42Z	calcul-ouragan	Linux-6.1.0-1029-oem-x86_64-with-glibc2.35	13th Gen Intel(R) Core(TM) i9-13900	x86_64	32	64	3.10.12	results/apply_vs_axf4__snowy_sky_otter/logs/apply-ojika4_d1R2_d2R5-axf4-t8.log	/home/ademin/GroebnerBenchmark/../axgrob/axf4 -p 2147483647 -v [x1,x2,x3] -t 8 /tmp/gbbench-axf4-94p9p_77/ojika4_d1R2_d2R5.txt
apply-re5_sq_a-groebner	apply_vs_axf4__snowy_sky_otter	apply-re5_sq_a-groebner	re5_sq_a	re5_sq_a	systems/re5_sq_a/re5_sq_a.md	systems/re5_sq_a/txt/re5_sq_a.txt	Groebner.groebner	0.10.3	groebner_jl	1	GF(2147483647)	degrevlex		3600	32768	1560	ok	0	9.948282238	21.588122	2026-05-18T03:11:42Z	2026-05-18T03:12:03Z	calcul-ouragan	Linux-6.1.0-1029-oem-x86_64-with-glibc2.35	13th Gen Intel(R) Core(TM) i9-13900	x86_64	32	64	3.10.12	results/apply_vs_axf4__snowy_sky_otter/logs/apply-re5_sq_a-groebner.log	/home/ademin/.juliaup/bin/julia --startup-file=no /tmp/gbbench-groebner-jl-jpir987z/groebner_jl_worker.jl --input /home/ademin/GroebnerBenchmark/systems/re5_sq_a/txt/re5_sq_a.txt --field GF(2147483647) --order degrevlex --threads 1 --method groebner
apply-re5_sq_a-groebner-apply	apply_vs_axf4__snowy_sky_otter	apply-re5_sq_a-groebner-apply	re5_sq_a	re5_sq_a	systems/re5_sq_a/re5_sq_a.md	systems/re5_sq_a/txt/re5_sq_a.txt	Groebner.groebner_apply!	0.10.3	groebner_jl	1	GF(2147483647)	degrevlex		3600	32768	1515	ok	0	5.508431659	79.310722	2026-05-18T03:12:03Z	2026-05-18T03:13:23Z	calcul-ouragan	Linux-6.1.0-1029-oem-x86_64-with-glibc2.35	13th Gen Intel(R) Core(TM) i9-13900	x86_64	32	64	3.10.12	results/apply_vs_axf4__snowy_sky_otter/logs/apply-re5_sq_a-groebner-apply.log	/home/ademin/.juliaup/bin/julia --startup-file=no /tmp/gbbench-groebner-jl-jpir987z/groebner_jl_worker.jl --input /home/ademin/GroebnerBenchmark/systems/re5_sq_a/txt/re5_sq_a.txt --field GF(2147483647) --order degrevlex --threads 1 --method groebner_apply!
apply-re5_sq_a-groebner-apply-x4	apply_vs_axf4__snowy_sky_otter	apply-re5_sq_a-groebner-apply-x4	re5_sq_a	re5_sq_a	systems/re5_sq_a/re5_sq_a.md	systems/re5_sq_a/txt/re5_sq_a.txt	Groebner.groebner_apply! x4	0.10.3	groebner_jl	1	GF(2147483647)	degrevlex		3600	32768	2736	ok	0	1.7584528515	84.441276	2026-05-18T03:13:23Z	2026-05-18T03:14:47Z	calcul-ouragan	Linux-6.1.0-1029-oem-x86_64-with-glibc2.35	13th Gen Intel(R) Core(TM) i9-13900	x86_64	32	64	3.10.12	results/apply_vs_axf4__snowy_sky_otter/logs/apply-re5_sq_a-groebner-apply-x4.log	"/home/ademin/.juliaup/bin/julia --startup-file=no /tmp/gbbench-groebner-jl-jpir987z/groebner_jl_worker.jl --input /home/ademin/GroebnerBenchmark/systems/re5_sq_a/txt/re5_sq_a.txt --field GF(2147483647) --order degrevlex --threads 1 --method ""groebner_apply! x4"""
apply-re5_sq_a-axf4-t1	apply_vs_axf4__snowy_sky_otter	apply-re5_sq_a-axf4-t1	re5_sq_a	re5_sq_a	systems/re5_sq_a/re5_sq_a.md	systems/re5_sq_a/txt/re5_sq_a.txt	axf4 -t 1	local-copy	axf4	1	GF(2147483647)	degrevlex		3600	32768	495	ok	0	15.631018	15.631018	2026-05-18T03:14:47Z	2026-05-18T03:15:03Z	calcul-ouragan	Linux-6.1.0-1029-oem-x86_64-with-glibc2.35	13th Gen Intel(R) Core(TM) i9-13900	x86_64	32	64	3.10.12	results/apply_vs_axf4__snowy_sky_otter/logs/apply-re5_sq_a-axf4-t1.log	/home/ademin/GroebnerBenchmark/../axgrob/axf4 -p 2147483647 -v [x1,x2,x3,x4,x5] -t 1 /tmp/gbbench-axf4-sb23kkk4/re5_sq_a.txt
apply-re5_sq_a-axf4-t8	apply_vs_axf4__snowy_sky_otter	apply-re5_sq_a-axf4-t8	re5_sq_a	re5_sq_a	systems/re5_sq_a/re5_sq_a.md	systems/re5_sq_a/txt/re5_sq_a.txt	axf4 -t 8	local-copy	axf4	8	GF(2147483647)	degrevlex		3600	32768	578	ok	0	4.035645	4.035645	2026-05-18T03:15:03Z	2026-05-18T03:15:07Z	calcul-ouragan	Linux-6.1.0-1029-oem-x86_64-with-glibc2.35	13th Gen Intel(R) Core(TM) i9-13900	x86_64	32	64	3.10.12	results/apply_vs_axf4__snowy_sky_otter/logs/apply-re5_sq_a-axf4-t8.log	/home/ademin/GroebnerBenchmark/../axgrob/axf4 -p 2147483647 -v [x1,x2,x3,x4,x5] -t 8 /tmp/gbbench-axf4-lrqkzzvs/re5_sq_a.txt
apply-re6_sq_1-groebner	apply_vs_axf4__snowy_sky_otter	apply-re6_sq_1-groebner	re6_sq_1	re6_sq_1	systems/re6_sq_1/re6_sq_1.md	systems/re6_sq_1/txt/re6_sq_1.txt	Groebner.groebner	0.10.3	groebner_jl	1	GF(2147483647)	degrevlex		3600	32768	561	ok	0	0.114099582	2.041208	2026-05-18T03:15:07Z	2026-05-18T03:15:09Z	calcul-ouragan	Linux-6.1.0-1029-oem-x86_64-with-glibc2.35	13th Gen Intel(R) Core(TM) i9-13900	x86_64	32	64	3.10.12	results/apply_vs_axf4__snowy_sky_otter/logs/apply-re6_sq_1-groebner.log	/home/ademin/.juliaup/bin/julia --startup-file=no /tmp/gbbench-groebner-jl-jpir987z/groebner_jl_worker.jl --input /home/ademin/GroebnerBenchmark/systems/re6_sq_1/txt/re6_sq_1.txt --field GF(2147483647) --order degrevlex --threads 1 --method groebner
apply-re6_sq_1-groebner-apply	apply_vs_axf4__snowy_sky_otter	apply-re6_sq_1-groebner-apply	re6_sq_1	re6_sq_1	systems/re6_sq_1/re6_sq_1.md	systems/re6_sq_1/txt/re6_sq_1.txt	Groebner.groebner_apply!	0.10.3	groebner_jl	1	GF(2147483647)	degrevlex		3600	32768	572	ok	0	0.036274126	2.334655	2026-05-18T03:15:09Z	2026-05-18T03:15:11Z	calcul-ouragan	Linux-6.1.0-1029-oem-x86_64-with-glibc2.35	13th Gen Intel(R) Core(TM) i9-13900	x86_64	32	64	3.10.12	results/apply_vs_axf4__snowy_sky_otter/logs/apply-re6_sq_1-groebner-apply.log	/home/ademin/.juliaup/bin/julia --startup-file=no /tmp/gbbench-groebner-jl-jpir987z/groebner_jl_worker.jl --input /home/ademin/GroebnerBenchmark/systems/re6_sq_1/txt/re6_sq_1.txt --field GF(2147483647) --order degrevlex --threads 1 --method groebner_apply!
apply-re6_sq_1-groebner-apply-x4	apply_vs_axf4__snowy_sky_otter	apply-re6_sq_1-groebner-apply-x4	re6_sq_1	re6_sq_1	systems/re6_sq_1/re6_sq_1.md	systems/re6_sq_1/txt/re6_sq_1.txt	Groebner.groebner_apply! x4	0.10.3	groebner_jl	1	GF(2147483647)	degrevlex		3600	32768	646	ok	0	0.01546335575	3.855292	2026-05-18T03:15:11Z	2026-05-18T03:15:15Z	calcul-ouragan	Linux-6.1.0-1029-oem-x86_64-with-glibc2.35	13th Gen Intel(R) Core(TM) i9-13900	x86_64	32	64	3.10.12	results/apply_vs_axf4__snowy_sky_otter/logs/apply-re6_sq_1-groebner-apply-x4.log	"/home/ademin/.juliaup/bin/julia --startup-file=no /tmp/gbbench-groebner-jl-jpir987z/groebner_jl_worker.jl --input /home/ademin/GroebnerBenchmark/systems/re6_sq_1/txt/re6_sq_1.txt --field GF(2147483647) --order degrevlex --threads 1 --method ""groebner_apply! x4"""
apply-re6_sq_1-axf4-t1	apply_vs_axf4__snowy_sky_otter	apply-re6_sq_1-axf4-t1	re6_sq_1	re6_sq_1	systems/re6_sq_1/re6_sq_1.md	systems/re6_sq_1/txt/re6_sq_1.txt	axf4 -t 1	local-copy	axf4	1	GF(2147483647)	degrevlex		3600	32768	56	ok	0	0.341419	0.341419	2026-05-18T03:15:15Z	2026-05-18T03:15:16Z	calcul-ouragan	Linux-6.1.0-1029-oem-x86_64-with-glibc2.35	13th Gen Intel(R) Core(TM) i9-13900	x86_64	32	64	3.10.12	results/apply_vs_axf4__snowy_sky_otter/logs/apply-re6_sq_1-axf4-t1.log	/home/ademin/GroebnerBenchmark/../axgrob/axf4 -p 2147483647 -v [x1,x2,x3,x4,x5,x6] -t 1 /tmp/gbbench-axf4-c_6zkegg/re6_sq_1.txt
apply-re6_sq_1-axf4-t8	apply_vs_axf4__snowy_sky_otter	apply-re6_sq_1-axf4-t8	re6_sq_1	re6_sq_1	systems/re6_sq_1/re6_sq_1.md	systems/re6_sq_1/txt/re6_sq_1.txt	axf4 -t 8	local-copy	axf4	8	GF(2147483647)	degrevlex		3600	32768	58	ok	0	0.147718	0.147718	2026-05-18T03:15:16Z	2026-05-18T03:15:16Z	calcul-ouragan	Linux-6.1.0-1029-oem-x86_64-with-glibc2.35	13th Gen Intel(R) Core(TM) i9-13900	x86_64	32	64	3.10.12	results/apply_vs_axf4__snowy_sky_otter/logs/apply-re6_sq_1-axf4-t8.log	/home/ademin/GroebnerBenchmark/../axgrob/axf4 -p 2147483647 -v [x1,x2,x3,x4,x5,x6] -t 8 /tmp/gbbench-axf4-5cj60swb/re6_sq_1.txt
apply-reimer-6-groebner	apply_vs_axf4__snowy_sky_otter	apply-reimer-6-groebner	reimer	reimer-6	systems/reimer/reimer.md	systems/reimer/txt/reimer_6.txt	Groebner.groebner	0.10.3	groebner_jl	1	GF(2147483647)	degrevlex		3600	32768	553	ok	0	0.013400546	1.794344	2026-05-18T03:15:16Z	2026-05-18T03:15:17Z	calcul-ouragan	Linux-6.1.0-1029-oem-x86_64-with-glibc2.35	13th Gen Intel(R) Core(TM) i9-13900	x86_64	32	64	3.10.12	results/apply_vs_axf4__snowy_sky_otter/logs/apply-reimer-6-groebner.log	/home/ademin/.juliaup/bin/julia --startup-file=no /tmp/gbbench-groebner-jl-jpir987z/groebner_jl_worker.jl --input /home/ademin/GroebnerBenchmark/systems/reimer/txt/reimer_6.txt --field GF(2147483647) --order degrevlex --threads 1 --method groebner
apply-reimer-6-groebner-apply	apply_vs_axf4__snowy_sky_otter	apply-reimer-6-groebner-apply	reimer	reimer-6	systems/reimer/reimer.md	systems/reimer/txt/reimer_6.txt	Groebner.groebner_apply!	0.10.3	groebner_jl	1	GF(2147483647)	degrevlex		3600	32768	557	ok	0	0.003632785	1.802472	2026-05-18T03:15:17Z	2026-05-18T03:15:19Z	calcul-ouragan	Linux-6.1.0-1029-oem-x86_64-with-glibc2.35	13th Gen Intel(R) Core(TM) i9-13900	x86_64	32	64	3.10.12	results/apply_vs_axf4__snowy_sky_otter/logs/apply-reimer-6-groebner-apply.log	/home/ademin/.juliaup/bin/julia --startup-file=no /tmp/gbbench-groebner-jl-jpir987z/groebner_jl_worker.jl --input /home/ademin/GroebnerBenchmark/systems/reimer/txt/reimer_6.txt --field GF(2147483647) --order degrevlex --threads 1 --method groebner_apply!
apply-reimer-6-groebner-apply-x4	apply_vs_axf4__snowy_sky_otter	apply-reimer-6-groebner-apply-x4	reimer	reimer-6	systems/reimer/reimer.md	systems/reimer/txt/reimer_6.txt	Groebner.groebner_apply! x4	0.10.3	groebner_jl	1	GF(2147483647)	degrevlex		3600	32768	616	ok	0	0.00445637275	3.280671	2026-05-18T03:15:19Z	2026-05-18T03:15:23Z	calcul-ouragan	Linux-6.1.0-1029-oem-x86_64-with-glibc2.35	13th Gen Intel(R) Core(TM) i9-13900	x86_64	32	64	3.10.12	results/apply_vs_axf4__snowy_sky_otter/logs/apply-reimer-6-groebner-apply-x4.log	"/home/ademin/.juliaup/bin/julia --startup-file=no /tmp/gbbench-groebner-jl-jpir987z/groebner_jl_worker.jl --input /home/ademin/GroebnerBenchmark/systems/reimer/txt/reimer_6.txt --field GF(2147483647) --order degrevlex --threads 1 --method ""groebner_apply! x4"""
apply-reimer-6-axf4-t1	apply_vs_axf4__snowy_sky_otter	apply-reimer-6-axf4-t1	reimer	reimer-6	systems/reimer/reimer.md	systems/reimer/txt/reimer_6.txt	axf4 -t 1	local-copy	axf4	1	GF(2147483647)	degrevlex		3600	32768	45	ok	0	0.061719	0.061719	2026-05-18T03:15:23Z	2026-05-18T03:15:23Z	calcul-ouragan	Linux-6.1.0-1029-oem-x86_64-with-glibc2.35	13th Gen Intel(R) Core(TM) i9-13900	x86_64	32	64	3.10.12	results/apply_vs_axf4__snowy_sky_otter/logs/apply-reimer-6-axf4-t1.log	/home/ademin/GroebnerBenchmark/../axgrob/axf4 -p 2147483647 -v [x1,x2,x3,x4,x5,x6] -t 1 /tmp/gbbench-axf4-htpxydy_/reimer_6.txt
apply-reimer-6-axf4-t8	apply_vs_axf4__snowy_sky_otter	apply-reimer-6-axf4-t8	reimer	reimer-6	systems/reimer/reimer.md	systems/reimer/txt/reimer_6.txt	axf4 -t 8	local-copy	axf4	8	GF(2147483647)	degrevlex		3600	32768	46	ok	0	0.044006	0.044006	2026-05-18T03:15:23Z	2026-05-18T03:15:23Z	calcul-ouragan	Linux-6.1.0-1029-oem-x86_64-with-glibc2.35	13th Gen Intel(R) Core(TM) i9-13900	x86_64	32	64	3.10.12	results/apply_vs_axf4__snowy_sky_otter/logs/apply-reimer-6-axf4-t8.log	/home/ademin/GroebnerBenchmark/../axgrob/axf4 -p 2147483647 -v [x1,x2,x3,x4,x5,x6] -t 8 /tmp/gbbench-axf4-wa1r0orw/reimer_6.txt
apply-reimer-7-groebner	apply_vs_axf4__snowy_sky_otter	apply-reimer-7-groebner	reimer	reimer-7	systems/reimer/reimer.md	systems/reimer/txt/reimer_7.txt	Groebner.groebner	0.10.3	groebner_jl	1	GF(2147483647)	degrevlex		3600	32768	597	ok	0	0.334465843	2.336870	2026-05-18T03:15:23Z	2026-05-18T03:15:25Z	calcul-ouragan	Linux-6.1.0-1029-oem-x86_64-with-glibc2.35	13th Gen Intel(R) Core(TM) i9-13900	x86_64	32	64	3.10.12	results/apply_vs_axf4__snowy_sky_otter/logs/apply-reimer-7-groebner.log	/home/ademin/.juliaup/bin/julia --startup-file=no /tmp/gbbench-groebner-jl-jpir987z/groebner_jl_worker.jl --input /home/ademin/GroebnerBenchmark/systems/reimer/txt/reimer_7.txt --field GF(2147483647) --order degrevlex --threads 1 --method groebner
apply-reimer-7-groebner-apply	apply_vs_axf4__snowy_sky_otter	apply-reimer-7-groebner-apply	reimer	reimer-7	systems/reimer/reimer.md	systems/reimer/txt/reimer_7.txt	Groebner.groebner_apply!	0.10.3	groebner_jl	1	GF(2147483647)	degrevlex		3600	32768	625	ok	0	0.149089425	2.538713	2026-05-18T03:15:25Z	2026-05-18T03:15:28Z	calcul-ouragan	Linux-6.1.0-1029-oem-x86_64-with-glibc2.35	13th Gen Intel(R) Core(TM) i9-13900	x86_64	32	64	3.10.12	results/apply_vs_axf4__snowy_sky_otter/logs/apply-reimer-7-groebner-apply.log	/home/ademin/.juliaup/bin/julia --startup-file=no /tmp/gbbench-groebner-jl-jpir987z/groebner_jl_worker.jl --input /home/ademin/GroebnerBenchmark/systems/reimer/txt/reimer_7.txt --field GF(2147483647) --order degrevlex --threads 1 --method groebner_apply!
apply-reimer-7-groebner-apply-x4	apply_vs_axf4__snowy_sky_otter	apply-reimer-7-groebner-apply-x4	reimer	reimer-7	systems/reimer/reimer.md	systems/reimer/txt/reimer_7.txt	Groebner.groebner_apply! x4	0.10.3	groebner_jl	1	GF(2147483647)	degrevlex		3600	32768	711	ok	0	0.022882436	4.213620	2026-05-18T03:15:28Z	2026-05-18T03:15:32Z	calcul-ouragan	Linux-6.1.0-1029-oem-x86_64-with-glibc2.35	13th Gen Intel(R) Core(TM) i9-13900	x86_64	32	64	3.10.12	results/apply_vs_axf4__snowy_sky_otter/logs/apply-reimer-7-groebner-apply-x4.log	"/home/ademin/.juliaup/bin/julia --startup-file=no /tmp/gbbench-groebner-jl-jpir987z/groebner_jl_worker.jl --input /home/ademin/GroebnerBenchmark/systems/reimer/txt/reimer_7.txt --field GF(2147483647) --order degrevlex --threads 1 --method ""groebner_apply! x4"""
apply-reimer-7-axf4-t1	apply_vs_axf4__snowy_sky_otter	apply-reimer-7-axf4-t1	reimer	reimer-7	systems/reimer/reimer.md	systems/reimer/txt/reimer_7.txt	axf4 -t 1	local-copy	axf4	1	GF(2147483647)	degrevlex		3600	32768	65	ok	0	0.777393	0.777393	2026-05-18T03:15:32Z	2026-05-18T03:15:33Z	calcul-ouragan	Linux-6.1.0-1029-oem-x86_64-with-glibc2.35	13th Gen Intel(R) Core(TM) i9-13900	x86_64	32	64	3.10.12	results/apply_vs_axf4__snowy_sky_otter/logs/apply-reimer-7-axf4-t1.log	/home/ademin/GroebnerBenchmark/../axgrob/axf4 -p 2147483647 -v [x1,x2,x3,x4,x5,x6,x7] -t 1 /tmp/gbbench-axf4-6q0r5etx/reimer_7.txt
apply-reimer-7-axf4-t8	apply_vs_axf4__snowy_sky_otter	apply-reimer-7-axf4-t8	reimer	reimer-7	systems/reimer/reimer.md	systems/reimer/txt/reimer_7.txt	axf4 -t 8	local-copy	axf4	8	GF(2147483647)	degrevlex		3600	32768	69	ok	0	0.271730	0.271730	2026-05-18T03:15:33Z	2026-05-18T03:15:33Z	calcul-ouragan	Linux-6.1.0-1029-oem-x86_64-with-glibc2.35	13th Gen Intel(R) Core(TM) i9-13900	x86_64	32	64	3.10.12	results/apply_vs_axf4__snowy_sky_otter/logs/apply-reimer-7-axf4-t8.log	/home/ademin/GroebnerBenchmark/../axgrob/axf4 -p 2147483647 -v [x1,x2,x3,x4,x5,x6,x7] -t 8 /tmp/gbbench-axf4-46vxv_bq/reimer_7.txt
apply-reimer-8-groebner	apply_vs_axf4__snowy_sky_otter	apply-reimer-8-groebner	reimer	reimer-8	systems/reimer/reimer.md	systems/reimer/txt/reimer_8.txt	Groebner.groebner	0.10.3	groebner_jl	1	GF(2147483647)	degrevlex		3600	32768	1614	ok	0	5.902537196	15.026342	2026-05-18T03:15:33Z	2026-05-18T03:15:48Z	calcul-ouragan	Linux-6.1.0-1029-oem-x86_64-with-glibc2.35	13th Gen Intel(R) Core(TM) i9-13900	x86_64	32	64	3.10.12	results/apply_vs_axf4__snowy_sky_otter/logs/apply-reimer-8-groebner.log	/home/ademin/.juliaup/bin/julia --startup-file=no /tmp/gbbench-groebner-jl-jpir987z/groebner_jl_worker.jl --input /home/ademin/GroebnerBenchmark/systems/reimer/txt/reimer_8.txt --field GF(2147483647) --order degrevlex --threads 1 --method groebner
apply-reimer-8-groebner-apply	apply_vs_axf4__snowy_sky_otter	apply-reimer-8-groebner-apply	reimer	reimer-8	systems/reimer/reimer.md	systems/reimer/txt/reimer_8.txt	Groebner.groebner_apply!	0.10.3	groebner_jl	1	GF(2147483647)	degrevlex		3600	32768	1710	ok	0	0.937818185	25.384834	2026-05-18T03:15:48Z	2026-05-18T03:16:13Z	calcul-ouragan	Linux-6.1.0-1029-oem-x86_64-with-glibc2.35	13th Gen Intel(R) Core(TM) i9-13900	x86_64	32	64	3.10.12	results/apply_vs_axf4__snowy_sky_otter/logs/apply-reimer-8-groebner-apply.log	/home/ademin/.juliaup/bin/julia --startup-file=no /tmp/gbbench-groebner-jl-jpir987z/groebner_jl_worker.jl --input /home/ademin/GroebnerBenchmark/systems/reimer/txt/reimer_8.txt --field GF(2147483647) --order degrevlex --threads 1 --method groebner_apply!
apply-reimer-8-groebner-apply-x4	apply_vs_axf4__snowy_sky_otter	apply-reimer-8-groebner-apply-x4	reimer	reimer-8	systems/reimer/reimer.md	systems/reimer/txt/reimer_8.txt	Groebner.groebner_apply! x4	0.10.3	groebner_jl	1	GF(2147483647)	degrevlex		3600	32768	2201	ok	0	0.29467790275	27.315842	2026-05-18T03:16:13Z	2026-05-18T03:16:41Z	calcul-ouragan	Linux-6.1.0-1029-oem-x86_64-with-glibc2.35	13th Gen Intel(R) Core(TM) i9-13900	x86_64	32	64	3.10.12	results/apply_vs_axf4__snowy_sky_otter/logs/apply-reimer-8-groebner-apply-x4.log	"/home/ademin/.juliaup/bin/julia --startup-file=no /tmp/gbbench-groebner-jl-jpir987z/groebner_jl_worker.jl --input /home/ademin/GroebnerBenchmark/systems/reimer/txt/reimer_8.txt --field GF(2147483647) --order degrevlex --threads 1 --method ""groebner_apply! x4"""
apply-reimer-8-axf4-t1	apply_vs_axf4__snowy_sky_otter	apply-reimer-8-axf4-t1	reimer	reimer-8	systems/reimer/reimer.md	systems/reimer/txt/reimer_8.txt	axf4 -t 1	local-copy	axf4	1	GF(2147483647)	degrevlex		3600	32768	251	ok	0	18.022405	18.022405	2026-05-18T03:16:41Z	2026-05-18T03:16:59Z	calcul-ouragan	Linux-6.1.0-1029-oem-x86_64-with-glibc2.35	13th Gen Intel(R) Core(TM) i9-13900	x86_64	32	64	3.10.12	results/apply_vs_axf4__snowy_sky_otter/logs/apply-reimer-8-axf4-t1.log	/home/ademin/GroebnerBenchmark/../axgrob/axf4 -p 2147483647 -v [x1,x2,x3,x4,x5,x6,x7,x8] -t 1 /tmp/gbbench-axf4-2remaljy/reimer_8.txt
apply-reimer-8-axf4-t8	apply_vs_axf4__snowy_sky_otter	apply-reimer-8-axf4-t8	reimer	reimer-8	systems/reimer/reimer.md	systems/reimer/txt/reimer_8.txt	axf4 -t 8	local-copy	axf4	8	GF(2147483647)	degrevlex		3600	32768	269	ok	0	4.455923	4.455923	2026-05-18T03:16:59Z	2026-05-18T03:17:03Z	calcul-ouragan	Linux-6.1.0-1029-oem-x86_64-with-glibc2.35	13th Gen Intel(R) Core(TM) i9-13900	x86_64	32	64	3.10.12	results/apply_vs_axf4__snowy_sky_otter/logs/apply-reimer-8-axf4-t8.log	/home/ademin/GroebnerBenchmark/../axgrob/axf4 -p 2147483647 -v [x1,x2,x3,x4,x5,x6,x7,x8] -t 8 /tmp/gbbench-axf4-1wl0jfkg/reimer_8.txt
apply-ro5_sq_a-groebner	apply_vs_axf4__snowy_sky_otter	apply-ro5_sq_a-groebner	ro5_sq_a	ro5_sq_a	systems/ro5_sq_a/ro5_sq_a.md	systems/ro5_sq_a/txt/ro5_sq_a.txt	Groebner.groebner	0.10.3	groebner_jl	1	GF(2147483647)	degrevlex		3600	32768	565	ok	0	0.027420133	1.939261	2026-05-18T03:17:03Z	2026-05-18T03:17:05Z	calcul-ouragan	Linux-6.1.0-1029-oem-x86_64-with-glibc2.35	13th Gen Intel(R) Core(TM) i9-13900	x86_64	32	64	3.10.12	results/apply_vs_axf4__snowy_sky_otter/logs/apply-ro5_sq_a-groebner.log	/home/ademin/.juliaup/bin/julia --startup-file=no /tmp/gbbench-groebner-jl-jpir987z/groebner_jl_worker.jl --input /home/ademin/GroebnerBenchmark/systems/ro5_sq_a/txt/ro5_sq_a.txt --field GF(2147483647) --order degrevlex --threads 1 --method groebner
apply-ro5_sq_a-groebner-apply	apply_vs_axf4__snowy_sky_otter	apply-ro5_sq_a-groebner-apply	ro5_sq_a	ro5_sq_a	systems/ro5_sq_a/ro5_sq_a.md	systems/ro5_sq_a/txt/ro5_sq_a.txt	Groebner.groebner_apply!	0.10.3	groebner_jl	1	GF(2147483647)	degrevlex		3600	32768	575	ok	0	0.008047928	1.970342	2026-05-18T03:17:05Z	2026-05-18T03:17:07Z	calcul-ouragan	Linux-6.1.0-1029-oem-x86_64-with-glibc2.35	13th Gen Intel(R) Core(TM) i9-13900	x86_64	32	64	3.10.12	results/apply_vs_axf4__snowy_sky_otter/logs/apply-ro5_sq_a-groebner-apply.log	/home/ademin/.juliaup/bin/julia --startup-file=no /tmp/gbbench-groebner-jl-jpir987z/groebner_jl_worker.jl --input /home/ademin/GroebnerBenchmark/systems/ro5_sq_a/txt/ro5_sq_a.txt --field GF(2147483647) --order degrevlex --threads 1 --method groebner_apply!
apply-ro5_sq_a-groebner-apply-x4	apply_vs_axf4__snowy_sky_otter	apply-ro5_sq_a-groebner-apply-x4	ro5_sq_a	ro5_sq_a	systems/ro5_sq_a/ro5_sq_a.md	systems/ro5_sq_a/txt/ro5_sq_a.txt	Groebner.groebner_apply! x4	0.10.3	groebner_jl	1	GF(2147483647)	degrevlex		3600	32768	623	ok	0	0.012262453	3.582043	2026-05-18T03:17:07Z	2026-05-18T03:17:11Z	calcul-ouragan	Linux-6.1.0-1029-oem-x86_64-with-glibc2.35	13th Gen Intel(R) Core(TM) i9-13900	x86_64	32	64	3.10.12	results/apply_vs_axf4__snowy_sky_otter/logs/apply-ro5_sq_a-groebner-apply-x4.log	"/home/ademin/.juliaup/bin/julia --startup-file=no /tmp/gbbench-groebner-jl-jpir987z/groebner_jl_worker.jl --input /home/ademin/GroebnerBenchmark/systems/ro5_sq_a/txt/ro5_sq_a.txt --field GF(2147483647) --order degrevlex --threads 1 --method ""groebner_apply! x4"""
apply-ro5_sq_a-axf4-t1	apply_vs_axf4__snowy_sky_otter	apply-ro5_sq_a-axf4-t1	ro5_sq_a	ro5_sq_a	systems/ro5_sq_a/ro5_sq_a.md	systems/ro5_sq_a/txt/ro5_sq_a.txt	axf4 -t 1	local-copy	axf4	1	GF(2147483647)	degrevlex		3600	32768	45	ok	0	0.133664	0.133664	2026-05-18T03:17:11Z	2026-05-18T03:17:11Z	calcul-ouragan	Linux-6.1.0-1029-oem-x86_64-with-glibc2.35	13th Gen Intel(R) Core(TM) i9-13900	x86_64	32	64	3.10.12	results/apply_vs_axf4__snowy_sky_otter/logs/apply-ro5_sq_a-axf4-t1.log	/home/ademin/GroebnerBenchmark/../axgrob/axf4 -p 2147483647 -v [x1,x2,x3,x4,x5] -t 1 /tmp/gbbench-axf4-tlb7lt2h/ro5_sq_a.txt
apply-ro5_sq_a-axf4-t8	apply_vs_axf4__snowy_sky_otter	apply-ro5_sq_a-axf4-t8	ro5_sq_a	ro5_sq_a	systems/ro5_sq_a/ro5_sq_a.md	systems/ro5_sq_a/txt/ro5_sq_a.txt	axf4 -t 8	local-copy	axf4	8	GF(2147483647)	degrevlex		3600	32768	45	ok	0	0.077498	0.077498	2026-05-18T03:17:11Z	2026-05-18T03:17:11Z	calcul-ouragan	Linux-6.1.0-1029-oem-x86_64-with-glibc2.35	13th Gen Intel(R) Core(TM) i9-13900	x86_64	32	64	3.10.12	results/apply_vs_axf4__snowy_sky_otter/logs/apply-ro5_sq_a-axf4-t8.log	/home/ademin/GroebnerBenchmark/../axgrob/axf4 -p 2147483647 -v [x1,x2,x3,x4,x5] -t 8 /tmp/gbbench-axf4-r6qerk9c/ro5_sq_a.txt
apply-ro6_sq_1-groebner	apply_vs_axf4__snowy_sky_otter	apply-ro6_sq_1-groebner	ro6_sq_1	ro6_sq_1	systems/ro6_sq_1/ro6_sq_1.md	systems/ro6_sq_1/txt/ro6_sq_1.txt	Groebner.groebner	0.10.3	groebner_jl	1	GF(2147483647)	degrevlex		3600	32768	560	ok	0	0.000835221	1.826600	2026-05-18T03:17:11Z	2026-05-18T03:17:13Z	calcul-ouragan	Linux-6.1.0-1029-oem-x86_64-with-glibc2.35	13th Gen Intel(R) Core(TM) i9-13900	x86_64	32	64	3.10.12	results/apply_vs_axf4__snowy_sky_otter/logs/apply-ro6_sq_1-groebner.log	/home/ademin/.juliaup/bin/julia --startup-file=no /tmp/gbbench-groebner-jl-jpir987z/groebner_jl_worker.jl --input /home/ademin/GroebnerBenchmark/systems/ro6_sq_1/txt/ro6_sq_1.txt --field GF(2147483647) --order degrevlex --threads 1 --method groebner
apply-ro6_sq_1-groebner-apply	apply_vs_axf4__snowy_sky_otter	apply-ro6_sq_1-groebner-apply	ro6_sq_1	ro6_sq_1	systems/ro6_sq_1/ro6_sq_1.md	systems/ro6_sq_1/txt/ro6_sq_1.txt	Groebner.groebner_apply!	0.10.3	groebner_jl	1	GF(2147483647)	degrevlex		3600	32768	560	ok	0	0.00025334	1.915998	2026-05-18T03:17:13Z	2026-05-18T03:17:15Z	calcul-ouragan	Linux-6.1.0-1029-oem-x86_64-with-glibc2.35	13th Gen Intel(R) Core(TM) i9-13900	x86_64	32	64	3.10.12	results/apply_vs_axf4__snowy_sky_otter/logs/apply-ro6_sq_1-groebner-apply.log	/home/ademin/.juliaup/bin/julia --startup-file=no /tmp/gbbench-groebner-jl-jpir987z/groebner_jl_worker.jl --input /home/ademin/GroebnerBenchmark/systems/ro6_sq_1/txt/ro6_sq_1.txt --field GF(2147483647) --order degrevlex --threads 1 --method groebner_apply!
apply-ro6_sq_1-groebner-apply-x4	apply_vs_axf4__snowy_sky_otter	apply-ro6_sq_1-groebner-apply-x4	ro6_sq_1	ro6_sq_1	systems/ro6_sq_1/ro6_sq_1.md	systems/ro6_sq_1/txt/ro6_sq_1.txt	Groebner.groebner_apply! x4	0.10.3	groebner_jl	1	GF(2147483647)	degrevlex		3600	32768	591	ok	0	0.0032732245	3.318558	2026-05-18T03:17:15Z	2026-05-18T03:17:18Z	calcul-ouragan	Linux-6.1.0-1029-oem-x86_64-with-glibc2.35	13th Gen Intel(R) Core(TM) i9-13900	x86_64	32	64	3.10.12	results/apply_vs_axf4__snowy_sky_otter/logs/apply-ro6_sq_1-groebner-apply-x4.log	"/home/ademin/.juliaup/bin/julia --startup-file=no /tmp/gbbench-groebner-jl-jpir987z/groebner_jl_worker.jl --input /home/ademin/GroebnerBenchmark/systems/ro6_sq_1/txt/ro6_sq_1.txt --field GF(2147483647) --order degrevlex --threads 1 --method ""groebner_apply! x4"""
apply-ro6_sq_1-axf4-t1	apply_vs_axf4__snowy_sky_otter	apply-ro6_sq_1-axf4-t1	ro6_sq_1	ro6_sq_1	systems/ro6_sq_1/ro6_sq_1.md	systems/ro6_sq_1/txt/ro6_sq_1.txt	axf4 -t 1	local-copy	axf4	1	GF(2147483647)	degrevlex		3600	32768	41	ok	0	0.019915	0.019915	2026-05-18T03:17:18Z	2026-05-18T03:17:18Z	calcul-ouragan	Linux-6.1.0-1029-oem-x86_64-with-glibc2.35	13th Gen Intel(R) Core(TM) i9-13900	x86_64	32	64	3.10.12	results/apply_vs_axf4__snowy_sky_otter/logs/apply-ro6_sq_1-axf4-t1.log	/home/ademin/GroebnerBenchmark/../axgrob/axf4 -p 2147483647 -v [x1,x2,x3,x4,x5,x6] -t 1 /tmp/gbbench-axf4-nbln9oqp/ro6_sq_1.txt
apply-ro6_sq_1-axf4-t8	apply_vs_axf4__snowy_sky_otter	apply-ro6_sq_1-axf4-t8	ro6_sq_1	ro6_sq_1	systems/ro6_sq_1/ro6_sq_1.md	systems/ro6_sq_1/txt/ro6_sq_1.txt	axf4 -t 8	local-copy	axf4	8	GF(2147483647)	degrevlex		3600	32768	41	ok	0	0.025767	0.025767	2026-05-18T03:17:18Z	2026-05-18T03:17:18Z	calcul-ouragan	Linux-6.1.0-1029-oem-x86_64-with-glibc2.35	13th Gen Intel(R) Core(TM) i9-13900	x86_64	32	64	3.10.12	results/apply_vs_axf4__snowy_sky_otter/logs/apply-ro6_sq_1-axf4-t8.log	/home/ademin/GroebnerBenchmark/../axgrob/axf4 -p 2147483647 -v [x1,x2,x3,x4,x5,x6] -t 8 /tmp/gbbench-axf4-i2fit6y4/ro6_sq_1.txt
apply-root-7-groebner	apply_vs_axf4__snowy_sky_otter	apply-root-7-groebner	root	root-7	systems/root/root.md	systems/root/txt/root_7.txt	Groebner.groebner	0.10.3	groebner_jl	1	GF(2147483647)	degrevlex		3600	32768	553	ok	0	0.000193736	1.774039	2026-05-18T03:17:18Z	2026-05-18T03:17:20Z	calcul-ouragan	Linux-6.1.0-1029-oem-x86_64-with-glibc2.35	13th Gen Intel(R) Core(TM) i9-13900	x86_64	32	64	3.10.12	results/apply_vs_axf4__snowy_sky_otter/logs/apply-root-7-groebner.log	/home/ademin/.juliaup/bin/julia --startup-file=no /tmp/gbbench-groebner-jl-jpir987z/groebner_jl_worker.jl --input /home/ademin/GroebnerBenchmark/systems/root/txt/root_7.txt --field GF(2147483647) --order degrevlex --threads 1 --method groebner
apply-root-7-groebner-apply	apply_vs_axf4__snowy_sky_otter	apply-root-7-groebner-apply	root	root-7	systems/root/root.md	systems/root/txt/root_7.txt	Groebner.groebner_apply!	0.10.3	groebner_jl	1	GF(2147483647)	degrevlex		3600	32768	553	ok	0	0.000120106	1.786341	2026-05-18T03:17:20Z	2026-05-18T03:17:22Z	calcul-ouragan	Linux-6.1.0-1029-oem-x86_64-with-glibc2.35	13th Gen Intel(R) Core(TM) i9-13900	x86_64	32	64	3.10.12	results/apply_vs_axf4__snowy_sky_otter/logs/apply-root-7-groebner-apply.log	/home/ademin/.juliaup/bin/julia --startup-file=no /tmp/gbbench-groebner-jl-jpir987z/groebner_jl_worker.jl --input /home/ademin/GroebnerBenchmark/systems/root/txt/root_7.txt --field GF(2147483647) --order degrevlex --threads 1 --method groebner_apply!
apply-root-7-groebner-apply-x4	apply_vs_axf4__snowy_sky_otter	apply-root-7-groebner-apply-x4	root	root-7	systems/root/root.md	systems/root/txt/root_7.txt	Groebner.groebner_apply! x4	0.10.3	groebner_jl	1	GF(2147483647)	degrevlex		3600	32768	589	ok	0	0.0031361155	3.270401	2026-05-18T03:17:22Z	2026-05-18T03:17:25Z	calcul-ouragan	Linux-6.1.0-1029-oem-x86_64-with-glibc2.35	13th Gen Intel(R) Core(TM) i9-13900	x86_64	32	64	3.10.12	results/apply_vs_axf4__snowy_sky_otter/logs/apply-root-7-groebner-apply-x4.log	"/home/ademin/.juliaup/bin/julia --startup-file=no /tmp/gbbench-groebner-jl-jpir987z/groebner_jl_worker.jl --input /home/ademin/GroebnerBenchmark/systems/root/txt/root_7.txt --field GF(2147483647) --order degrevlex --threads 1 --method ""groebner_apply! x4"""
apply-root-7-axf4-t1	apply_vs_axf4__snowy_sky_otter	apply-root-7-axf4-t1	root	root-7	systems/root/root.md	systems/root/txt/root_7.txt	axf4 -t 1	local-copy	axf4	1	GF(2147483647)	degrevlex		3600	32768	41	ok	0	0.017373	0.017373	2026-05-18T03:17:25Z	2026-05-18T03:17:25Z	calcul-ouragan	Linux-6.1.0-1029-oem-x86_64-with-glibc2.35	13th Gen Intel(R) Core(TM) i9-13900	x86_64	32	64	3.10.12	results/apply_vs_axf4__snowy_sky_otter/logs/apply-root-7-axf4-t1.log	/home/ademin/GroebnerBenchmark/../axgrob/axf4 -p 2147483647 -v [x1,x2,x3,x4,x5,x6,x7] -t 1 /tmp/gbbench-axf4-bd5f_h79/root_7.txt
apply-root-7-axf4-t8	apply_vs_axf4__snowy_sky_otter	apply-root-7-axf4-t8	root	root-7	systems/root/root.md	systems/root/txt/root_7.txt	axf4 -t 8	local-copy	axf4	8	GF(2147483647)	degrevlex		3600	32768	41	ok	0	0.018739	0.018739	2026-05-18T03:17:25Z	2026-05-18T03:17:25Z	calcul-ouragan	Linux-6.1.0-1029-oem-x86_64-with-glibc2.35	13th Gen Intel(R) Core(TM) i9-13900	x86_64	32	64	3.10.12	results/apply_vs_axf4__snowy_sky_otter/logs/apply-root-7-axf4-t8.log	/home/ademin/GroebnerBenchmark/../axgrob/axf4 -p 2147483647 -v [x1,x2,x3,x4,x5,x6,x7] -t 8 /tmp/gbbench-axf4-9tuy30jk/root_7.txt
apply-root-8-groebner	apply_vs_axf4__snowy_sky_otter	apply-root-8-groebner	root	root-8	systems/root/root.md	systems/root/txt/root_8.txt	Groebner.groebner	0.10.3	groebner_jl	1	GF(2147483647)	degrevlex		3600	32768	591	ok	0	0.000477374	2.794507	2026-05-18T03:17:25Z	2026-05-18T03:17:28Z	calcul-ouragan	Linux-6.1.0-1029-oem-x86_64-with-glibc2.35	13th Gen Intel(R) Core(TM) i9-13900	x86_64	32	64	3.10.12	results/apply_vs_axf4__snowy_sky_otter/logs/apply-root-8-groebner.log	/home/ademin/.juliaup/bin/julia --startup-file=no /tmp/gbbench-groebner-jl-jpir987z/groebner_jl_worker.jl --input /home/ademin/GroebnerBenchmark/systems/root/txt/root_8.txt --field GF(2147483647) --order degrevlex --threads 1 --method groebner
apply-root-8-groebner-apply	apply_vs_axf4__snowy_sky_otter	apply-root-8-groebner-apply	root	root-8	systems/root/root.md	systems/root/txt/root_8.txt	Groebner.groebner_apply!	0.10.3	groebner_jl	1	GF(2147483647)	degrevlex		3600	32768	590	ok	0	0.000322243	3.417809	2026-05-18T03:17:28Z	2026-05-18T03:17:31Z	calcul-ouragan	Linux-6.1.0-1029-oem-x86_64-with-glibc2.35	13th Gen Intel(R) Core(TM) i9-13900	x86_64	32	64	3.10.12	results/apply_vs_axf4__snowy_sky_otter/logs/apply-root-8-groebner-apply.log	/home/ademin/.juliaup/bin/julia --startup-file=no /tmp/gbbench-groebner-jl-jpir987z/groebner_jl_worker.jl --input /home/ademin/GroebnerBenchmark/systems/root/txt/root_8.txt --field GF(2147483647) --order degrevlex --threads 1 --method groebner_apply!
apply-root-8-groebner-apply-x4	apply_vs_axf4__snowy_sky_otter	apply-root-8-groebner-apply-x4	root	root-8	systems/root/root.md	systems/root/txt/root_8.txt	Groebner.groebner_apply! x4	0.10.3	groebner_jl	1	GF(2147483647)	degrevlex		3600	32768	612	ok	0	0.0032643835	4.687450	2026-05-18T03:17:31Z	2026-05-18T03:17:36Z	calcul-ouragan	Linux-6.1.0-1029-oem-x86_64-with-glibc2.35	13th Gen Intel(R) Core(TM) i9-13900	x86_64	32	64	3.10.12	results/apply_vs_axf4__snowy_sky_otter/logs/apply-root-8-groebner-apply-x4.log	"/home/ademin/.juliaup/bin/julia --startup-file=no /tmp/gbbench-groebner-jl-jpir987z/groebner_jl_worker.jl --input /home/ademin/GroebnerBenchmark/systems/root/txt/root_8.txt --field GF(2147483647) --order degrevlex --threads 1 --method ""groebner_apply! x4"""
apply-root-8-axf4-t1	apply_vs_axf4__snowy_sky_otter	apply-root-8-axf4-t1	root	root-8	systems/root/root.md	systems/root/txt/root_8.txt	axf4 -t 1	local-copy	axf4	1	GF(2147483647)	degrevlex		3600	32768	47	ok	0	0.020103	0.020103	2026-05-18T03:17:36Z	2026-05-18T03:17:36Z	calcul-ouragan	Linux-6.1.0-1029-oem-x86_64-with-glibc2.35	13th Gen Intel(R) Core(TM) i9-13900	x86_64	32	64	3.10.12	results/apply_vs_axf4__snowy_sky_otter/logs/apply-root-8-axf4-t1.log	/home/ademin/GroebnerBenchmark/../axgrob/axf4 -p 2147483647 -v [x1,x2,x3,x4,x5,x6,x7,x8] -t 1 /tmp/gbbench-axf4-41trpb76/root_8.txt
apply-root-8-axf4-t8	apply_vs_axf4__snowy_sky_otter	apply-root-8-axf4-t8	root	root-8	systems/root/root.md	systems/root/txt/root_8.txt	axf4 -t 8	local-copy	axf4	8	GF(2147483647)	degrevlex		3600	32768	48	ok	0	0.024475	0.024475	2026-05-18T03:17:36Z	2026-05-18T03:17:36Z	calcul-ouragan	Linux-6.1.0-1029-oem-x86_64-with-glibc2.35	13th Gen Intel(R) Core(TM) i9-13900	x86_64	32	64	3.10.12	results/apply_vs_axf4__snowy_sky_otter/logs/apply-root-8-axf4-t8.log	/home/ademin/GroebnerBenchmark/../axgrob/axf4 -p 2147483647 -v [x1,x2,x3,x4,x5,x6,x7,x8] -t 8 /tmp/gbbench-axf4-nuc8vps_/root_8.txt
apply-root-9-groebner	apply_vs_axf4__snowy_sky_otter	apply-root-9-groebner	root	root-9	systems/root/root.md	systems/root/txt/root_9.txt	Groebner.groebner	0.10.3	groebner_jl	1	GF(2147483647)	degrevlex		3600	32768	589	ok	0	0.000967853	2.868932	2026-05-18T03:17:36Z	2026-05-18T03:17:39Z	calcul-ouragan	Linux-6.1.0-1029-oem-x86_64-with-glibc2.35	13th Gen Intel(R) Core(TM) i9-13900	x86_64	32	64	3.10.12	results/apply_vs_axf4__snowy_sky_otter/logs/apply-root-9-groebner.log	/home/ademin/.juliaup/bin/julia --startup-file=no /tmp/gbbench-groebner-jl-jpir987z/groebner_jl_worker.jl --input /home/ademin/GroebnerBenchmark/systems/root/txt/root_9.txt --field GF(2147483647) --order degrevlex --threads 1 --method groebner
apply-root-9-groebner-apply	apply_vs_axf4__snowy_sky_otter	apply-root-9-groebner-apply	root	root-9	systems/root/root.md	systems/root/txt/root_9.txt	Groebner.groebner_apply!	0.10.3	groebner_jl	1	GF(2147483647)	degrevlex		3600	32768	588	ok	0	0.000619524	3.489323	2026-05-18T03:17:39Z	2026-05-18T03:17:42Z	calcul-ouragan	Linux-6.1.0-1029-oem-x86_64-with-glibc2.35	13th Gen Intel(R) Core(TM) i9-13900	x86_64	32	64	3.10.12	results/apply_vs_axf4__snowy_sky_otter/logs/apply-root-9-groebner-apply.log	/home/ademin/.juliaup/bin/julia --startup-file=no /tmp/gbbench-groebner-jl-jpir987z/groebner_jl_worker.jl --input /home/ademin/GroebnerBenchmark/systems/root/txt/root_9.txt --field GF(2147483647) --order degrevlex --threads 1 --method groebner_apply!
apply-root-9-groebner-apply-x4	apply_vs_axf4__snowy_sky_otter	apply-root-9-groebner-apply-x4	root	root-9	systems/root/root.md	systems/root/txt/root_9.txt	Groebner.groebner_apply! x4	0.10.3	groebner_jl	1	GF(2147483647)	degrevlex		3600	32768	613	ok	0	0.00329162875	4.774287	2026-05-18T03:17:42Z	2026-05-18T03:17:47Z	calcul-ouragan	Linux-6.1.0-1029-oem-x86_64-with-glibc2.35	13th Gen Intel(R) Core(TM) i9-13900	x86_64	32	64	3.10.12	results/apply_vs_axf4__snowy_sky_otter/logs/apply-root-9-groebner-apply-x4.log	"/home/ademin/.juliaup/bin/julia --startup-file=no /tmp/gbbench-groebner-jl-jpir987z/groebner_jl_worker.jl --input /home/ademin/GroebnerBenchmark/systems/root/txt/root_9.txt --field GF(2147483647) --order degrevlex --threads 1 --method ""groebner_apply! x4"""
apply-root-9-axf4-t1	apply_vs_axf4__snowy_sky_otter	apply-root-9-axf4-t1	root	root-9	systems/root/root.md	systems/root/txt/root_9.txt	axf4 -t 1	local-copy	axf4	1	GF(2147483647)	degrevlex		3600	32768	54	ok	0	0.023890	0.023890	2026-05-18T03:17:47Z	2026-05-18T03:17:47Z	calcul-ouragan	Linux-6.1.0-1029-oem-x86_64-with-glibc2.35	13th Gen Intel(R) Core(TM) i9-13900	x86_64	32	64	3.10.12	results/apply_vs_axf4__snowy_sky_otter/logs/apply-root-9-axf4-t1.log	/home/ademin/GroebnerBenchmark/../axgrob/axf4 -p 2147483647 -v [x1,x2,x3,x4,x5,x6,x7,x8,x9] -t 1 /tmp/gbbench-axf4-2hxyjh9s/root_9.txt
apply-root-9-axf4-t8	apply_vs_axf4__snowy_sky_otter	apply-root-9-axf4-t8	root	root-9	systems/root/root.md	systems/root/txt/root_9.txt	axf4 -t 8	local-copy	axf4	8	GF(2147483647)	degrevlex		3600	32768	54	ok	0	0.028016	0.028016	2026-05-18T03:17:47Z	2026-05-18T03:17:47Z	calcul-ouragan	Linux-6.1.0-1029-oem-x86_64-with-glibc2.35	13th Gen Intel(R) Core(TM) i9-13900	x86_64	32	64	3.10.12	results/apply_vs_axf4__snowy_sky_otter/logs/apply-root-9-axf4-t8.log	/home/ademin/GroebnerBenchmark/../axgrob/axf4 -p 2147483647 -v [x1,x2,x3,x4,x5,x6,x7,x8,x9] -t 8 /tmp/gbbench-axf4-8esy3rj_/root_9.txt
apply-root-10-groebner	apply_vs_axf4__snowy_sky_otter	apply-root-10-groebner	root	root-10	systems/root/root.md	systems/root/txt/root_10.txt	Groebner.groebner	0.10.3	groebner_jl	1	GF(2147483647)	degrevlex		3600	32768	587	ok	0	0.002172154	2.809004	2026-05-18T03:17:47Z	2026-05-18T03:17:50Z	calcul-ouragan	Linux-6.1.0-1029-oem-x86_64-with-glibc2.35	13th Gen Intel(R) Core(TM) i9-13900	x86_64	32	64	3.10.12	results/apply_vs_axf4__snowy_sky_otter/logs/apply-root-10-groebner.log	/home/ademin/.juliaup/bin/julia --startup-file=no /tmp/gbbench-groebner-jl-jpir987z/groebner_jl_worker.jl --input /home/ademin/GroebnerBenchmark/systems/root/txt/root_10.txt --field GF(2147483647) --order degrevlex --threads 1 --method groebner
apply-root-10-groebner-apply	apply_vs_axf4__snowy_sky_otter	apply-root-10-groebner-apply	root	root-10	systems/root/root.md	systems/root/txt/root_10.txt	Groebner.groebner_apply!	0.10.3	groebner_jl	1	GF(2147483647)	degrevlex		3600	32768	586	ok	0	0.001370426	3.439800	2026-05-18T03:17:50Z	2026-05-18T03:17:53Z	calcul-ouragan	Linux-6.1.0-1029-oem-x86_64-with-glibc2.35	13th Gen Intel(R) Core(TM) i9-13900	x86_64	32	64	3.10.12	results/apply_vs_axf4__snowy_sky_otter/logs/apply-root-10-groebner-apply.log	/home/ademin/.juliaup/bin/julia --startup-file=no /tmp/gbbench-groebner-jl-jpir987z/groebner_jl_worker.jl --input /home/ademin/GroebnerBenchmark/systems/root/txt/root_10.txt --field GF(2147483647) --order degrevlex --threads 1 --method groebner_apply!
apply-root-10-groebner-apply-x4	apply_vs_axf4__snowy_sky_otter	apply-root-10-groebner-apply-x4	root	root-10	systems/root/root.md	systems/root/txt/root_10.txt	Groebner.groebner_apply! x4	0.10.3	groebner_jl	1	GF(2147483647)	degrevlex		3600	32768	592	ok	0	0.00350716	4.712217	2026-05-18T03:17:53Z	2026-05-18T03:17:58Z	calcul-ouragan	Linux-6.1.0-1029-oem-x86_64-with-glibc2.35	13th Gen Intel(R) Core(TM) i9-13900	x86_64	32	64	3.10.12	results/apply_vs_axf4__snowy_sky_otter/logs/apply-root-10-groebner-apply-x4.log	"/home/ademin/.juliaup/bin/julia --startup-file=no /tmp/gbbench-groebner-jl-jpir987z/groebner_jl_worker.jl --input /home/ademin/GroebnerBenchmark/systems/root/txt/root_10.txt --field GF(2147483647) --order degrevlex --threads 1 --method ""groebner_apply! x4"""
apply-root-10-axf4-t1	apply_vs_axf4__snowy_sky_otter	apply-root-10-axf4-t1	root	root-10	systems/root/root.md	systems/root/txt/root_10.txt	axf4 -t 1	local-copy	axf4	1	GF(2147483647)	degrevlex		3600	32768	59	ok	0	0.029984	0.029984	2026-05-18T03:17:58Z	2026-05-18T03:17:58Z	calcul-ouragan	Linux-6.1.0-1029-oem-x86_64-with-glibc2.35	13th Gen Intel(R) Core(TM) i9-13900	x86_64	32	64	3.10.12	results/apply_vs_axf4__snowy_sky_otter/logs/apply-root-10-axf4-t1.log	/home/ademin/GroebnerBenchmark/../axgrob/axf4 -p 2147483647 -v [x1,x2,x3,x4,x5,x6,x7,x8,x9,x10] -t 1 /tmp/gbbench-axf4-qw_9vl3f/root_10.txt
apply-root-10-axf4-t8	apply_vs_axf4__snowy_sky_otter	apply-root-10-axf4-t8	root	root-10	systems/root/root.md	systems/root/txt/root_10.txt	axf4 -t 8	local-copy	axf4	8	GF(2147483647)	degrevlex		3600	32768	59	ok	0	0.034313	0.034313	2026-05-18T03:17:58Z	2026-05-18T03:17:58Z	calcul-ouragan	Linux-6.1.0-1029-oem-x86_64-with-glibc2.35	13th Gen Intel(R) Core(TM) i9-13900	x86_64	32	64	3.10.12	results/apply_vs_axf4__snowy_sky_otter/logs/apply-root-10-axf4-t8.log	/home/ademin/GroebnerBenchmark/../axgrob/axf4 -p 2147483647 -v [x1,x2,x3,x4,x5,x6,x7,x8,x9,x10] -t 8 /tmp/gbbench-axf4-u14_2q9_/root_10.txt
apply-root-11-groebner	apply_vs_axf4__snowy_sky_otter	apply-root-11-groebner	root	root-11	systems/root/root.md	systems/root/txt/root_11.txt	Groebner.groebner	0.10.3	groebner_jl	1	GF(2147483647)	degrevlex		3600	32768	597	ok	0	0.005102596	2.984933	2026-05-18T03:17:58Z	2026-05-18T03:18:01Z	calcul-ouragan	Linux-6.1.0-1029-oem-x86_64-with-glibc2.35	13th Gen Intel(R) Core(TM) i9-13900	x86_64	32	64	3.10.12	results/apply_vs_axf4__snowy_sky_otter/logs/apply-root-11-groebner.log	/home/ademin/.juliaup/bin/julia --startup-file=no /tmp/gbbench-groebner-jl-jpir987z/groebner_jl_worker.jl --input /home/ademin/GroebnerBenchmark/systems/root/txt/root_11.txt --field GF(2147483647) --order degrevlex --threads 1 --method groebner
apply-root-11-groebner-apply	apply_vs_axf4__snowy_sky_otter	apply-root-11-groebner-apply	root	root-11	systems/root/root.md	systems/root/txt/root_11.txt	Groebner.groebner_apply!	0.10.3	groebner_jl	1	GF(2147483647)	degrevlex		3600	32768	606	ok	0	0.003041762	3.579709	2026-05-18T03:18:01Z	2026-05-18T03:18:05Z	calcul-ouragan	Linux-6.1.0-1029-oem-x86_64-with-glibc2.35	13th Gen Intel(R) Core(TM) i9-13900	x86_64	32	64	3.10.12	results/apply_vs_axf4__snowy_sky_otter/logs/apply-root-11-groebner-apply.log	/home/ademin/.juliaup/bin/julia --startup-file=no /tmp/gbbench-groebner-jl-jpir987z/groebner_jl_worker.jl --input /home/ademin/GroebnerBenchmark/systems/root/txt/root_11.txt --field GF(2147483647) --order degrevlex --threads 1 --method groebner_apply!
apply-root-11-groebner-apply-x4	apply_vs_axf4__snowy_sky_otter	apply-root-11-groebner-apply-x4	root	root-11	systems/root/root.md	systems/root/txt/root_11.txt	Groebner.groebner_apply! x4	0.10.3	groebner_jl	1	GF(2147483647)	degrevlex		3600	32768	607	ok	0	0.00405375925	4.848786	2026-05-18T03:18:05Z	2026-05-18T03:18:10Z	calcul-ouragan	Linux-6.1.0-1029-oem-x86_64-with-glibc2.35	13th Gen Intel(R) Core(TM) i9-13900	x86_64	32	64	3.10.12	results/apply_vs_axf4__snowy_sky_otter/logs/apply-root-11-groebner-apply-x4.log	"/home/ademin/.juliaup/bin/julia --startup-file=no /tmp/gbbench-groebner-jl-jpir987z/groebner_jl_worker.jl --input /home/ademin/GroebnerBenchmark/systems/root/txt/root_11.txt --field GF(2147483647) --order degrevlex --threads 1 --method ""groebner_apply! x4"""
apply-root-11-axf4-t1	apply_vs_axf4__snowy_sky_otter	apply-root-11-axf4-t1	root	root-11	systems/root/root.md	systems/root/txt/root_11.txt	axf4 -t 1	local-copy	axf4	1	GF(2147483647)	degrevlex		3600	32768	64	ok	0	0.043989	0.043989	2026-05-18T03:18:10Z	2026-05-18T03:18:10Z	calcul-ouragan	Linux-6.1.0-1029-oem-x86_64-with-glibc2.35	13th Gen Intel(R) Core(TM) i9-13900	x86_64	32	64	3.10.12	results/apply_vs_axf4__snowy_sky_otter/logs/apply-root-11-axf4-t1.log	/home/ademin/GroebnerBenchmark/../axgrob/axf4 -p 2147483647 -v [x1,x2,x3,x4,x5,x6,x7,x8,x9,x10,x11] -t 1 /tmp/gbbench-axf4-ymmbriol/root_11.txt
apply-root-11-axf4-t8	apply_vs_axf4__snowy_sky_otter	apply-root-11-axf4-t8	root	root-11	systems/root/root.md	systems/root/txt/root_11.txt	axf4 -t 8	local-copy	axf4	8	GF(2147483647)	degrevlex		3600	32768	64	ok	0	0.047526	0.047526	2026-05-18T03:18:10Z	2026-05-18T03:18:10Z	calcul-ouragan	Linux-6.1.0-1029-oem-x86_64-with-glibc2.35	13th Gen Intel(R) Core(TM) i9-13900	x86_64	32	64	3.10.12	results/apply_vs_axf4__snowy_sky_otter/logs/apply-root-11-axf4-t8.log	/home/ademin/GroebnerBenchmark/../axgrob/axf4 -p 2147483647 -v [x1,x2,x3,x4,x5,x6,x7,x8,x9,x10,x11] -t 8 /tmp/gbbench-axf4-iriwin9z/root_11.txt
apply-root-12-groebner	apply_vs_axf4__snowy_sky_otter	apply-root-12-groebner	root	root-12	systems/root/root.md	systems/root/txt/root_12.txt	Groebner.groebner	0.10.3	groebner_jl	1	GF(2147483647)	degrevlex		3600	32768	610	ok	0	0.02247517	2.986482	2026-05-18T03:18:10Z	2026-05-18T03:18:13Z	calcul-ouragan	Linux-6.1.0-1029-oem-x86_64-with-glibc2.35	13th Gen Intel(R) Core(TM) i9-13900	x86_64	32	64	3.10.12	results/apply_vs_axf4__snowy_sky_otter/logs/apply-root-12-groebner.log	/home/ademin/.juliaup/bin/julia --startup-file=no /tmp/gbbench-groebner-jl-jpir987z/groebner_jl_worker.jl --input /home/ademin/GroebnerBenchmark/systems/root/txt/root_12.txt --field GF(2147483647) --order degrevlex --threads 1 --method groebner
apply-root-12-groebner-apply	apply_vs_axf4__snowy_sky_otter	apply-root-12-groebner-apply	root	root-12	systems/root/root.md	systems/root/txt/root_12.txt	Groebner.groebner_apply!	0.10.3	groebner_jl	1	GF(2147483647)	degrevlex		3600	32768	620	ok	0	0.01563211	3.530605	2026-05-18T03:18:13Z	2026-05-18T03:18:16Z	calcul-ouragan	Linux-6.1.0-1029-oem-x86_64-with-glibc2.35	13th Gen Intel(R) Core(TM) i9-13900	x86_64	32	64	3.10.12	results/apply_vs_axf4__snowy_sky_otter/logs/apply-root-12-groebner-apply.log	/home/ademin/.juliaup/bin/julia --startup-file=no /tmp/gbbench-groebner-jl-jpir987z/groebner_jl_worker.jl --input /home/ademin/GroebnerBenchmark/systems/root/txt/root_12.txt --field GF(2147483647) --order degrevlex --threads 1 --method groebner_apply!
apply-root-12-groebner-apply-x4	apply_vs_axf4__snowy_sky_otter	apply-root-12-groebner-apply-x4	root	root-12	systems/root/root.md	systems/root/txt/root_12.txt	Groebner.groebner_apply! x4	0.10.3	groebner_jl	1	GF(2147483647)	degrevlex		3600	32768	659	ok	0	0.0087017825	5.085669	2026-05-18T03:18:16Z	2026-05-18T03:18:21Z	calcul-ouragan	Linux-6.1.0-1029-oem-x86_64-with-glibc2.35	13th Gen Intel(R) Core(TM) i9-13900	x86_64	32	64	3.10.12	results/apply_vs_axf4__snowy_sky_otter/logs/apply-root-12-groebner-apply-x4.log	"/home/ademin/.juliaup/bin/julia --startup-file=no /tmp/gbbench-groebner-jl-jpir987z/groebner_jl_worker.jl --input /home/ademin/GroebnerBenchmark/systems/root/txt/root_12.txt --field GF(2147483647) --order degrevlex --threads 1 --method ""groebner_apply! x4"""
apply-root-12-axf4-t1	apply_vs_axf4__snowy_sky_otter	apply-root-12-axf4-t1	root	root-12	systems/root/root.md	systems/root/txt/root_12.txt	axf4 -t 1	local-copy	axf4	1	GF(2147483647)	degrevlex		3600	32768	68	ok	0	0.084204	0.084204	2026-05-18T03:18:21Z	2026-05-18T03:18:21Z	calcul-ouragan	Linux-6.1.0-1029-oem-x86_64-with-glibc2.35	13th Gen Intel(R) Core(TM) i9-13900	x86_64	32	64	3.10.12	results/apply_vs_axf4__snowy_sky_otter/logs/apply-root-12-axf4-t1.log	/home/ademin/GroebnerBenchmark/../axgrob/axf4 -p 2147483647 -v [x1,x2,x3,x4,x5,x6,x7,x8,x9,x10,x11,x12] -t 1 /tmp/gbbench-axf4-yn4vh42c/root_12.txt
apply-root-12-axf4-t8	apply_vs_axf4__snowy_sky_otter	apply-root-12-axf4-t8	root	root-12	systems/root/root.md	systems/root/txt/root_12.txt	axf4 -t 8	local-copy	axf4	8	GF(2147483647)	degrevlex		3600	32768	69	ok	0	0.086666	0.086666	2026-05-18T03:18:21Z	2026-05-18T03:18:21Z	calcul-ouragan	Linux-6.1.0-1029-oem-x86_64-with-glibc2.35	13th Gen Intel(R) Core(TM) i9-13900	x86_64	32	64	3.10.12	results/apply_vs_axf4__snowy_sky_otter/logs/apply-root-12-axf4-t8.log	/home/ademin/GroebnerBenchmark/../axgrob/axf4 -p 2147483647 -v [x1,x2,x3,x4,x5,x6,x7,x8,x9,x10,x11,x12] -t 8 /tmp/gbbench-axf4-_7tnyulr/root_12.txt
apply-rps10-groebner	apply_vs_axf4__snowy_sky_otter	apply-rps10-groebner	rps10	rps10	systems/rps10/rps10.md	systems/rps10/txt/rps10.txt	Groebner.groebner	0.10.3	groebner_jl	1	GF(2147483647)	degrevlex		3600	32768	818	ok	0	1.767632001	6.456781	2026-05-18T03:18:21Z	2026-05-18T03:18:28Z	calcul-ouragan	Linux-6.1.0-1029-oem-x86_64-with-glibc2.35	13th Gen Intel(R) Core(TM) i9-13900	x86_64	32	64	3.10.12	results/apply_vs_axf4__snowy_sky_otter/logs/apply-rps10-groebner.log	/home/ademin/.juliaup/bin/julia --startup-file=no /tmp/gbbench-groebner-jl-jpir987z/groebner_jl_worker.jl --input /home/ademin/GroebnerBenchmark/systems/rps10/txt/rps10.txt --field GF(2147483647) --order degrevlex --threads 1 --method groebner
apply-rps10-groebner-apply	apply_vs_axf4__snowy_sky_otter	apply-rps10-groebner-apply	rps10	rps10	systems/rps10/rps10.md	systems/rps10/txt/rps10.txt	Groebner.groebner_apply!	0.10.3	groebner_jl	1	GF(2147483647)	degrevlex		3600	32768	929	ok	0	1.06635793	13.985061	2026-05-18T03:18:28Z	2026-05-18T03:18:42Z	calcul-ouragan	Linux-6.1.0-1029-oem-x86_64-with-glibc2.35	13th Gen Intel(R) Core(TM) i9-13900	x86_64	32	64	3.10.12	results/apply_vs_axf4__snowy_sky_otter/logs/apply-rps10-groebner-apply.log	/home/ademin/.juliaup/bin/julia --startup-file=no /tmp/gbbench-groebner-jl-jpir987z/groebner_jl_worker.jl --input /home/ademin/GroebnerBenchmark/systems/rps10/txt/rps10.txt --field GF(2147483647) --order degrevlex --threads 1 --method groebner_apply!
apply-rps10-groebner-apply-x4	apply_vs_axf4__snowy_sky_otter	apply-rps10-groebner-apply-x4	rps10	rps10	systems/rps10/rps10.md	systems/rps10/txt/rps10.txt	Groebner.groebner_apply! x4	0.10.3	groebner_jl	1	GF(2147483647)	degrevlex		3600	32768	1602	ok	0	0.3435141425	16.085904	2026-05-18T03:18:42Z	2026-05-18T03:18:58Z	calcul-ouragan	Linux-6.1.0-1029-oem-x86_64-with-glibc2.35	13th Gen Intel(R) Core(TM) i9-13900	x86_64	32	64	3.10.12	results/apply_vs_axf4__snowy_sky_otter/logs/apply-rps10-groebner-apply-x4.log	"/home/ademin/.juliaup/bin/julia --startup-file=no /tmp/gbbench-groebner-jl-jpir987z/groebner_jl_worker.jl --input /home/ademin/GroebnerBenchmark/systems/rps10/txt/rps10.txt --field GF(2147483647) --order degrevlex --threads 1 --method ""groebner_apply! x4"""
apply-rps10-axf4-t1	apply_vs_axf4__snowy_sky_otter	apply-rps10-axf4-t1	rps10	rps10	systems/rps10/rps10.md	systems/rps10/txt/rps10.txt	axf4 -t 1	local-copy	axf4	1	GF(2147483647)	degrevlex		3600	32768	139	ok	0	3.073706	3.073706	2026-05-18T03:18:58Z	2026-05-18T03:19:01Z	calcul-ouragan	Linux-6.1.0-1029-oem-x86_64-with-glibc2.35	13th Gen Intel(R) Core(TM) i9-13900	x86_64	32	64	3.10.12	results/apply_vs_axf4__snowy_sky_otter/logs/apply-rps10-axf4-t1.log	/home/ademin/GroebnerBenchmark/../axgrob/axf4 -p 2147483647 -v [g1,g2,g3,p1,p2,p3,q0,q1,q2,q3] -t 1 /tmp/gbbench-axf4-_fiejwy7/rps10.txt
apply-rps10-axf4-t8	apply_vs_axf4__snowy_sky_otter	apply-rps10-axf4-t8	rps10	rps10	systems/rps10/rps10.md	systems/rps10/txt/rps10.txt	axf4 -t 8	local-copy	axf4	8	GF(2147483647)	degrevlex		3600	32768	153	ok	0	1.115764	1.115764	2026-05-18T03:19:01Z	2026-05-18T03:19:02Z	calcul-ouragan	Linux-6.1.0-1029-oem-x86_64-with-glibc2.35	13th Gen Intel(R) Core(TM) i9-13900	x86_64	32	64	3.10.12	results/apply_vs_axf4__snowy_sky_otter/logs/apply-rps10-axf4-t8.log	/home/ademin/GroebnerBenchmark/../axgrob/axf4 -p 2147483647 -v [g1,g2,g3,p1,p2,p3,q0,q1,q2,q3] -t 8 /tmp/gbbench-axf4-1ik37skk/rps10.txt
apply-s9_1-groebner	apply_vs_axf4__snowy_sky_otter	apply-s9_1-groebner	s9_1	s9_1	systems/s9_1/s9_1.md	systems/s9_1/txt/s9_1.txt	Groebner.groebner	0.10.3	groebner_jl	1	GF(2147483647)	degrevlex		3600	32768	591	ok	0	0.000235256	2.832426	2026-05-18T03:19:02Z	2026-05-18T03:19:05Z	calcul-ouragan	Linux-6.1.0-1029-oem-x86_64-with-glibc2.35	13th Gen Intel(R) Core(TM) i9-13900	x86_64	32	64	3.10.12	results/apply_vs_axf4__snowy_sky_otter/logs/apply-s9_1-groebner.log	/home/ademin/.juliaup/bin/julia --startup-file=no /tmp/gbbench-groebner-jl-jpir987z/groebner_jl_worker.jl --input /home/ademin/GroebnerBenchmark/systems/s9_1/txt/s9_1.txt --field GF(2147483647) --order degrevlex --threads 1 --method groebner
apply-s9_1-groebner-apply	apply_vs_axf4__snowy_sky_otter	apply-s9_1-groebner-apply	s9_1	s9_1	systems/s9_1/s9_1.md	systems/s9_1/txt/s9_1.txt	Groebner.groebner_apply!	0.10.3	groebner_jl	1	GF(2147483647)	degrevlex		3600	32768	590	ok	0	0.000112837	3.464945	2026-05-18T03:19:05Z	2026-05-18T03:19:09Z	calcul-ouragan	Linux-6.1.0-1029-oem-x86_64-with-glibc2.35	13th Gen Intel(R) Core(TM) i9-13900	x86_64	32	64	3.10.12	results/apply_vs_axf4__snowy_sky_otter/logs/apply-s9_1-groebner-apply.log	/home/ademin/.juliaup/bin/julia --startup-file=no /tmp/gbbench-groebner-jl-jpir987z/groebner_jl_worker.jl --input /home/ademin/GroebnerBenchmark/systems/s9_1/txt/s9_1.txt --field GF(2147483647) --order degrevlex --threads 1 --method groebner_apply!
apply-s9_1-groebner-apply-x4	apply_vs_axf4__snowy_sky_otter	apply-s9_1-groebner-apply-x4	s9_1	s9_1	systems/s9_1/s9_1.md	systems/s9_1/txt/s9_1.txt	Groebner.groebner_apply! x4	0.10.3	groebner_jl	1	GF(2147483647)	degrevlex		3600	32768	600	ok	0	0.00313551875	4.736734	2026-05-18T03:19:09Z	2026-05-18T03:19:13Z	calcul-ouragan	Linux-6.1.0-1029-oem-x86_64-with-glibc2.35	13th Gen Intel(R) Core(TM) i9-13900	x86_64	32	64	3.10.12	results/apply_vs_axf4__snowy_sky_otter/logs/apply-s9_1-groebner-apply-x4.log	"/home/ademin/.juliaup/bin/julia --startup-file=no /tmp/gbbench-groebner-jl-jpir987z/groebner_jl_worker.jl --input /home/ademin/GroebnerBenchmark/systems/s9_1/txt/s9_1.txt --field GF(2147483647) --order degrevlex --threads 1 --method ""groebner_apply! x4"""
apply-s9_1-axf4-t1	apply_vs_axf4__snowy_sky_otter	apply-s9_1-axf4-t1	s9_1	s9_1	systems/s9_1/s9_1.md	systems/s9_1/txt/s9_1.txt	axf4 -t 1	local-copy	axf4	1	GF(2147483647)	degrevlex		3600	32768	44	ok	0	0.017386	0.017386	2026-05-18T03:19:13Z	2026-05-18T03:19:13Z	calcul-ouragan	Linux-6.1.0-1029-oem-x86_64-with-glibc2.35	13th Gen Intel(R) Core(TM) i9-13900	x86_64	32	64	3.10.12	results/apply_vs_axf4__snowy_sky_otter/logs/apply-s9_1-axf4-t1.log	/home/ademin/GroebnerBenchmark/../axgrob/axf4 -p 2147483647 -v [x1,x2,x3,x4,x5,x6,x7,x8] -t 1 /tmp/gbbench-axf4-yznrdul3/s9_1.txt
apply-s9_1-axf4-t8	apply_vs_axf4__snowy_sky_otter	apply-s9_1-axf4-t8	s9_1	s9_1	systems/s9_1/s9_1.md	systems/s9_1/txt/s9_1.txt	axf4 -t 8	local-copy	axf4	8	GF(2147483647)	degrevlex		3600	32768	44	ok	0	0.019311	0.019311	2026-05-18T03:19:13Z	2026-05-18T03:19:13Z	calcul-ouragan	Linux-6.1.0-1029-oem-x86_64-with-glibc2.35	13th Gen Intel(R) Core(TM) i9-13900	x86_64	32	64	3.10.12	results/apply_vs_axf4__snowy_sky_otter/logs/apply-s9_1-axf4-t8.log	/home/ademin/GroebnerBenchmark/../axgrob/axf4 -p 2147483647 -v [x1,x2,x3,x4,x5,x6,x7,x8] -t 8 /tmp/gbbench-axf4-sokr8rrp/s9_1.txt
apply-schwarz11-groebner	apply_vs_axf4__snowy_sky_otter	apply-schwarz11-groebner	schwarz11	schwarz11	systems/schwarz11/schwarz11.md	systems/schwarz11/txt/schwarz11.txt	Groebner.groebner	0.10.3	groebner_jl	1	GF(2147483647)	degrevlex		3600	32768	586	ok	0	0.101487409	2.968313	2026-05-18T03:19:13Z	2026-05-18T03:19:16Z	calcul-ouragan	Linux-6.1.0-1029-oem-x86_64-with-glibc2.35	13th Gen Intel(R) Core(TM) i9-13900	x86_64	32	64	3.10.12	results/apply_vs_axf4__snowy_sky_otter/logs/apply-schwarz11-groebner.log	/home/ademin/.juliaup/bin/julia --startup-file=no /tmp/gbbench-groebner-jl-jpir987z/groebner_jl_worker.jl --input /home/ademin/GroebnerBenchmark/systems/schwarz11/txt/schwarz11.txt --field GF(2147483647) --order degrevlex --threads 1 --method groebner
apply-schwarz11-groebner-apply	apply_vs_axf4__snowy_sky_otter	apply-schwarz11-groebner-apply	schwarz11	schwarz11	systems/schwarz11/schwarz11.md	systems/schwarz11/txt/schwarz11.txt	Groebner.groebner_apply!	0.10.3	groebner_jl	1	GF(2147483647)	degrevlex		3600	32768	600	ok	0	0.019679992	3.537266	2026-05-18T03:19:16Z	2026-05-18T03:19:20Z	calcul-ouragan	Linux-6.1.0-1029-oem-x86_64-with-glibc2.35	13th Gen Intel(R) Core(TM) i9-13900	x86_64	32	64	3.10.12	results/apply_vs_axf4__snowy_sky_otter/logs/apply-schwarz11-groebner-apply.log	/home/ademin/.juliaup/bin/julia --startup-file=no /tmp/gbbench-groebner-jl-jpir987z/groebner_jl_worker.jl --input /home/ademin/GroebnerBenchmark/systems/schwarz11/txt/schwarz11.txt --field GF(2147483647) --order degrevlex --threads 1 --method groebner_apply!
apply-schwarz11-groebner-apply-x4	apply_vs_axf4__snowy_sky_otter	apply-schwarz11-groebner-apply-x4	schwarz11	schwarz11	systems/schwarz11/schwarz11.md	systems/schwarz11/txt/schwarz11.txt	Groebner.groebner_apply! x4	0.10.3	groebner_jl	1	GF(2147483647)	degrevlex		3600	32768	650	ok	0	0.0087516895	4.933152	2026-05-18T03:19:20Z	2026-05-18T03:19:25Z	calcul-ouragan	Linux-6.1.0-1029-oem-x86_64-with-glibc2.35	13th Gen Intel(R) Core(TM) i9-13900	x86_64	32	64	3.10.12	results/apply_vs_axf4__snowy_sky_otter/logs/apply-schwarz11-groebner-apply-x4.log	"/home/ademin/.juliaup/bin/julia --startup-file=no /tmp/gbbench-groebner-jl-jpir987z/groebner_jl_worker.jl --input /home/ademin/GroebnerBenchmark/systems/schwarz11/txt/schwarz11.txt --field GF(2147483647) --order degrevlex --threads 1 --method ""groebner_apply! x4"""
apply-schwarz11-axf4-t1	apply_vs_axf4__snowy_sky_otter	apply-schwarz11-axf4-t1	schwarz11	schwarz11	systems/schwarz11/schwarz11.md	systems/schwarz11/txt/schwarz11.txt	axf4 -t 1	local-copy	axf4	1	GF(2147483647)	degrevlex		3600	32768	72	ok	0	0.276360	0.276360	2026-05-18T03:19:25Z	2026-05-18T03:19:25Z	calcul-ouragan	Linux-6.1.0-1029-oem-x86_64-with-glibc2.35	13th Gen Intel(R) Core(TM) i9-13900	x86_64	32	64	3.10.12	results/apply_vs_axf4__snowy_sky_otter/logs/apply-schwarz11-axf4-t1.log	/home/ademin/GroebnerBenchmark/../axgrob/axf4 -p 2147483647 -v [x1,x2,x3,x4,x5,x6,x7,x8,x9,x10,x11] -t 1 /tmp/gbbench-axf4-qhxc47cs/schwarz11.txt
apply-schwarz11-axf4-t8	apply_vs_axf4__snowy_sky_otter	apply-schwarz11-axf4-t8	schwarz11	schwarz11	systems/schwarz11/schwarz11.md	systems/schwarz11/txt/schwarz11.txt	axf4 -t 8	local-copy	axf4	8	GF(2147483647)	degrevlex		3600	32768	77	ok	0	0.165711	0.165711	2026-05-18T03:19:25Z	2026-05-18T03:19:25Z	calcul-ouragan	Linux-6.1.0-1029-oem-x86_64-with-glibc2.35	13th Gen Intel(R) Core(TM) i9-13900	x86_64	32	64	3.10.12	results/apply_vs_axf4__snowy_sky_otter/logs/apply-schwarz11-axf4-t8.log	/home/ademin/GroebnerBenchmark/../axgrob/axf4 -p 2147483647 -v [x1,x2,x3,x4,x5,x6,x7,x8,x9,x10,x11] -t 8 /tmp/gbbench-axf4-6gm8e3kp/schwarz11.txt
apply-seir36-groebner	apply_vs_axf4__snowy_sky_otter	apply-seir36-groebner	seir36	seir36	systems/seir36/seir36.md	systems/seir36/txt/seir36.txt	Groebner.groebner	0.10.3	groebner_jl	1	GF(2147483647)	degrevlex		3600	32768	623	ok	0	0.014647432	3.548973	2026-05-18T03:19:25Z	2026-05-18T03:19:29Z	calcul-ouragan	Linux-6.1.0-1029-oem-x86_64-with-glibc2.35	13th Gen Intel(R) Core(TM) i9-13900	x86_64	32	64	3.10.12	results/apply_vs_axf4__snowy_sky_otter/logs/apply-seir36-groebner.log	/home/ademin/.juliaup/bin/julia --startup-file=no /tmp/gbbench-groebner-jl-jpir987z/groebner_jl_worker.jl --input /home/ademin/GroebnerBenchmark/systems/seir36/txt/seir36.txt --field GF(2147483647) --order degrevlex --threads 1 --method groebner
apply-seir36-groebner-apply	apply_vs_axf4__snowy_sky_otter	apply-seir36-groebner-apply	seir36	seir36	systems/seir36/seir36.md	systems/seir36/txt/seir36.txt	Groebner.groebner_apply!	0.10.3	groebner_jl	1	GF(2147483647)	degrevlex		3600	32768	619	ok	0	0.001313261	4.321619	2026-05-18T03:19:29Z	2026-05-18T03:19:33Z	calcul-ouragan	Linux-6.1.0-1029-oem-x86_64-with-glibc2.35	13th Gen Intel(R) Core(TM) i9-13900	x86_64	32	64	3.10.12	results/apply_vs_axf4__snowy_sky_otter/logs/apply-seir36-groebner-apply.log	/home/ademin/.juliaup/bin/julia --startup-file=no /tmp/gbbench-groebner-jl-jpir987z/groebner_jl_worker.jl --input /home/ademin/GroebnerBenchmark/systems/seir36/txt/seir36.txt --field GF(2147483647) --order degrevlex --threads 1 --method groebner_apply!
apply-seir36-groebner-apply-x4	apply_vs_axf4__snowy_sky_otter	apply-seir36-groebner-apply-x4	seir36	seir36	systems/seir36/seir36.md	systems/seir36/txt/seir36.txt	Groebner.groebner_apply! x4	0.10.3	groebner_jl	1	GF(2147483647)	degrevlex		3600	32768	662	ok	0	0.003716182	5.572588	2026-05-18T03:19:33Z	2026-05-18T03:19:39Z	calcul-ouragan	Linux-6.1.0-1029-oem-x86_64-with-glibc2.35	13th Gen Intel(R) Core(TM) i9-13900	x86_64	32	64	3.10.12	results/apply_vs_axf4__snowy_sky_otter/logs/apply-seir36-groebner-apply-x4.log	"/home/ademin/.juliaup/bin/julia --startup-file=no /tmp/gbbench-groebner-jl-jpir987z/groebner_jl_worker.jl --input /home/ademin/GroebnerBenchmark/systems/seir36/txt/seir36.txt --field GF(2147483647) --order degrevlex --threads 1 --method ""groebner_apply! x4"""
apply-seir36-axf4-t1	apply_vs_axf4__snowy_sky_otter	apply-seir36-axf4-t1	seir36	seir36	systems/seir36/seir36.md	systems/seir36/txt/seir36.txt	axf4 -t 1	local-copy	axf4	1	GF(2147483647)	degrevlex		3600	32768	292	ok	0	0.171955	0.171955	2026-05-18T03:19:39Z	2026-05-18T03:19:39Z	calcul-ouragan	Linux-6.1.0-1029-oem-x86_64-with-glibc2.35	13th Gen Intel(R) Core(TM) i9-13900	x86_64	32	64	3.10.12	results/apply_vs_axf4__snowy_sky_otter/logs/apply-seir36-axf4-t1.log	/home/ademin/GroebnerBenchmark/../axgrob/axf4 -p 2147483647 -v [De_0,De_1,De_2,De_3,De_4,De_5,De_6,De_7,Di_0,Di_1,Di_2,Di_3,Di_4,Di_5,E_0,E_1,E_2,E_3,E_4,E_5,E_6,F_0,F_1,F_2,F_3,F_4,F_5,F_6,I_0,I_1,I_2,I_3,I_4,I_5,N_0,N_1,N_2,N_3,N_4,N_5,S_0,S_1,S_2,S_3,S_4,S_5,beta_0,beta_d_0,gamma_0,gamma_d_0,mu_0_0,mu_d_0,mu_i_0,nu_0,nu_1,nu_2,nu_3,nu_4,phi_0,phi_e_0,q_0,q_1,q_2,q_3,q_4,q_5,s_0,s_d_0] -t 1 /tmp/gbbench-axf4-053rl26_/seir36.txt
apply-seir36-axf4-t8	apply_vs_axf4__snowy_sky_otter	apply-seir36-axf4-t8	seir36	seir36	systems/seir36/seir36.md	systems/seir36/txt/seir36.txt	axf4 -t 8	local-copy	axf4	8	GF(2147483647)	degrevlex		3600	32768	292	ok	0	0.156042	0.156042	2026-05-18T03:19:39Z	2026-05-18T03:19:39Z	calcul-ouragan	Linux-6.1.0-1029-oem-x86_64-with-glibc2.35	13th Gen Intel(R) Core(TM) i9-13900	x86_64	32	64	3.10.12	results/apply_vs_axf4__snowy_sky_otter/logs/apply-seir36-axf4-t8.log	/home/ademin/GroebnerBenchmark/../axgrob/axf4 -p 2147483647 -v [De_0,De_1,De_2,De_3,De_4,De_5,De_6,De_7,Di_0,Di_1,Di_2,Di_3,Di_4,Di_5,E_0,E_1,E_2,E_3,E_4,E_5,E_6,F_0,F_1,F_2,F_3,F_4,F_5,F_6,I_0,I_1,I_2,I_3,I_4,I_5,N_0,N_1,N_2,N_3,N_4,N_5,S_0,S_1,S_2,S_3,S_4,S_5,beta_0,beta_d_0,gamma_0,gamma_d_0,mu_0_0,mu_d_0,mu_i_0,nu_0,nu_1,nu_2,nu_3,nu_4,phi_0,phi_e_0,q_0,q_1,q_2,q_3,q_4,q_5,s_0,s_d_0] -t 8 /tmp/gbbench-axf4-z1l4c1ug/seir36.txt
apply-yang1-groebner	apply_vs_axf4__snowy_sky_otter	apply-yang1-groebner	yang1	yang1	systems/yang1/yang1.md	systems/yang1/txt/yang1.txt	Groebner.groebner	0.10.3	groebner_jl	1	GF(2147483647)	degrevlex		3600	32768	1454	ok	0	10.275338576	23.771326	2026-05-18T03:19:39Z	2026-05-18T03:20:03Z	calcul-ouragan	Linux-6.1.0-1029-oem-x86_64-with-glibc2.35	13th Gen Intel(R) Core(TM) i9-13900	x86_64	32	64	3.10.12	results/apply_vs_axf4__snowy_sky_otter/logs/apply-yang1-groebner.log	/home/ademin/.juliaup/bin/julia --startup-file=no /tmp/gbbench-groebner-jl-jpir987z/groebner_jl_worker.jl --input /home/ademin/GroebnerBenchmark/systems/yang1/txt/yang1.txt --field GF(2147483647) --order degrevlex --threads 1 --method groebner
apply-yang1-groebner-apply	apply_vs_axf4__snowy_sky_otter	apply-yang1-groebner-apply	yang1	yang1	systems/yang1/yang1.md	systems/yang1/txt/yang1.txt	Groebner.groebner_apply!	0.10.3	groebner_jl	1	GF(2147483647)	degrevlex		3600	32768	1308	ok	0	0.566401548	45.731112	2026-05-18T03:20:03Z	2026-05-18T03:20:49Z	calcul-ouragan	Linux-6.1.0-1029-oem-x86_64-with-glibc2.35	13th Gen Intel(R) Core(TM) i9-13900	x86_64	32	64	3.10.12	results/apply_vs_axf4__snowy_sky_otter/logs/apply-yang1-groebner-apply.log	/home/ademin/.juliaup/bin/julia --startup-file=no /tmp/gbbench-groebner-jl-jpir987z/groebner_jl_worker.jl --input /home/ademin/GroebnerBenchmark/systems/yang1/txt/yang1.txt --field GF(2147483647) --order degrevlex --threads 1 --method groebner_apply!
apply-yang1-groebner-apply-x4	apply_vs_axf4__snowy_sky_otter	apply-yang1-groebner-apply-x4	yang1	yang1	systems/yang1/yang1.md	systems/yang1/txt/yang1.txt	Groebner.groebner_apply! x4	0.10.3	groebner_jl	1	GF(2147483647)	degrevlex		3600	32768	1421	ok	0	0.3336707335	48.392472	2026-05-18T03:20:49Z	2026-05-18T03:21:37Z	calcul-ouragan	Linux-6.1.0-1029-oem-x86_64-with-glibc2.35	13th Gen Intel(R) Core(TM) i9-13900	x86_64	32	64	3.10.12	results/apply_vs_axf4__snowy_sky_otter/logs/apply-yang1-groebner-apply-x4.log	"/home/ademin/.juliaup/bin/julia --startup-file=no /tmp/gbbench-groebner-jl-jpir987z/groebner_jl_worker.jl --input /home/ademin/GroebnerBenchmark/systems/yang1/txt/yang1.txt --field GF(2147483647) --order degrevlex --threads 1 --method ""groebner_apply! x4"""
apply-yang1-axf4-t1	apply_vs_axf4__snowy_sky_otter	apply-yang1-axf4-t1	yang1	yang1	systems/yang1/yang1.md	systems/yang1/txt/yang1.txt	axf4 -t 1	local-copy	axf4	1	GF(2147483647)	degrevlex		3600	32768	831	ok	0	69.628428	69.628428	2026-05-18T03:21:37Z	2026-05-18T03:22:47Z	calcul-ouragan	Linux-6.1.0-1029-oem-x86_64-with-glibc2.35	13th Gen Intel(R) Core(TM) i9-13900	x86_64	32	64	3.10.12	results/apply_vs_axf4__snowy_sky_otter/logs/apply-yang1-axf4-t1.log	/home/ademin/GroebnerBenchmark/../axgrob/axf4 -p 2147483647 -v [x1,x2,x3,x4,x5,x6,x7,x8,x9,x10,x11,x12,x13,x14,x15,x16,x17,x18,x19,x20,x21,x22,x23,x24,x25,x26,x27,x28,x29,x30,x31,x32,x33,x34,x35,x36,x37,x38,x39,x40,x41,x42,x43,x44,x45,x46,x47,x48] -t 1 /tmp/gbbench-axf4-ml51xsxu/yang1.txt
apply-yang1-axf4-t8	apply_vs_axf4__snowy_sky_otter	apply-yang1-axf4-t8	yang1	yang1	systems/yang1/yang1.md	systems/yang1/txt/yang1.txt	axf4 -t 8	local-copy	axf4	8	GF(2147483647)	degrevlex		3600	32768	862	ok	0	26.850774	26.850774	2026-05-18T03:22:47Z	2026-05-18T03:23:13Z	calcul-ouragan	Linux-6.1.0-1029-oem-x86_64-with-glibc2.35	13th Gen Intel(R) Core(TM) i9-13900	x86_64	32	64	3.10.12	results/apply_vs_axf4__snowy_sky_otter/logs/apply-yang1-axf4-t8.log	/home/ademin/GroebnerBenchmark/../axgrob/axf4 -p 2147483647 -v [x1,x2,x3,x4,x5,x6,x7,x8,x9,x10,x11,x12,x13,x14,x15,x16,x17,x18,x19,x20,x21,x22,x23,x24,x25,x26,x27,x28,x29,x30,x31,x32,x33,x34,x35,x36,x37,x38,x39,x40,x41,x42,x43,x44,x45,x46,x47,x48] -t 8 /tmp/gbbench-axf4-0aik5szx/yang1.txt
